campaign_id,date,platform,ad_format,target_audience,budget_usd,impressions,clicks,ctr,conversions,cost_per_click,cost_per_conversion,revenue,roas
1,2024-07-01,Facebook,video,25-34,99.9,6091,41,0.0068,0,2.44,,0.0,0.0
2,2024-07-01,Facebook,carousel,25-34,228.59,4168,72,0.0175,0,3.17,,0,0.0
3,2024-07-01,Facebook,video,45-54,206.03,15720,160,0.0102,5,1.29,41.21,50,0.24
4,2024-07-01,Instagram,search,25-34,107.74,7802,95,0.0122,1,1.13,107.74,34.44,0.32
5,2024-07-01,TikTok,search,55+,134.93,7827,169,0.0217,5,0.8,26.99,299.65,2.22
6,2024-07-01,TikTok,story,55+,20,843,17,0.0202,0,1.18,,0.0,0.0
7,2024-07-01,TikTok,video,35-44,267.06,14969,332,0.0222,6,0.8,44.51,433.38,1.62
8,2024-07-01,LinkedIn,video,35-44,182.03,10085,10,0.001,0,18.2,,0.0,0.0
9,2024-07-02,Google,search,45-54,219.12,14236,622,0.0437,13,0.35,16.86,736.17,3.36
10,2024-07-02,Google,carousel,35-44,133.81,16136,531,0.0329,16,0.25,8.36,518.32,3.87
11,2024-07-02,Google,display,45-54,72.12,3987,155,0.039,0,0.47,,0.0,0.0
12,2024-07-02,Facebook,search,35-44,208.69,22331,347,0.0156,13,0.6,16.05,1039.97,4.98
13,2024-07-02,Facebook,search,25-34,204.81,19583,146,0.0075,3,1.4,68.27,291.01,1.42
14,2024-07-02,Facebook,story,18-24,238.81,19746,125,0.0063,0,1.91,,0.0,0.0
15,2024-07-02,TikTok,display,45-54,45.27,2806,59,0.0214,2,0.77,22.64,179.99,3.98
16,2024-07-02,TikTok,search,35-44,261.32,15581,407,0.0262,16,0.64,16.33,610.18,2.33
17,2024-07-02,LinkedIn,video,25-34,151.1,6081,122,0.0202,6,1.24,25.18,482.54,3.19
18,2024-07-03,Google,display,18-24,161.56,1853,64,0.0346,1,2.52,161.56,72.47,0.45
19,2024-07-03,Facebook,video,25-34,122.79,11567,154,0.0134,2,0.8,61.4,101.06,0.82
20,2024-07-03,Facebook,display,25-34,192.83,8323,123,0.0148,3,1.57,64.28,258.03,1.34
21,2024-07-03,Facebook,search,25-34,124.14,13310,70,0.0053,4,1.77,31.04,118.14,0.95
22,2024-07-03,Instagram,story,18-24,225.17,10293,270,0.0263,3,0.83,75.06,30,0.13
23,2024-07-03,LinkedIn,story,35-44,29.47,2752,25,0.0094,1,1.18,29.47,26.58,0.9
24,2024-07-04,Google,story,25-34,69.41,3870,159,0.0412,5,0.44,13.88,601.09,8.66
25,2024-07-04,Facebook,carousel,55+,178.64,10951,102,0.0093,0,1.75,,0.0,0.0
26,2024-07-04,Facebook,display,45-54,54.09,1796,15,0.0084,0,3.61,,0.0,0.0
27,2024-07-04,Instagram,search,45-54,118.94,5986,39,0.0066,1,3.05,118.94,66.77,0.56
28,2024-07-04,Instagram,story,18-24,92.2,6799,122,0.018,2,0.76,46.1,61.86,0.67
29,2024-07-04,TikTok,display,35-44,25.65,943,18,0.0196,0,1.42,,0.0,0.0
30,2024-07-04,TikTok,video,35-44,67.67,2013,31,0.0154,1,2.18,67.67,78.55,1.16
31,2024-07-04,TikTok,display,18-24,72.15,2276,41,0.0181,1,1.76,72.15,93.64,1.3
32,2024-07-04,LinkedIn,story,45-54,172.63,11372,71,0.0063,4,2.43,43.16,224.74,1.3
33,2024-07-04,LinkedIn,carousel,35-44,133.53,8990,168,0.0188,2,0.79,66.77,118.41,0.89
34,2024-07-05,Google,story,25-34,41.6,2655,124,0.0468,2,0.34,20.8,155.45,3.74
35,2024-07-05,Google,video,45-54,127.75,3524,116,0.0329,2,1.1,63.88,97.33,0.76
36,2024-07-05,Instagram,story,45-54,76.53,6845,97,0.0142,0,0.79,,0.0,0.0
37,2024-07-05,TikTok,story,35-44,182.93,16421,404,0.0246,15,0.45,12.2,1022.57,5.59
38,2024-07-05,TikTok,story,35-44,217.0,12167,289,0.0238,13,0.75,16.69,676.36,3.12
39,2024-07-06,Google,video,25-34,109.6,5946,137,0.0231,3,0.8,36.53,253.75,2.32
40,2024-07-06,Google,display,55+,258.33,13867,491,0.0354,21,0.53,12.3,1642.84,6.36
41,2024-07-06,Facebook,carousel,25-34,109.11,6996,91,0.0131,1,1.2,109.11,99.11,0.91
42,2024-07-07,Google,search,55+,20,1140,32,0.0282,2,0.62,10.0,123.13,6.16
43,2024-07-07,Facebook,video,55+,204.61,17198,338,0.0197,3,0.61,68.2,156.3,0.76
44,2024-07-07,Facebook,search,25-34,122.71,3538,5,0.0016,0,24.54,,0.0,0.0
45,2024-07-07,Instagram,carousel,25-34,20,1181,12,0.0105,0,1.67,,0.0,0.0
46,2024-07-07,Instagram,display,35-44,134.88,2629,48,0.0184,1,2.81,134.88,23.69,0.18
47,2024-07-07,Instagram,display,35-44,353.25,16327,139,0.0085,3,2.54,117.75,97.65,0.28
48,2024-07-07,TikTok,video,35-44,285.69,21829,284,0.013,9,1.01,31.74,478.0,1.67
49,2024-07-07,LinkedIn,video,18-24,20,410,3,0.0076,0,6.67,,0.0,0.0
50,2024-07-07,LinkedIn,search,45-54,53.74,2199,19,0.009,1,2.83,53.74,96.57,1.8
51,2024-07-07,LinkedIn,carousel,18-24,174.44,7108,39,0.0055,1,4.47,174.44,48.14,0.28
52,2024-07-08,Google,carousel,45-54,135.45,11968,492,0.0411,0,0.28,,0.0,0.0
53,2024-07-08,Google,search,35-44,213.67,8713,385,0.0442,15,0.55,14.24,607.05,2.84
54,2024-07-08,Google,display,18-24,174.31,13322,455,0.0342,12,0.38,14.53,120,0.69
55,2024-07-08,Facebook,carousel,45-54,247.0,19231,200,0.0104,1,1.24,247.0,67.99,0.28
56,2024-07-08,Facebook,story,18-24,390.53,37581,581,0.0155,9,0.67,43.39,575.32,1.47
57,2024-07-08,TikTok,display,35-44,156.35,12736,164,0.0129,6,0.95,26.06,203.57,1.3
58,2024-07-09,Google,display,25-34,208.07,13366,446,0.0334,18,0.47,11.56,1756.61,8.44
59,2024-07-09,Google,carousel,25-34,94.28,7426,271,0.0366,8,0.35,11.79,752.78,7.98
60,2024-07-09,Facebook,video,18-24,38.76,3999,62,0.0156,1,0.63,38.76,112.63,2.91
61,2024-07-09,Facebook,story,18-24,120.66,8680,132,0.0153,1,0.91,120.66,49.37,0.41
62,2024-07-09,LinkedIn,carousel,55+,217.12,9092,168,0.0186,5,1.29,43.42,196.67,0.91
63,2024-07-09,LinkedIn,story,25-34,106.54,8276,54,0.0066,1,1.97,106.54,49.34,0.46
64,2024-07-10,Google,video,55+,84.93,8872,266,0.03,4,0.32,21.23,152.54,1.8
65,2024-07-10,Google,search,25-34,148.66,8868,239,0.027,4,0.62,37.16,512.46,3.45
66,2024-07-10,Google,search,45-54,20,1898,64,0.034,0,0.31,,0.0,0.0
67,2024-07-10,Facebook,video,25-34,75.49,5367,84,0.0157,2,0.9,37.74,160.4,2.12
68,2024-07-10,Facebook,display,18-24,74.84,7460,113,0.0153,2,0.66,37.42,29.11,0.39
69,2024-07-10,Facebook,video,45-54,168.83,19555,196,0.0101,3,0.86,56.28,122.15,0.72
70,2024-07-10,Instagram,carousel,45-54,153.04,10371,184,0.0178,8,0.83,19.13,674.82,4.41
71,2024-07-10,Instagram,carousel,45-54,114.66,5157,76,0.0148,2,1.51,57.33,82.99,0.72
72,2024-07-10,TikTok,video,18-24,53.05,3929,50,0.0129,0,1.06,,0.0,0.0
73,2024-07-11,Google,video,35-44,59.83,4589,176,0.0385,5,0.34,11.97,346.45,5.79
74,2024-07-11,Google,carousel,55+,126.73,6939,280,0.0405,12,0.45,10.56,389.69,3.07
75,2024-07-11,TikTok,video,18-24,193.24,3279,59,0.0182,2,3.28,96.62,155.45,0.8
76,2024-07-11,TikTok,story,55+,189.98,12497,230,0.0184,8,0.83,23.75,1016.13,5.35
77,2024-07-12,Facebook,carousel,25-34,184.01,5065,76,0.0151,2,2.42,92.0,123.14,0.67
78,2024-07-12,Instagram,search,55+,98.57,6914,82,0.0119,1,1.2,98.57,91.17,0.92
79,2024-07-12,Instagram,search,55+,148.85,10827,209,0.0194,5,0.71,29.77,287.05,1.93
80,2024-07-12,Instagram,story,45-54,97.06,4975,80,0.0162,2,1.21,48.53,20,0.21
81,2024-07-12,TikTok,carousel,55+,96.37,5493,105,0.0192,2,0.92,48.19,173.54,1.8
82,2024-07-12,TikTok,carousel,18-24,59.73,5227,107,0.0206,1,0.56,59.73,42.43,0.71
83,2024-07-12,LinkedIn,story,55+,99.19,3181,15,0.0048,0,6.61,,0.0,0.0
84,2024-07-12,LinkedIn,story,35-44,20,1489,5,0.004,0,4.0,,0.0,0.0
85,2024-07-12,LinkedIn,carousel,45-54,242.42,18414,280,0.0152,11,0.87,22.04,964.67,3.98
86,2024-07-13,Google,display,45-54,292.73,9968,406,0.0408,2,0.72,146.37,182.86,0.62
87,2024-07-13,Facebook,carousel,45-54,59.18,1037,11,0.0106,0,5.38,,0.0,0.0
88,2024-07-13,Facebook,display,25-34,154.29,9521,93,0.0099,2,1.66,77.14,174.8,1.13
89,2024-07-13,Facebook,video,35-44,147.1,4952,39,0.0081,0,3.77,,0.0,0.0
90,2024-07-13,TikTok,video,25-34,69.29,3114,44,0.0142,1,1.57,69.29,17.86,0.26
91,2024-07-13,LinkedIn,story,25-34,177.5,4561,56,0.0124,2,3.17,88.75,111.24,0.63
92,2024-07-14,Instagram,search,18-24,53.31,3169,42,0.0134,1,1.27,53.31,29.05,0.54
93,2024-07-14,TikTok,story,25-34,151.58,8316,120,0.0144,2,1.26,75.79,95.32,0.63
94,2024-07-14,TikTok,story,55+,115.3,3888,82,0.0212,1,1.41,115.3,10,0.09
95,2024-07-14,TikTok,video,25-34,78.8,2626,37,0.0144,0,2.13,,0.0,0.0
96,2024-07-14,LinkedIn,video,25-34,55.57,5256,49,0.0094,1,1.13,55.57,55.03,0.99
97,2024-07-14,LinkedIn,carousel,25-34,134.25,5904,96,0.0164,0,1.4,,0.0,0.0
98,2024-07-14,LinkedIn,story,45-54,102.81,8367,90,0.0108,3,1.14,34.27,146.48,1.42
99,2024-07-15,Google,display,25-34,116.43,10818,368,0.0341,18,0.32,6.47,1223.4,10.51
100,2024-07-16,Google,display,18-24,256.55,11040,414,0.0375,10,0.62,25.66,102.4,0.4
101,2024-07-16,Google,story,45-54,163.99,5697,183,0.0322,2,0.9,82.0,,1.24
102,2024-07-16,Instagram,search,18-24,95.34,7233,28,0.004,0,3.41,,0.0,0.0
103,2024-07-16,Instagram,display,35-44,201.04,9558,109,0.0115,6,1.84,33.51,575.31,2.86
104,2024-07-16,TikTok,story,55+,297.28,16325,352,0.0216,7,0.84,42.47,405.08,1.36
105,2024-07-16,TikTok,carousel,45-54,206.17,16492,232,0.0141,6,0.89,34.36,750.22,3.64
106,2024-07-16,LinkedIn,display,45-54,26.67,2827,30,0.0107,0,0.89,,0.0,0.0
107,2024-07-17,Google,search,35-44,267.36,9229,358,0.0389,2,0.75,133.68,59.06,0.22
108,2024-07-17,Google,story,35-44,302.58,28824,948,0.0329,9,0.32,33.62,,1.58
109,2024-07-17,Google,search,45-54,66.17,5026,200,0.0399,4,0.33,16.54,146.08,2.21
110,2024-07-17,Instagram,video,25-34,100.85,2392,23,0.0097,0,4.38,,0.0,0.0
111,2024-07-17,Instagram,story,45-54,112.02,5275,54,0.0103,1,2.07,112.02,69.78,0.62
112,2024-07-17,Instagram,display,45-54,142.3,5718,63,0.0111,2,2.26,71.15,180.28,1.27
113,2024-07-17,LinkedIn,video,25-34,232.2,14956,41,0.0027,0,5.66,,0.0,0.0
114,2024-07-18,Facebook,story,55+,256.94,21499,340,0.0158,14,0.76,18.35,1219.9,4.75
115,2024-07-18,Facebook,display,55+,237.72,15718,388,0.0247,8,0.61,29.71,316.75,1.33
116,2024-07-18,Facebook,video,25-34,175.24,11997,152,0.0127,7,1.15,25.03,331.01,1.89
117,2024-07-18,Instagram,story,18-24,194.76,15971,250,0.0157,8,0.78,24.34,368.75,1.89
118,2024-07-18,Instagram,display,18-24,165.07,9724,208,0.0214,10,0.79,16.51,1336.64,8.1
119,2024-07-18,Instagram,search,45-54,137.87,5820,116,0.02,4,1.19,34.47,420.72,3.05
120,2024-07-18,TikTok,video,35-44,112.86,9507,104,0.011,5,1.09,22.57,330.39,2.93
121,2024-07-18,LinkedIn,video,55+,182.88,11845,51,0.0044,3,3.59,60.96,227.99,1.25
122,2024-07-19,Google,carousel,25-34,58.07,3772,111,0.0296,1,0.52,58.07,50.37,0.87
123,2024-07-19,Google,search,55+,83.61,5082,192,0.0379,1,0.44,83.61,82.67,0.99
124,2024-07-19,Google,carousel,45-54,130.64,14173,338,0.0239,9,0.39,14.52,157.44,1.21
125,2024-07-19,Facebook,video,25-34,138.95,9069,43,0.0048,1,3.23,138.95,74.65,0.54
126,2024-07-19,Facebook,video,25-34,125.71,11438,155,0.0136,3,0.81,41.9,123.74,0.98
127,2024-07-19,LinkedIn,video,45-54,44.08,1188,5,0.0044,0,8.82,,0.0,0.0
128,2024-07-19,LinkedIn,search,18-24,91.29,9374,86,0.0092,2,1.06,45.65,193.15,2.12
129,2024-07-20,Facebook,video,45-54,211.18,7268,125,0.0173,3,1.69,70.39,198.49,0.94
130,2024-07-20,Instagram,carousel,45-54,20,767,3,0.0051,0,6.67,,0,0.0
131,2024-07-20,Instagram,carousel,18-24,153.19,9384,146,0.0156,0,1.05,,0.0,0.0
132,2024-07-20,TikTok,display,45-54,121.92,1951,29,0.0149,0,4.2,,0.0,0.0
133,2024-07-20,LinkedIn,display,35-44,231.15,12608,73,0.0058,1,3.17,231.15,,0.28
134,2024-07-20,LinkedIn,carousel,55+,188.44,11816,105,0.0089,1,1.79,188.44,25.94,0.14
135,2024-07-20,LinkedIn,display,18-24,139.9,6545,97,0.0149,1,1.44,139.9,63.33,0.45
136,2024-07-21,Google,carousel,35-44,62.78,2328,81,0.0349,2,0.78,31.39,228.78,3.64
137,2024-07-21,Facebook,search,45-54,107.63,7840,95,0.0121,0,1.13,,0.0,0.0
138,2024-07-21,Facebook,story,35-44,117.46,7104,50,0.0071,0,2.35,,0.0,0.0
139,2024-07-21,Facebook,story,25-34,329.98,15060,137,0.0091,6,2.41,55.0,424.94,1.29
140,2024-07-21,TikTok,display,55+,76.65,4105,75,0.0184,2,1.02,38.33,169.89,2.22
141,2024-07-21,TikTok,story,55+,20,948,18,0.0193,0,1.11,,0.0,0.0
142,2024-07-21,TikTok,video,35-44,189.47,7745,122,0.0158,3,1.55,63.16,30,0.16
143,2024-07-21,LinkedIn,carousel,45-54,239.04,12971,170,0.0132,5,1.41,47.81,50,0.21
144,2024-07-21,LinkedIn,search,45-54,144.51,4073,13,0.0034,0,11.12,,0.0,0.0
145,2024-07-22,Google,video,35-44,59.77,4585,121,0.0264,5,0.49,11.95,187.16,3.13
146,2024-07-22,Instagram,search,25-34,20,1319,30,0.0234,0,0.67,,0.0,0.0
147,2024-07-22,TikTok,carousel,55+,181.99,16061,179,0.0112,8,1.02,22.75,80,0.44
148,2024-07-22,TikTok,video,18-24,164.64,9032,226,0.0251,6,0.73,27.44,311.17,1.89
149,2024-07-22,TikTok,video,18-24,222.75,10457,283,0.0271,6,0.79,37.12,215.98,0.97
150,2024-07-22,LinkedIn,display,45-54,141.96,10927,46,0.0043,0,3.09,,0.0,0.0
151,2024-07-22,LinkedIn,video,35-44,234.49,15647,118,0.0076,5,1.99,46.9,429.68,1.83
152,2024-07-23,Facebook,carousel,35-44,144.07,7520,33,0.0045,0,4.37,,0.0,0.0
153,2024-07-23,Instagram,video,45-54,108.28,10330,149,0.0145,6,0.73,18.05,535.26,4.94
154,2024-07-23,Instagram,display,55+,204.46,10949,89,0.0082,2,2.3,102.23,107.48,0.53
155,2024-07-23,TikTok,video,18-24,277.71,17782,363,0.0204,14,0.77,19.84,,5.73
156,2024-07-23,TikTok,search,25-34,129.6,5956,82,0.0139,0,1.58,,0.0,0.0
157,2024-07-23,TikTok,search,25-34,72.87,3206,44,0.0138,1,1.66,72.87,132.53,1.82
158,2024-07-24,Google,display,55+,20,1576,57,0.0366,1,0.35,20.0,74.12,3.71
159,2024-07-24,Google,video,45-54,285.65,25043,640,0.0256,5,0.45,57.13,50,0.18
160,2024-07-24,Facebook,carousel,18-24,109.71,4061,56,0.0138,2,1.96,54.85,147.25,1.34
161,2024-07-24,Facebook,carousel,55+,135.1,8753,83,0.0095,1,1.63,135.1,18.0,0.13
162,2024-07-24,Facebook,display,55+,235.92,9407,97,0.0104,4,2.43,58.98,379.3,1.61
163,2024-07-24,LinkedIn,carousel,35-44,221.82,21484,120,0.0056,4,1.85,55.45,339.06,1.53
164,2024-07-24,LinkedIn,carousel,25-34,93.23,3306,38,0.0116,0,2.45,,0,0.0
165,2024-07-24,LinkedIn,carousel,25-34,153.84,13140,138,0.0105,5,1.11,30.77,186.75,1.21
166,2024-07-25,Facebook,display,45-54,149.76,6065,50,0.0084,1,3.0,149.76,36.07,0.24
167,2024-07-25,Facebook,story,25-34,187.47,18251,124,0.0068,0,1.51,,0.0,0.0
168,2024-07-25,Facebook,story,25-34,179.33,9020,109,0.0121,6,1.65,29.89,490.72,2.74
169,2024-07-25,Instagram,search,25-34,301.08,22785,85,0.0038,2,3.54,150.54,165.63,0.55
170,2024-07-25,Instagram,story,18-24,178.16,14287,258,0.0181,7,0.69,25.45,70,0.39
171,2024-07-25,Instagram,search,45-54,40.7,3097,50,0.0163,2,0.81,20.35,188.53,4.63
172,2024-07-25,LinkedIn,search,55+,223.31,14038,14,0.001,0,15.95,,0.0,0.0
173,2024-07-25,LinkedIn,display,18-24,202.67,11074,142,0.0129,3,1.43,67.56,209.73,1.03
174,2024-07-26,Facebook,search,55+,130.93,4100,42,0.0103,1,3.12,130.93,98.21,0.75
175,2024-07-26,Facebook,story,55+,269.53,12650,238,0.0189,2,1.13,134.76,234.74,0.87
176,2024-07-26,Instagram,display,45-54,187.57,15174,341,0.0225,12,0.55,15.63,892.89,4.76
177,2024-07-26,Instagram,display,35-44,130.2,7713,54,0.007,1,2.41,130.2,102.09,0.78
178,2024-07-26,Instagram,video,45-54,177.47,17461,276,0.0158,11,0.64,16.13,531.44,2.99
179,2024-07-26,TikTok,display,25-34,97.05,8312,177,0.0214,11,0.55,8.82,1289.21,13.28
180,2024-07-26,TikTok,search,45-54,138.89,6621,201,0.0304,3,0.69,46.3,223.83,1.61
181,2024-07-26,TikTok,video,25-34,153.45,16928,383,0.0227,14,0.4,10.96,319.91,2.08
182,2024-07-26,LinkedIn,video,25-34,260.87,23906,155,0.0065,6,1.68,43.48,228.75,0.88
183,2024-07-27,Google,search,18-24,225.14,8597,284,0.0331,0,0.79,,0.0,0.0
184,2024-07-27,Facebook,story,25-34,150.07,5554,48,0.0087,0,3.13,,0.0,0.0
185,2024-07-27,Instagram,story,35-44,165.21,7622,72,0.0095,2,2.29,82.61,173.78,1.05
186,2024-07-27,LinkedIn,story,25-34,266.45,7887,90,0.0114,2,2.96,133.22,135.53,0.51
187,2024-07-27,LinkedIn,search,25-34,88.69,4995,22,0.0044,0,4.03,,0.0,0.0
188,2024-07-28,Google,search,18-24,141.87,5915,171,0.0291,7,0.83,20.27,824.82,5.81
189,2024-07-28,Google,carousel,25-34,131.5,12249,386,0.0316,9,0.34,14.61,640.4,4.87
190,2024-07-28,Google,display,25-34,187.23,8735,300,0.0344,2,0.62,93.61,238.38,1.27
191,2024-07-28,Facebook,story,18-24,277.96,19410,295,0.0152,7,0.94,39.71,461.75,1.66
192,2024-07-28,Facebook,story,45-54,68.79,3316,53,0.0161,2,1.3,34.4,79.37,1.15
193,2024-07-28,Instagram,search,25-34,157.03,11673,152,0.013,2,1.03,78.52,147.69,0.94
194,2024-07-28,Instagram,display,35-44,290.86,17647,293,0.0166,14,0.99,20.78,1376.44,4.73
195,2024-07-28,Instagram,video,25-34,157.69,8346,55,0.0067,1,2.87,157.69,81.31,0.52
196,2024-07-28,TikTok,carousel,18-24,73.52,2161,35,0.0164,1,2.1,73.52,87.14,1.19
197,2024-07-28,LinkedIn,carousel,25-34,168.35,6909,40,0.0059,1,4.21,168.35,88.08,0.52
198,2024-07-28,LinkedIn,search,55+,179.61,7904,102,0.013,3,1.76,59.87,176.31,0.98
199,2024-07-28,LinkedIn,search,45-54,43.61,1836,30,0.0169,0,1.45,,0.0,0.0
200,2024-07-29,Facebook,story,35-44,170.13,9800,172,0.0176,3,0.99,56.71,89.43,0.53
201,2024-07-29,Instagram,video,18-24,234.25,23828,304,0.0128,14,0.77,16.73,1127.7,4.81
202,2024-07-29,Instagram,video,45-54,332.85,18764,246,0.0131,9,1.35,36.98,530.78,1.59
203,2024-07-29,Instagram,video,35-44,108.91,6176,79,0.0129,2,1.38,54.45,100.57,0.92
204,2024-07-29,TikTok,video,55+,147.46,14531,303,0.0209,2,0.49,73.73,125.63,0.85
205,2024-07-29,TikTok,story,25-34,78.19,6485,81,0.0126,1,0.97,78.19,99.66,1.27
206,2024-07-29,TikTok,story,35-44,61.13,1584,32,0.0206,0,1.91,,0.0,0.0
207,2024-07-30,Google,video,18-24,187.8,15495,503,0.0325,17,0.37,11.05,1034.53,5.51
208,2024-07-30,Facebook,display,35-44,124.09,9534,58,0.0061,0,2.14,,0.0,0.0
209,2024-07-30,Facebook,carousel,35-44,216.75,23866,218,0.0092,4,0.99,54.19,294.39,1.36
210,2024-07-30,Facebook,story,35-44,250.04,23091,232,0.0101,13,1.08,19.23,977.91,3.91
211,2024-07-30,Instagram,story,55+,197.94,8321,150,0.0181,5,1.32,39.59,450.06,2.27
212,2024-07-30,Instagram,search,18-24,132.9,10113,210,0.0209,3,0.63,44.3,139.26,1.05
213,2024-07-30,Instagram,display,18-24,147.24,6649,139,0.0209,3,1.06,49.08,221.53,1.5
214,2024-07-30,TikTok,story,55+,54.58,4955,100,0.0203,1,0.55,54.58,77.67,1.42
215,2024-07-30,TikTok,search,18-24,160.71,13599,356,0.0262,14,0.45,11.48,431.07,2.68
216,2024-07-30,TikTok,search,35-44,69.58,5402,77,0.0144,2,0.9,34.79,180.51,2.59
217,2024-07-31,Google,search,55+,231.3,27761,942,0.0339,30,0.25,7.71,1301.82,5.63
218,2024-07-31,Google,search,18-24,20,243,9,0.0391,0,2.22,,0.0,0.0
219,2024-07-31,Facebook,carousel,18-24,190.8,18530,242,0.0131,4,0.79,47.7,294.17,1.54
220,2024-07-31,Facebook,display,45-54,110.31,4731,60,0.0129,2,1.84,55.16,120.62,1.09
221,2024-07-31,Facebook,video,25-34,274.63,20128,358,0.0178,7,0.77,39.23,282.16,1.03
222,2024-07-31,Instagram,display,35-44,143.04,7865,31,0.004,0,4.61,,0.0,0.0
223,2024-07-31,Instagram,search,18-24,344.74,22824,323,0.0142,0,1.07,,0.0,0.0
224,2024-07-31,Instagram,carousel,18-24,215.52,23989,445,0.0186,9,0.48,23.95,787.41,3.65
225,2024-07-31,TikTok,carousel,45-54,205.09,8715,60,0.0069,2,3.42,102.55,224.17,1.09
226,2024-08-01,Google,video,25-34,144.27,7449,200,0.0269,8,0.72,18.03,600.85,4.16
227,2024-08-01,Instagram,video,25-34,184.98,10640,148,0.014,4,1.25,46.24,124.66,0.67
228,2024-08-01,TikTok,display,35-44,114.03,9474,195,0.0207,12,0.58,9.5,778.48,6.83
229,2024-08-01,TikTok,display,45-54,22.96,1987,19,0.0101,0,1.21,,0.0,0.0
230,2024-08-02,Google,search,18-24,125.33,9426,357,0.0379,15,0.35,8.36,1334.74,10.65
231,2024-08-02,Google,search,25-34,301.08,13888,423,0.0305,0,0.71,,0.0,0.0
232,2024-08-02,Google,carousel,25-34,132.92,10239,422,0.0412,14,0.31,9.49,1465.81,11.03
233,2024-08-02,Instagram,video,55+,107.68,4328,58,0.0136,0,1.86,,0.0,0.0
234,2024-08-02,Instagram,display,45-54,168.7,10118,96,0.0096,2,1.76,84.35,111.24,0.66
235,2024-08-02,Instagram,story,45-54,123.5,4705,58,0.0125,0,2.13,,0.0,0.0
236,2024-08-03,Facebook,display,18-24,71.47,4054,47,0.0117,1,1.52,71.47,81.28,1.14
237,2024-08-03,Facebook,story,25-34,205.74,11504,72,0.0063,1,2.86,205.74,48.16,0.23
238,2024-08-03,Instagram,video,18-24,161.82,6895,104,0.0152,4,1.56,40.45,130.51,0.81
239,2024-08-03,Instagram,video,18-24,178.44,5404,98,0.0182,3,1.82,59.48,213.66,1.2
240,2024-08-03,TikTok,carousel,18-24,99.96,5989,146,0.0244,4,0.68,24.99,173.1,1.73
241,2024-08-03,TikTok,search,18-24,182.29,1252,15,0.0122,0,12.15,,0.0,0.0
242,2024-08-03,LinkedIn,display,45-54,130.75,9446,116,0.0123,4,1.13,32.69,270.35,2.07
243,2024-08-04,Facebook,story,25-34,48.76,1370,8,0.0059,0,6.09,,0.0,0.0
244,2024-08-04,Facebook,carousel,25-34,143.6,7353,65,0.0089,3,2.21,47.87,198.97,1.39
245,2024-08-04,Instagram,search,35-44,188.45,8857,142,0.0161,2,1.33,94.22,219.31,1.16
246,2024-08-04,TikTok,video,45-54,20,1206,21,0.0177,0,0.95,,0.0,0.0
247,2024-08-04,TikTok,story,25-34,168.37,9688,177,0.0183,7,0.95,24.05,70,0.42
248,2024-08-05,Google,display,45-54,228.77,17634,498,0.0283,11,0.46,20.8,1181.53,5.16
249,2024-08-05,Google,display,55+,185.25,10919,388,0.0356,11,0.48,16.84,856.44,4.62
250,2024-08-05,Facebook,display,35-44,226.07,5978,112,0.0189,4,2.02,56.52,206.83,0.91
251,2024-08-05,Facebook,search,25-34,123.38,7241,58,0.0081,2,2.13,61.69,131.7,1.07
252,2024-08-05,Instagram,search,45-54,116.41,5052,39,0.0078,2,2.98,58.2,177.58,1.53
253,2024-08-05,TikTok,carousel,18-24,212.47,17736,229,0.013,5,0.93,42.49,384.56,1.81
254,2024-08-05,TikTok,display,45-54,133.88,14186,225,0.0159,7,0.6,19.13,317.15,2.37
255,2024-08-06,Google,video,55+,54.47,4574,151,0.0331,0,0.36,,0.0,0.0
256,2024-08-06,Google,display,45-54,216.49,12096,465,0.0385,17,0.47,12.73,518.05,2.39
257,2024-08-06,Google,video,25-34,328.3,23471,682,0.0291,6,0.48,54.72,60,0.18
258,2024-08-06,Facebook,carousel,55+,104.06,7934,128,0.0162,3,0.81,34.69,,0.6
259,2024-08-06,LinkedIn,carousel,18-24,169.25,14516,84,0.0058,3,2.01,56.42,377.22,2.23
260,2024-08-07,Google,carousel,45-54,230.54,12900,479,0.0372,3,0.48,76.85,194.97,0.85
261,2024-08-07,Google,carousel,18-24,127.03,9862,446,0.0452,23,0.28,5.52,1550.88,12.21
262,2024-08-07,TikTok,story,55+,251.34,19285,288,0.015,10,0.87,25.13,402.31,1.6
263,2024-08-07,LinkedIn,display,55+,114.37,10118,49,0.0049,1,2.33,114.37,63.82,0.56
264,2024-08-08,Facebook,search,45-54,50.41,7166,100,0.014,2,0.5,25.2,81.76,1.62
265,2024-08-08,Facebook,carousel,55+,196.43,15629,173,0.0111,6,1.14,32.74,452.39,2.3
266,2024-08-08,Instagram,search,55+,193.18,11565,164,0.0142,1,1.18,193.18,10,0.05
267,2024-08-08,Instagram,display,18-24,168.96,12469,137,0.011,3,1.23,56.32,98.73,0.58
268,2024-08-08,Instagram,display,35-44,226.37,10884,230,0.0212,1,0.98,226.37,70.99,0.31
269,2024-08-08,TikTok,story,55+,20,1287,18,0.0142,0,1.11,,0.0,0.0
270,2024-08-08,LinkedIn,carousel,55+,20,1604,15,0.0096,0,1.33,,0.0,0.0
271,2024-08-09,Google,story,55+,260.8,14394,549,0.0382,15,0.48,17.39,1361.39,5.22
272,2024-08-09,Google,search,55+,156.79,11020,359,0.0326,9,0.44,17.42,679.73,4.34
273,2024-08-09,Google,search,45-54,299.38,20730,777,0.0375,45,0.39,6.65,3285.64,10.97
274,2024-08-09,Facebook,video,18-24,126.05,8163,144,0.0177,5,0.88,25.21,127.51,1.01
275,2024-08-09,Facebook,carousel,45-54,107.94,3467,34,0.01,0,3.17,,0.0,0.0
276,2024-08-09,TikTok,carousel,35-44,94.46,6637,65,0.0099,0,1.45,,0.0,0.0
277,2024-08-09,LinkedIn,video,25-34,231.1,13773,114,0.0083,4,2.03,57.77,390.76,1.69
278,2024-08-10,Google,video,25-34,171.93,8590,366,0.0427,15,0.47,11.46,846.2,4.92
279,2024-08-10,Google,video,35-44,244.21,6879,273,0.0397,6,0.89,40.7,504.42,2.07
280,2024-08-10,Facebook,story,35-44,111.71,3769,17,0.0048,0,6.57,,0,0.0
281,2024-08-10,Instagram,story,55+,135.11,4871,72,0.0149,1,1.88,135.11,10,0.07
282,2024-08-10,TikTok,carousel,45-54,82.34,2562,48,0.0188,1,1.72,82.34,79.97,0.97
283,2024-08-10,LinkedIn,carousel,45-54,51.11,873,5,0.0062,0,10.22,,0.0,0.0
284,2024-08-10,LinkedIn,carousel,25-34,177.13,9870,121,0.0123,4,1.46,44.28,219.62,1.24
285,2024-08-11,Google,display,18-24,135.28,1776,60,0.034,2,2.25,67.64,244.54,1.81
286,2024-08-11,Google,video,55+,76.2,2959,93,0.0314,2,0.82,38.1,89.15,1.17
287,2024-08-11,Facebook,search,35-44,136.56,7241,45,0.0063,1,3.03,136.56,72.0,0.53
288,2024-08-11,Instagram,story,55+,163.34,10036,136,0.0136,3,1.2,54.45,332.07,2.03
289,2024-08-11,Instagram,search,35-44,150.18,6139,116,0.019,5,1.29,30.04,329.18,2.19
290,2024-08-11,TikTok,video,18-24,165.11,13032,199,0.0153,6,0.83,27.52,60,0.36
291,2024-08-12,Google,story,35-44,139.4,8946,302,0.0338,10,0.46,13.94,569.89,4.09
292,2024-08-12,Google,display,18-24,253.74,17805,550,0.0309,6,0.46,42.29,143.62,0.57
293,2024-08-12,Facebook,video,55+,257.46,24388,529,0.0217,0,0.49,,0.0,0.0
294,2024-08-12,Instagram,search,25-34,34.34,2563,24,0.0097,0,1.43,,0.0,0.0
295,2024-08-12,TikTok,display,35-44,161.62,9701,111,0.0115,5,1.46,32.32,586.86,3.63
296,2024-08-12,TikTok,story,55+,123.47,7707,173,0.0225,5,0.71,24.69,146.17,1.18
297,2024-08-12,LinkedIn,video,18-24,264.56,10743,87,0.0081,1,3.04,264.56,94.03,0.36
298,2024-08-12,LinkedIn,video,55+,204.98,20841,177,0.0085,0,1.16,,0.0,0.0
299,2024-08-12,LinkedIn,video,45-54,160.95,11850,117,0.0099,1,1.38,160.95,132.48,0.82
300,2024-08-13,Google,search,18-24,163.64,13331,406,0.0305,10,0.4,16.36,134.34,0.82
301,2024-08-13,Google,display,25-34,293.05,12928,441,0.0342,16,0.66,18.32,160,0.55
302,2024-08-13,Google,search,55+,263.88,22282,700,0.0314,5,0.38,52.78,199.5,0.76
303,2024-08-13,Instagram,display,18-24,102.78,9206,177,0.0193,4,0.58,25.7,257.82,2.51
304,2024-08-13,Instagram,search,25-34,213.26,19254,305,0.0158,13,0.7,16.4,1063.92,4.99
305,2024-08-13,Instagram,display,35-44,20,587,10,0.0172,0,2.0,,0.0,0.0
306,2024-08-13,TikTok,display,45-54,20,2328,24,0.0104,0,0.83,,0.0,0.0
307,2024-08-13,TikTok,video,18-24,140.85,8140,81,0.01,1,1.74,140.85,76.26,0.54
308,2024-08-13,TikTok,story,25-34,43.74,2487,33,0.0135,1,1.33,43.74,26.76,0.61
309,2024-08-14,Facebook,video,35-44,119.71,5905,81,0.0137,3,1.48,39.9,148.93,1.24
310,2024-08-14,Facebook,video,45-54,106.8,7274,152,0.021,8,0.7,13.35,801.89,7.51
311,2024-08-14,Facebook,video,55+,96.83,6176,52,0.0085,1,1.86,96.83,46.41,0.48
312,2024-08-14,Instagram,story,18-24,259.92,22470,408,0.0182,15,0.64,17.33,775.56,2.98
313,2024-08-15,Google,carousel,55+,20,1951,58,0.0299,2,0.34,10.0,176.54,8.83
314,2024-08-15,Google,display,35-44,229.17,18881,750,0.0397,11,0.31,20.83,240.58,1.05
315,2024-08-15,Google,story,35-44,100.31,7292,229,0.0315,5,0.44,20.06,231.31,2.31
316,2024-08-15,Facebook,search,25-34,85.48,5039,64,0.0129,2,1.34,42.74,220.3,2.58
317,2024-08-15,Facebook,story,18-24,280.33,19102,71,0.0038,0,3.95,,0.0,0.0
318,2024-08-15,Facebook,carousel,35-44,106.48,5682,69,0.0123,0,1.54,,0.0,0.0
319,2024-08-15,Instagram,story,35-44,196.76,14986,351,0.0235,0,0.56,,0.0,0.0
320,2024-08-15,Instagram,story,35-44,211.04,15552,240,0.0155,6,0.88,35.17,343.45,1.63
321,2024-08-15,TikTok,search,45-54,151.5,11855,182,0.0154,8,0.83,18.94,647.68,4.28
322,2024-08-15,LinkedIn,story,18-24,89.13,4585,72,0.0159,2,1.24,44.56,87.83,0.99
323,2024-08-15,LinkedIn,carousel,25-34,147.42,3956,38,0.0096,1,3.88,147.42,52.69,0.36
324,2024-08-15,LinkedIn,search,45-54,252.45,23834,23,0.001,1,10.98,252.45,,0.2
325,2024-08-16,Google,story,35-44,293.46,19707,463,0.0235,8,0.63,36.68,477.75,1.63
326,2024-08-16,Google,video,55+,273.76,20366,681,0.0335,17,0.4,16.1,1558.67,5.69
327,2024-08-16,Facebook,video,35-44,128.63,12174,67,0.0056,1,1.92,128.63,58.35,0.45
328,2024-08-16,Facebook,carousel,45-54,50.68,5519,35,0.0064,0,1.45,,0.0,0.0
329,2024-08-16,Facebook,video,55+,162.02,8928,128,0.0144,1,1.27,162.02,32.94,0.2
330,2024-08-16,TikTok,story,45-54,139.83,10080,237,0.0235,6,0.59,23.31,214.6,1.53
331,2024-08-16,LinkedIn,story,18-24,256.84,23594,43,0.0019,1,5.97,256.84,18.95,0.07
332,2024-08-16,LinkedIn,story,25-34,41.69,975,0,0.001,0,41.69,,0.0,0.0
333,2024-08-16,LinkedIn,carousel,45-54,233.86,18555,184,0.01,6,1.27,38.98,342.78,1.47
334,2024-08-17,Google,search,45-54,128.5,8829,287,0.0326,4,0.45,32.12,252.22,1.96
335,2024-08-17,Instagram,search,25-34,86.75,5306,62,0.0117,2,1.4,43.38,53.58,0.62
336,2024-08-17,Instagram,video,25-34,189.08,8821,126,0.0144,2,1.5,94.54,219.3,1.16
337,2024-08-17,TikTok,video,35-44,37.67,2860,36,0.0127,1,1.05,37.67,21.36,0.57
338,2024-08-18,Google,story,45-54,205.52,3137,115,0.0368,7,1.79,29.36,779.42,3.79
339,2024-08-18,Google,carousel,35-44,28.28,1177,46,0.0395,0,0.61,,0.0,0.0
340,2024-08-18,Instagram,search,25-34,129.38,7944,117,0.0148,5,1.11,25.88,279.29,2.16
341,2024-08-18,Instagram,search,55+,82.94,2028,29,0.0145,0,2.86,,0.0,0.0
342,2024-08-18,TikTok,carousel,45-54,121.14,3075,78,0.0255,1,1.55,121.14,68.18,0.56
343,2024-08-18,LinkedIn,display,45-54,111.27,6320,89,0.0142,2,1.25,55.63,92.91,0.83
344,2024-08-19,Google,search,25-34,173.47,20355,647,0.0318,6,0.27,28.91,747.49,4.31
345,2024-08-19,Google,story,18-24,69.69,6849,318,0.0465,13,0.22,5.36,1133.34,16.26
346,2024-08-19,Google,carousel,35-44,78.98,4092,135,0.0332,3,0.59,26.33,402.9,5.1
347,2024-08-19,Facebook,search,18-24,59.26,5865,50,0.0086,0,1.19,,0.0,0.0
348,2024-08-19,Instagram,carousel,45-54,67.53,5604,66,0.0119,4,1.02,16.88,468.27,6.93
349,2024-08-19,Instagram,search,18-24,127.3,5994,96,0.016,4,1.33,31.82,127.25,1.0
350,2024-08-19,Instagram,search,25-34,35.19,2869,39,0.0138,0,0.9,,0.0,0.0
351,2024-08-19,TikTok,search,35-44,92.29,5999,92,0.0153,1,1.0,92.29,59.79,0.65
352,2024-08-19,TikTok,carousel,18-24,28.67,2197,30,0.0138,1,0.96,28.67,42.28,1.47
353,2024-08-19,LinkedIn,display,55+,156.9,2716,23,0.0085,0,6.82,,0.0,0.0
354,2024-08-19,LinkedIn,video,55+,290.33,17119,64,0.0038,1,4.54,290.33,99.96,0.34
355,2024-08-19,LinkedIn,search,45-54,101.19,5925,49,0.0084,1,2.07,101.19,66.62,0.66
356,2024-08-20,Google,video,55+,152.68,100,3,0.0333,0,50.89,,0.0,0.0
357,2024-08-20,Google,display,55+,126.87,6253,251,0.0402,14,0.51,9.06,1329.61,10.48
358,2024-08-20,Google,video,35-44,210.83,14330,537,0.0375,12,0.39,17.57,854.42,4.05
359,2024-08-20,Facebook,search,25-34,144.65,7881,181,0.023,7,0.8,20.66,331.38,2.29
360,2024-08-20,Instagram,story,45-54,217.06,12043,171,0.0143,4,1.27,54.27,261.06,1.2
361,2024-08-20,LinkedIn,video,45-54,26.78,1817,10,0.0057,0,2.68,,0.0,0.0
362,2024-08-21,Google,video,25-34,154.72,6117,202,0.0331,1,0.77,154.72,58.26,0.38
363,2024-08-21,Facebook,display,35-44,100.18,6475,107,0.0165,2,0.94,50.09,51.51,0.51
364,2024-08-21,Facebook,carousel,55+,207.23,16067,129,0.0081,5,1.61,41.45,415.42,2.0
365,2024-08-21,Facebook,video,55+,96.83,7848,77,0.0099,2,1.26,48.41,149.73,1.55
366,2024-08-21,Instagram,carousel,18-24,135.65,3081,59,0.0192,0,2.3,,0.0,0.0
367,2024-08-21,Instagram,display,25-34,188.92,16351,224,0.0137,6,0.84,31.49,265.97,1.41
368,2024-08-21,TikTok,story,45-54,266.66,15408,213,0.0138,13,1.25,20.51,454.68,1.71
369,2024-08-21,TikTok,carousel,45-54,237.09,11559,201,0.0174,8,1.18,29.64,231.31,0.98
370,2024-08-21,TikTok,story,45-54,170.75,6708,150,0.0225,7,1.14,24.39,460.32,2.7
371,2024-08-21,LinkedIn,carousel,18-24,92.91,4845,25,0.0053,0,3.72,,0.0,0.0
372,2024-08-22,TikTok,story,18-24,200.59,16172,358,0.0222,9,0.56,22.29,1184.06,5.9
373,2024-08-22,TikTok,display,25-34,128.71,4855,60,0.0124,0,2.15,,0.0,0.0
374,2024-08-22,LinkedIn,story,18-24,105.44,3058,17,0.0058,0,6.2,,0.0,0.0
375,2024-08-23,Google,story,25-34,115.36,13737,461,0.0336,14,0.25,8.24,592.98,5.14
376,2024-08-23,Facebook,search,55+,109.06,7722,101,0.0132,4,1.08,27.27,365.87,3.35
377,2024-08-23,Facebook,video,18-24,220.66,12105,195,0.0161,5,1.13,44.13,360.69,1.63
378,2024-08-23,Instagram,display,45-54,166.33,15209,213,0.014,10,0.78,16.63,363.1,2.18
379,2024-08-23,Instagram,search,18-24,20,635,10,0.0172,0,2.0,,0.0,0.0
380,2024-08-23,Instagram,video,25-34,38.25,4024,57,0.0142,1,0.67,38.25,32.74,0.86
381,2024-08-23,LinkedIn,search,35-44,65.76,3535,3,0.001,0,21.92,,0.0,0.0
382,2024-08-23,LinkedIn,video,55+,113.55,11019,83,0.0075,1,1.37,113.55,98.7,0.87
383,2024-08-23,LinkedIn,story,55+,32.74,1259,10,0.0084,0,3.27,,0.0,0.0
384,2024-08-24,Google,display,45-54,159.08,4372,119,0.0273,1,1.34,159.08,59.82,0.38
385,2024-08-24,TikTok,story,18-24,98.74,3114,39,0.0127,2,2.53,49.37,122.41,1.24
386,2024-08-24,TikTok,search,45-54,174.84,6611,181,0.0274,1,0.97,174.84,42.36,0.24
387,2024-08-25,Google,video,35-44,125.67,9903,374,0.0378,17,0.34,7.39,649.24,5.17
388,2024-08-25,Google,carousel,18-24,105.92,7730,206,0.0267,4,0.51,26.48,384.24,3.63
389,2024-08-25,Instagram,display,45-54,20,1536,16,0.0107,0,1.25,,0.0,0.0
390,2024-08-25,TikTok,search,35-44,61.63,3789,101,0.0269,0,0.61,,0.0,0.0
391,2024-08-25,TikTok,search,18-24,201.68,11498,124,0.0109,3,1.63,67.23,176.16,0.87
392,2024-08-25,TikTok,carousel,35-44,187.61,15980,261,0.0164,9,0.72,20.85,206.77,1.1
393,2024-08-25,LinkedIn,story,35-44,329.45,17249,65,0.0038,1,5.07,329.45,69.41,0.21
394,2024-08-25,LinkedIn,video,45-54,156.9,3474,47,0.0136,1,3.34,156.9,90.78,0.58
395,2024-08-25,LinkedIn,story,45-54,59.87,2857,27,0.0095,0,2.22,,0.0,0.0
396,2024-08-26,Google,video,25-34,130.15,7241,254,0.0351,10,0.51,13.02,988.01,7.59
397,2024-08-26,Instagram,display,55+,20,1280,26,0.0207,0,0.77,,0.0,0.0
398,2024-08-26,Instagram,story,45-54,298.94,20489,262,0.0128,7,1.14,42.71,195.6,0.65
399,2024-08-26,LinkedIn,carousel,25-34,196.82,11374,40,0.0036,1,4.92,196.82,87.56,0.44
400,2024-08-26,LinkedIn,video,25-34,106.42,11768,131,0.0112,3,0.81,35.47,144.78,1.36
401,2024-08-27,Instagram,carousel,35-44,31.29,2319,41,0.018,0,0.76,,0,0.0
402,2024-08-27,TikTok,display,55+,40.14,2272,43,0.019,1,0.93,40.14,77.47,1.93
403,2024-08-27,TikTok,display,18-24,266.1,11543,158,0.0138,5,1.68,53.22,106.75,0.4
404,2024-08-27,LinkedIn,search,55+,183.48,13195,65,0.005,3,2.82,61.16,49.12,0.27
405,2024-08-28,Google,display,55+,28.86,3167,130,0.0413,4,0.22,7.21,408.12,14.14
406,2024-08-28,Facebook,carousel,18-24,228.11,22285,236,0.0106,8,0.97,28.51,746.06,3.27
407,2024-08-28,Instagram,search,45-54,86.02,7536,128,0.0171,4,0.67,21.5,314.64,3.66
408,2024-08-28,Instagram,story,55+,103.0,4499,86,0.0192,2,1.2,51.5,149.77,1.45
409,2024-08-29,Google,story,55+,221.45,15349,433,0.0282,11,0.51,20.13,1270.39,5.74
410,2024-08-29,Facebook,carousel,25-34,268.94,20845,375,0.018,2,0.72,134.47,110.71,0.41
411,2024-08-29,Facebook,video,55+,77.87,8682,100,0.0115,4,0.78,19.47,117.54,1.51
412,2024-08-29,Instagram,search,25-34,83.13,7007,21,0.0031,0,3.96,,0.0,0.0
413,2024-08-29,Instagram,carousel,45-54,246.68,13439,229,0.0171,2,1.08,123.34,83.97,0.34
414,2024-08-29,Instagram,display,35-44,67.65,4562,68,0.015,2,0.99,33.83,56.64,0.84
415,2024-08-30,Google,carousel,35-44,133.06,5976,190,0.0319,7,0.7,19.01,608.15,4.57
416,2024-08-30,Google,display,18-24,263.9,15883,673,0.0424,23,0.39,11.47,2279.25,8.64
417,2024-08-30,Facebook,carousel,35-44,90.4,6102,68,0.0112,1,1.33,90.4,104.75,1.16
418,2024-08-30,Facebook,search,35-44,226.21,9751,256,0.0263,4,0.88,56.55,278.47,1.23
419,2024-08-30,Facebook,story,45-54,53.42,3478,52,0.0151,0,1.03,,0.0,0.0
420,2024-08-30,Instagram,display,25-34,75.56,5112,63,0.0124,1,1.2,75.56,108.45,1.44
421,2024-08-30,Instagram,video,45-54,113.95,7065,90,0.0128,3,1.27,37.98,171.1,1.5
422,2024-08-30,LinkedIn,search,55+,110.56,7825,111,0.0143,4,1.0,27.64,40,0.36
423,2024-08-31,Google,story,18-24,107.87,8000,275,0.0344,9,0.39,11.99,722.49,6.7
424,2024-08-31,Facebook,video,25-34,171.65,10618,181,0.0171,12,0.95,14.3,793.8,4.62
425,2024-08-31,Facebook,carousel,18-24,207.74,11320,202,0.0179,8,1.03,25.97,517.3,2.49
426,2024-08-31,Facebook,video,35-44,100.74,6024,33,0.0055,0,3.05,,0.0,0.0
427,2024-08-31,TikTok,search,45-54,176.94,8915,168,0.0189,4,1.05,44.23,64.26,0.36
428,2024-08-31,LinkedIn,story,25-34,130.22,9468,135,0.0143,4,0.96,32.55,76.84,0.59
429,2024-08-31,LinkedIn,display,18-24,211.13,12167,126,0.0104,4,1.68,52.78,213.54,1.01
430,2024-08-31,LinkedIn,carousel,35-44,122.51,5177,40,0.0077,0,3.06,,0.0,0.0
431,2024-09-01,Instagram,carousel,35-44,97.62,7044,106,0.0151,4,0.92,24.41,135.59,1.39
432,2024-09-01,TikTok,carousel,45-54,117.04,5125,79,0.0155,2,1.48,58.52,166.95,1.43
433,2024-09-01,TikTok,video,18-24,68.25,6178,98,0.0159,0,0.7,,0.0,0.0
434,2024-09-01,TikTok,display,55+,20,518,14,0.0271,0,1.43,,0.0,0.0
435,2024-09-02,LinkedIn,story,18-24,140.44,10092,10,0.001,0,14.04,,0.0,0.0
436,2024-09-02,LinkedIn,story,18-24,196.5,18246,143,0.0078,2,1.37,98.25,101.43,0.52
437,2024-09-03,Google,display,18-24,203.52,12224,496,0.0407,20,0.41,10.18,600.02,2.95
438,2024-09-03,Facebook,video,35-44,242.94,22215,377,0.017,16,0.64,15.18,1298.77,5.35
439,2024-09-03,Facebook,display,25-34,152.39,8777,158,0.0181,4,0.96,38.1,282.87,1.86
440,2024-09-03,Instagram,search,35-44,46.94,3132,60,0.0193,0,0.78,,0.0,0.0
441,2024-09-03,Instagram,video,45-54,147.25,9948,108,0.011,5,1.36,29.45,371.28,2.52
442,2024-09-03,TikTok,video,25-34,33.86,2717,26,0.0097,1,1.3,33.86,81.33,2.4
443,2024-09-03,TikTok,video,18-24,129.15,10828,184,0.017,8,0.7,16.14,729.96,5.65
444,2024-09-03,LinkedIn,story,55+,245.56,13662,169,0.0124,7,1.45,35.08,281.05,1.14
445,2024-09-04,Facebook,video,45-54,98.76,8635,157,0.0182,6,0.63,16.46,,4.48
446,2024-09-04,Facebook,story,25-34,225.77,13666,89,0.0066,2,2.54,112.89,104.39,0.46
447,2024-09-04,Facebook,carousel,45-54,223.37,25476,596,0.0234,15,0.37,14.89,1298.27,5.81
448,2024-09-04,Instagram,carousel,25-34,95.19,6834,77,0.0114,1,1.24,95.19,68.1,0.72
449,2024-09-04,Instagram,display,25-34,176.58,14002,144,0.0103,3,1.23,58.86,251.88,1.43
450,2024-09-04,TikTok,display,45-54,92.68,5098,39,0.0078,1,2.38,92.68,30.96,0.33
451,2024-09-04,TikTok,search,18-24,45.52,1521,25,0.0165,0,1.82,,0.0,0.0
452,2024-09-05,Google,video,18-24,20,1174,38,0.0325,0,0.53,,0.0,0.0
453,2024-09-05,Google,story,18-24,75.75,4504,139,0.0309,1,0.54,75.75,71.39,0.94
454,2024-09-05,Google,search,35-44,31.49,1924,71,0.037,2,0.44,15.74,265.93,8.44
455,2024-09-05,Facebook,carousel,25-34,20,1922,17,0.0092,0,1.18,,0.0,0.0
456,2024-09-05,Facebook,search,45-54,133.93,10638,164,0.0154,3,0.82,44.64,227.86,1.7
457,2024-09-05,Instagram,carousel,25-34,121.92,12359,201,0.0163,3,0.61,40.64,165.76,1.36
458,2024-09-05,Instagram,story,18-24,68.78,604,11,0.0185,0,6.25,,0.0,0.0
459,2024-09-06,Google,carousel,55+,273.94,18026,531,0.0295,13,0.52,21.07,559.05,2.04
460,2024-09-06,Google,display,25-34,176.77,9007,301,0.0334,6,0.59,29.46,424.7,2.4
461,2024-09-06,Google,video,45-54,190.06,13619,434,0.0319,10,0.44,19.01,696.67,3.67
462,2024-09-06,Facebook,video,45-54,147.99,13607,60,0.0045,0,2.47,,0.0,0.0
463,2024-09-06,Instagram,carousel,35-44,29.4,1902,16,0.0085,0,1.84,,0.0,0.0
464,2024-09-06,Instagram,display,25-34,147.41,10048,215,0.0214,7,0.69,21.06,388.65,2.64
465,2024-09-06,LinkedIn,search,25-34,205.18,21511,261,0.0122,8,0.79,25.65,98.57,0.48
466,2024-09-06,LinkedIn,video,45-54,41.48,2725,28,0.0103,0,1.48,,0.0,0.0
467,2024-09-06,LinkedIn,display,35-44,95.31,6167,51,0.0083,1,1.87,95.31,60.55,0.64
468,2024-09-07,Google,story,35-44,60.13,3691,128,0.0347,6,0.47,10.02,201.89,3.36
469,2024-09-07,Google,video,25-34,128.05,6560,255,0.0389,6,0.5,21.34,308.91,2.41
470,2024-09-07,Google,story,45-54,160.7,6027,254,0.0422,9,0.63,17.86,673.77,4.19
471,2024-09-07,Facebook,display,35-44,79.22,2657,34,0.0129,0,2.33,,0.0,0.0
472,2024-09-07,Facebook,carousel,25-34,209.91,12838,173,0.0135,8,1.21,26.24,874.46,4.17
473,2024-09-07,Facebook,video,45-54,221.36,11434,118,0.0104,3,1.88,73.79,339.98,1.54
474,2024-09-07,Instagram,video,25-34,167.28,4176,91,0.0219,3,1.84,55.76,156.9,0.94
475,2024-09-07,Instagram,search,18-24,132.29,6554,118,0.018,2,1.12,66.14,82.34,0.62
476,2024-09-07,Instagram,story,25-34,122.73,4422,115,0.0262,2,1.07,61.37,177.54,1.45
477,2024-09-07,TikTok,carousel,25-34,101.15,5144,111,0.0216,3,0.91,33.72,102.92,1.02
478,2024-09-07,TikTok,search,35-44,187.59,10501,196,0.0187,5,0.96,37.52,662.23,3.53
479,2024-09-07,LinkedIn,video,25-34,169.03,11413,172,0.0151,8,0.98,21.13,139.57,0.83
480,2024-09-07,LinkedIn,story,45-54,120.6,4456,52,0.0118,1,2.32,120.6,51.4,0.43
481,2024-09-07,LinkedIn,display,18-24,99.38,2678,8,0.0034,0,12.42,,0.0,0.0
482,2024-09-08,Google,search,55+,20,1259,47,0.0379,1,0.43,20.0,50.62,2.53
483,2024-09-08,Google,display,25-34,59.77,2464,85,0.0346,1,0.7,59.77,72.55,1.21
484,2024-09-08,Facebook,carousel,25-34,169.31,8007,119,0.0149,3,1.42,56.44,197.55,1.17
485,2024-09-08,Facebook,search,55+,194.54,10282,48,0.0048,0,4.05,,0.0,0.0
486,2024-09-08,Facebook,search,45-54,98.08,5158,90,0.0175,3,1.09,32.69,216.37,2.21
487,2024-09-08,Instagram,video,35-44,218.04,5942,33,0.0056,1,6.61,218.04,41.79,0.19
488,2024-09-08,Instagram,video,45-54,123.54,6500,90,0.014,2,1.37,61.77,183.34,1.48
489,2024-09-08,Instagram,video,45-54,117.89,6648,74,0.0112,3,1.59,39.3,266.96,2.26
490,2024-09-09,Google,carousel,45-54,71.96,5115,175,0.0343,1,0.41,71.96,85.18,1.18
491,2024-09-09,Google,story,45-54,48.15,2729,56,0.0207,1,0.86,48.15,56.0,1.16
492,2024-09-09,Instagram,carousel,18-24,121.71,6496,111,0.0172,2,1.1,60.85,22.58,0.19
493,2024-09-09,Instagram,story,55+,201.77,18003,248,0.0138,5,0.81,40.35,364.08,1.8
494,2024-09-09,Instagram,video,18-24,157.4,8669,117,0.0136,5,1.35,31.48,258.81,1.64
495,2024-09-09,TikTok,story,25-34,35.92,2288,22,0.0099,0,1.63,,0.0,0.0
496,2024-09-09,TikTok,video,18-24,241.21,18676,296,0.0159,9,0.81,26.8,318.93,1.32
497,2024-09-09,TikTok,display,45-54,175.47,13931,259,0.0187,0,0.68,,0.0,0.0
498,2024-09-09,LinkedIn,carousel,35-44,300.31,22176,332,0.015,14,0.9,21.45,470.45,1.57
499,2024-09-09,LinkedIn,story,45-54,147.6,15116,53,0.0036,0,2.78,,0.0,0.0
500,2024-09-10,Facebook,carousel,35-44,178.36,12487,70,0.0056,2,2.55,89.18,116.72,0.65
501,2024-09-11,Instagram,carousel,35-44,173.23,9337,115,0.0124,3,1.51,57.74,57.02,0.33
502,2024-09-11,Instagram,search,45-54,142.46,9216,115,0.0125,1,1.24,142.46,143.14,1.0
503,2024-09-11,Instagram,carousel,18-24,97.97,10787,200,0.0186,6,0.49,16.33,236.98,2.42
504,2024-09-11,LinkedIn,video,25-34,156.0,15007,289,0.0193,8,0.54,19.5,924.74,5.93
505,2024-09-11,LinkedIn,search,55+,20,281,4,0.0158,0,5.0,,0.0,0.0
506,2024-09-12,Facebook,carousel,25-34,256.11,25308,465,0.0184,15,0.55,17.07,549.83,2.15
507,2024-09-12,Facebook,carousel,18-24,248.83,17993,279,0.0155,1,0.89,248.83,70.52,0.28
508,2024-09-12,Instagram,display,25-34,236.71,9846,164,0.0167,9,1.44,26.3,853.16,3.6
509,2024-09-12,Instagram,search,25-34,123.74,10453,66,0.0064,1,1.87,123.74,85.2,0.69
510,2024-09-12,Instagram,carousel,18-24,20,1621,16,0.01,0,1.25,,0.0,0.0
511,2024-09-12,TikTok,carousel,45-54,199.65,13558,274,0.0202,8,0.73,24.96,485.65,2.43
512,2024-09-12,TikTok,search,55+,40.08,2328,21,0.0094,0,1.91,,0.0,0.0
513,2024-09-12,LinkedIn,video,35-44,81.88,5860,33,0.0058,0,2.48,,0.0,0.0
514,2024-09-12,LinkedIn,display,35-44,57.58,5820,15,0.0026,0,3.84,,0.0,0.0
515,2024-09-12,LinkedIn,carousel,55+,20,1818,32,0.0178,0,0.62,,0.0,0.0
516,2024-09-13,Google,display,35-44,75.36,4045,138,0.0342,2,0.55,37.68,64.34,0.85
517,2024-09-13,Instagram,search,18-24,131.07,8237,132,0.0161,2,0.99,65.53,143.22,1.09
518,2024-09-13,Instagram,carousel,55+,280.76,26621,237,0.0089,8,1.18,35.09,758.83,2.7
519,2024-09-13,TikTok,video,18-24,186.64,13811,328,0.0238,8,0.57,23.33,449.94,2.41
520,2024-09-13,TikTok,search,25-34,104.76,2935,62,0.0212,2,1.69,52.38,20,0.19
521,2024-09-14,Google,display,55+,96.84,3300,113,0.0343,4,0.86,24.21,40,0.41
522,2024-09-14,Google,story,25-34,65.52,561,22,0.0392,0,2.98,,0.0,0.0
523,2024-09-14,Facebook,story,35-44,144.58,9856,122,0.0124,3,1.19,48.19,73.66,0.51
524,2024-09-14,Instagram,display,35-44,326.5,19442,85,0.0044,3,3.84,108.83,188.53,0.58
525,2024-09-14,Instagram,story,45-54,320.47,22375,297,0.0133,22,1.08,14.57,1984.65,6.19
526,2024-09-14,Instagram,carousel,18-24,20,1229,25,0.0208,0,0.8,,0.0,0.0
527,2024-09-14,TikTok,video,55+,164.9,7060,135,0.0192,5,1.22,32.98,401.17,2.43
528,2024-09-14,TikTok,search,45-54,205.46,9287,125,0.0135,2,1.64,102.73,167.37,0.81
529,2024-09-14,TikTok,carousel,18-24,171.42,5865,73,0.0125,1,2.35,171.42,50.73,0.3
530,2024-09-14,LinkedIn,carousel,55+,144.07,1962,15,0.0079,0,9.6,,0,0.0
531,2024-09-15,Google,display,55+,148.57,11042,363,0.0329,5,0.41,29.71,551.43,3.71
532,2024-09-15,Google,search,55+,20,111,3,0.0301,0,6.67,,0.0,0.0
533,2024-09-15,Google,display,25-34,262.18,6427,187,0.0291,4,1.4,65.55,193.66,0.74
534,2024-09-15,TikTok,story,55+,146.67,9912,221,0.0224,9,0.66,16.3,627.26,4.28
535,2024-09-15,LinkedIn,carousel,55+,205.27,13031,138,0.0106,3,1.49,68.42,227.37,1.11
536,2024-09-16,Google,video,55+,194.76,10176,287,0.0282,4,0.68,48.69,193.0,0.99
537,2024-09-16,Google,carousel,45-54,78.36,4176,85,0.0205,2,0.92,39.18,131.95,1.68
538,2024-09-16,Google,story,35-44,97.41,3901,130,0.0335,4,0.75,24.35,209.4,2.15
539,2024-09-16,Facebook,story,25-34,117.86,5963,131,0.0221,5,0.9,23.57,206.54,1.75
540,2024-09-16,Facebook,story,35-44,102.91,9374,172,0.0184,7,0.6,14.7,402.99,3.92
541,2024-09-16,Instagram,search,18-24,116.12,6628,119,0.018,6,0.98,19.35,430.65,3.71
542,2024-09-16,Instagram,search,55+,262.53,10472,202,0.0194,7,1.3,37.5,685.72,2.61
543,2024-09-16,Instagram,video,55+,68.61,2996,48,0.0161,1,1.43,68.61,51.09,0.74
544,2024-09-17,Google,search,45-54,161.6,7562,289,0.0383,16,0.56,10.1,1073.14,6.64
545,2024-09-17,Google,search,55+,146.67,7887,285,0.0362,12,0.51,12.22,950.64,6.48
546,2024-09-17,Google,carousel,45-54,138.94,9496,280,0.0295,9,0.5,15.44,955.19,6.87
547,2024-09-17,Facebook,story,35-44,187.1,23246,240,0.0104,7,0.78,26.73,638.61,3.41
548,2024-09-17,TikTok,story,18-24,116.86,11785,157,0.0134,4,0.74,29.21,343.31,2.94
549,2024-09-17,TikTok,video,35-44,168.61,8955,156,0.0175,2,1.08,84.31,100.45,0.6
550,2024-09-17,LinkedIn,story,55+,171.47,7404,75,0.0102,1,2.29,171.47,91.0,0.53
551,2024-09-18,Facebook,video,18-24,144.91,12770,51,0.0041,0,2.84,,0.0,0.0
552,2024-09-18,Facebook,search,45-54,124.78,4934,42,0.0085,1,2.97,124.78,85.88,0.69
553,2024-09-18,Instagram,story,18-24,110.4,5398,69,0.0128,1,1.6,110.4,60.47,0.55
554,2024-09-18,Instagram,carousel,18-24,187.02,11051,178,0.0161,3,1.05,62.34,189.79,1.01
555,2024-09-18,Instagram,search,18-24,130.84,9376,110,0.0117,1,1.19,130.84,64.38,0.49
556,2024-09-18,LinkedIn,display,18-24,127.23,10359,48,0.0047,2,2.65,63.62,208.18,1.64
557,2024-09-18,LinkedIn,search,35-44,130.99,11664,134,0.0115,1,0.98,130.99,52.49,0.4
558,2024-09-19,Google,search,45-54,157.07,14582,547,0.0375,26,0.29,6.04,260,1.66
559,2024-09-19,Google,story,25-34,99.92,5833,228,0.0391,6,0.44,16.65,443.74,4.44
560,2024-09-19,Google,search,25-34,87.78,4846,169,0.0351,9,0.52,9.75,90,1.03
561,2024-09-19,TikTok,display,25-34,142.23,10094,197,0.0196,8,0.72,17.78,80,0.56
562,2024-09-19,TikTok,carousel,18-24,96.68,4041,61,0.0152,2,1.58,48.34,68.58,0.71
563,2024-09-19,LinkedIn,story,25-34,179.46,13005,97,0.0075,0,1.85,,0.0,0.0
564,2024-09-19,LinkedIn,carousel,45-54,267.87,25244,300,0.0119,7,0.89,38.27,158.71,0.59
565,2024-09-20,Google,display,45-54,169.16,5769,174,0.0302,6,0.97,28.19,458.33,2.71
566,2024-09-20,Google,video,45-54,60.83,4021,189,0.0471,4,0.32,15.21,163.86,2.69
567,2024-09-20,Instagram,display,45-54,67.21,2055,14,0.007,0,4.8,,0.0,0.0
568,2024-09-20,Instagram,carousel,45-54,200.62,10996,229,0.0209,9,0.88,22.29,403.13,2.01
569,2024-09-20,Instagram,story,45-54,214.73,12175,191,0.0157,4,1.12,53.68,130.6,0.61
570,2024-09-20,TikTok,story,55+,223.47,6194,82,0.0133,5,2.73,44.69,589.68,2.64
571,2024-09-20,TikTok,display,45-54,144.34,5711,99,0.0175,1,1.46,144.34,10.06,0.07
572,2024-09-20,TikTok,display,18-24,127.29,11214,167,0.0149,6,0.76,21.21,532.37,4.18
573,2024-09-21,Google,display,18-24,202.03,6258,203,0.0325,10,1.0,20.2,100,0.49
574,2024-09-21,Facebook,video,18-24,229.27,14727,237,0.0161,5,0.97,45.85,386.59,1.69
575,2024-09-21,Facebook,search,45-54,178.24,14261,79,0.0056,3,2.26,59.41,205.88,1.16
576,2024-09-21,Instagram,carousel,35-44,31.65,1594,19,0.0125,0,1.67,,0.0,0.0
577,2024-09-21,Instagram,display,25-34,158.15,4548,70,0.0155,2,2.26,79.08,132.22,0.84
578,2024-09-21,Instagram,search,55+,73.86,6313,118,0.0188,1,0.63,73.86,126.39,1.71
579,2024-09-21,TikTok,search,55+,20,861,18,0.0218,0,1.11,,0.0,0.0
580,2024-09-22,Google,search,55+,48.34,2497,82,0.0332,2,0.59,24.17,90.33,1.87
581,2024-09-22,TikTok,video,45-54,32.43,1180,23,0.02,1,1.41,32.43,108.03,3.33
582,2024-09-22,TikTok,search,18-24,138.07,4231,79,0.0187,0,1.75,,0.0,0.0
583,2024-09-22,LinkedIn,display,55+,271.98,10567,66,0.0063,1,4.12,271.98,59.08,0.22
584,2024-09-22,LinkedIn,carousel,35-44,226.34,15004,157,0.0105,2,1.44,113.17,153.89,0.68
585,2024-09-23,Google,video,35-44,277.67,22515,811,0.036,42,0.34,6.61,3111.58,11.21
586,2024-09-23,Google,carousel,35-44,170.87,7282,369,0.0508,8,0.46,21.36,683.5,4.0
587,2024-09-23,Facebook,video,18-24,144.57,7225,96,0.0133,1,1.51,144.57,57.19,0.4
588,2024-09-23,Facebook,display,45-54,80.15,5829,88,0.0151,1,0.91,80.15,46.23,0.58
589,2024-09-23,Facebook,story,25-34,59.36,5261,41,0.0079,0,1.45,,0.0,0.0
590,2024-09-23,TikTok,video,18-24,131.83,10699,146,0.0137,6,0.9,21.97,448.52,3.4
591,2024-09-23,TikTok,video,25-34,31.37,1859,32,0.0176,0,0.98,,,0.0
592,2024-09-23,TikTok,display,35-44,140.77,5428,81,0.015,1,1.74,140.77,100.66,0.72
593,2024-09-24,Google,display,18-24,177.83,11275,446,0.0396,18,0.4,9.88,1282.46,7.21
594,2024-09-24,Facebook,carousel,35-44,198.65,6395,108,0.0169,8,1.84,24.83,695.17,3.5
595,2024-09-24,Instagram,story,18-24,32.82,1970,33,0.017,0,0.99,,0.0,0.0
596,2024-09-24,Instagram,story,45-54,173.53,18304,192,0.0105,3,0.9,57.84,221.13,1.27
597,2024-09-24,Instagram,search,35-44,183.25,9484,149,0.0158,7,1.23,26.18,320.71,1.75
598,2024-09-25,Google,search,55+,222.98,8120,300,0.0371,2,0.74,111.49,119.03,0.53
599,2024-09-25,Facebook,carousel,18-24,47.54,3225,37,0.0116,1,1.28,47.54,49.27,1.04
600,2024-09-25,Facebook,story,55+,175.53,15088,215,0.0143,9,0.82,19.5,769.26,4.38
601,2024-09-25,Instagram,story,55+,182.65,14101,172,0.0123,5,1.06,36.53,230.28,1.26
602,2024-09-25,Instagram,display,45-54,205.73,15816,320,0.0203,6,0.64,34.29,308.18,1.5
603,2024-09-25,Instagram,search,35-44,153.6,10697,218,0.0204,3,0.7,51.2,184.99,1.2
604,2024-09-25,TikTok,display,35-44,98.67,2503,42,0.0168,1,2.35,98.67,,0.81
605,2024-09-25,TikTok,carousel,35-44,20,1428,24,0.0175,0,0.83,,0.0,0.0
606,2024-09-25,TikTok,search,25-34,207.72,16608,347,0.0209,8,0.6,25.96,512.38,2.47
607,2024-09-26,Facebook,story,55+,157.83,5905,50,0.0086,0,3.16,,0.0,0.0
608,2024-09-26,Facebook,display,45-54,76.41,3078,33,0.011,0,2.32,,0.0,0.0
609,2024-09-26,Instagram,search,45-54,212.38,8177,182,0.0223,5,1.17,42.48,247.36,1.16
610,2024-09-26,TikTok,carousel,55+,134.7,10524,210,0.02,1,0.64,134.7,24.45,0.18
611,2024-09-27,Google,search,25-34,126.27,9804,331,0.0338,5,0.38,25.25,278.08,2.2
612,2024-09-27,Google,display,35-44,197.15,21644,716,0.0331,11,0.28,17.92,823.03,4.17
613,2024-09-27,Facebook,carousel,35-44,213.73,26028,258,0.0099,10,0.83,21.37,,4.65
614,2024-09-27,Instagram,video,55+,225.15,22763,299,0.0131,11,0.75,20.47,657.93,2.92
615,2024-09-27,LinkedIn,video,18-24,20,1423,3,0.0027,0,6.67,,0,0.0
616,2024-09-29,Google,video,45-54,279.82,10145,365,0.0361,15,0.77,18.65,1377.34,4.92
617,2024-09-29,Google,carousel,55+,198.21,9265,277,0.0299,7,0.72,28.32,360.46,1.82
618,2024-09-29,Facebook,carousel,55+,128.49,4187,86,0.0207,3,1.49,42.83,156.69,1.22
619,2024-09-29,Instagram,carousel,45-54,135.85,6768,121,0.0179,4,1.12,33.96,370.24,2.73
620,2024-09-29,TikTok,search,55+,180.96,11835,261,0.0221,4,0.69,45.24,268.96,1.49
621,2024-09-29,LinkedIn,display,45-54,151.17,7792,63,0.0082,2,2.4,75.58,250.42,1.66
622,2024-09-29,LinkedIn,video,18-24,189.9,4505,31,0.0069,1,6.13,189.9,68.68,0.36
623,2024-09-29,LinkedIn,story,55+,113.3,4529,48,0.0106,0,2.36,,0.0,0.0
624,2024-09-30,Google,carousel,25-34,205.81,23107,989,0.0428,47,0.21,4.38,1689.65,8.21
625,2024-09-30,Google,video,18-24,176.11,14740,528,0.0359,13,0.33,13.55,1039.24,5.9
626,2024-09-30,LinkedIn,display,18-24,20,1767,18,0.0105,0,1.11,,0.0,0.0
627,2024-09-30,LinkedIn,display,45-54,142.53,8530,89,0.0105,1,1.6,142.53,75.47,0.53
628,2024-09-30,LinkedIn,carousel,35-44,38.81,3471,3,0.001,0,12.94,,0.0,0.0
629,2024-10-01,Google,story,18-24,198.3,11395,345,0.0303,10,0.57,19.83,393.36,1.98
630,2024-10-01,Google,carousel,25-34,113.66,8013,292,0.0365,11,0.39,10.33,1028.35,9.05
631,2024-10-01,Google,display,45-54,160.91,10571,357,0.0339,12,0.45,13.41,1170.04,7.27
632,2024-10-01,Facebook,display,18-24,123.22,4343,84,0.0195,1,1.47,123.22,80.26,0.65
633,2024-10-01,Facebook,story,55+,184.15,14811,230,0.0156,7,0.8,26.31,277.17,1.51
634,2024-10-01,Facebook,carousel,18-24,186.07,4279,41,0.0096,1,4.54,186.07,66.62,0.36
635,2024-10-01,Instagram,search,55+,128.72,7595,74,0.0099,1,1.74,128.72,129.23,1.0
636,2024-10-01,TikTok,video,18-24,191.68,16601,229,0.0139,8,0.84,23.96,891.61,4.65
637,2024-10-01,TikTok,story,35-44,135.35,11369,221,0.0195,13,0.61,10.41,1361.03,10.06
638,2024-10-01,LinkedIn,story,18-24,309.26,16051,30,0.0019,0,10.31,,0.0,0.0
639,2024-10-01,LinkedIn,carousel,55+,90.12,5983,94,0.0158,3,0.96,30.04,130.65,1.45
640,2024-10-02,Google,video,35-44,20,811,29,0.0367,0,0.69,,0.0,0.0
641,2024-10-02,Google,display,25-34,133.86,7614,272,0.0358,11,0.49,12.17,955.75,7.14
642,2024-10-02,Google,search,18-24,200.18,17348,634,0.0366,0,0.32,,0.0,0.0
643,2024-10-02,Facebook,story,18-24,165.02,9377,55,0.0059,2,3.0,82.51,131.84,0.8
644,2024-10-02,Facebook,carousel,55+,196.92,11168,223,0.02,5,0.88,39.38,329.18,1.67
645,2024-10-02,Instagram,video,55+,117.52,5312,124,0.0235,4,0.95,29.38,84.8,0.72
646,2024-10-02,Instagram,story,55+,203.4,19096,199,0.0104,3,1.02,67.8,215.93,1.06
647,2024-10-02,LinkedIn,display,45-54,173.47,7224,28,0.004,1,6.2,173.47,52.24,0.3
648,2024-10-02,LinkedIn,search,45-54,95.25,6212,44,0.0072,1,2.16,95.25,89.0,0.93
649,2024-10-02,LinkedIn,display,45-54,155.88,5441,38,0.007,1,4.1,155.88,31.88,0.2
650,2024-10-03,Facebook,display,35-44,208.18,11548,78,0.0068,2,2.67,104.09,237.46,1.14
651,2024-10-03,Facebook,display,35-44,171.95,10254,37,0.0037,1,4.65,171.95,40.65,0.24
652,2024-10-03,Instagram,carousel,25-34,80.67,4816,77,0.0161,1,1.05,80.67,61.44,0.76
653,2024-10-03,Instagram,display,18-24,20,1616,30,0.0191,0,0.67,,0.0,0.0
654,2024-10-03,TikTok,carousel,25-34,282.52,9925,187,0.0189,9,1.51,31.39,473.0,1.67
655,2024-10-03,LinkedIn,carousel,55+,20,1762,24,0.0137,0,0.83,,0.0,0.0
656,2024-10-03,LinkedIn,display,25-34,198.53,6113,38,0.0063,1,5.22,198.53,107.29,0.54
657,2024-10-03,LinkedIn,carousel,25-34,250.23,23506,59,0.0025,1,4.24,250.23,,0.29
658,2024-10-04,Facebook,display,45-54,215.36,21574,263,0.0122,5,0.82,43.07,586.44,2.72
659,2024-10-04,Facebook,display,45-54,96.69,9310,133,0.0143,0,0.73,,0.0,0.0
660,2024-10-04,Instagram,search,45-54,166.26,12161,62,0.0051,1,2.68,166.26,128.41,0.77
661,2024-10-04,Instagram,search,25-34,176.27,16730,256,0.0153,10,0.69,17.63,895.61,5.08
662,2024-10-04,Instagram,carousel,45-54,20,1493,22,0.0148,0,0.91,,0.0,0.0
663,2024-10-04,LinkedIn,display,45-54,118.75,8128,90,0.0111,3,1.32,39.58,78.54,0.66
664,2024-10-04,LinkedIn,carousel,25-34,160.79,11263,92,0.0082,3,1.75,53.6,183.44,1.14
665,2024-10-04,LinkedIn,display,18-24,168.0,9525,47,0.005,1,3.57,168.0,85.02,0.51
666,2024-10-05,Instagram,story,55+,68.32,3410,69,0.0203,1,0.99,68.32,78.35,1.15
667,2024-10-05,Instagram,video,18-24,176.31,6263,48,0.0078,0,3.67,,0.0,0.0
668,2024-10-06,Google,video,18-24,86.16,2505,79,0.0318,2,1.09,43.08,182.55,2.12
669,2024-10-06,Google,display,25-34,252.63,16823,642,0.0382,26,0.39,9.72,2751.79,10.89
670,2024-10-06,Google,video,18-24,20,919,34,0.037,0,0.59,,0.0,0.0
671,2024-10-06,Facebook,carousel,55+,141.22,13102,146,0.0112,5,0.97,28.24,410.03,2.9
672,2024-10-06,Facebook,display,25-34,249.53,11186,105,0.0094,4,2.38,62.38,515.99,2.07
673,2024-10-06,Facebook,search,25-34,311.75,11347,183,0.0161,6,1.7,51.96,155.8,0.5
674,2024-10-06,Instagram,search,18-24,277.88,12260,214,0.0175,2,1.3,138.94,150.56,0.54
675,2024-10-06,Instagram,carousel,35-44,73.55,3941,22,0.0056,0,3.34,,0.0,0.0
676,2024-10-06,TikTok,carousel,18-24,145.36,9854,312,0.0317,7,0.47,20.77,648.97,4.46
677,2024-10-06,TikTok,video,55+,231.57,14607,345,0.0236,15,0.67,15.44,577.27,2.49
678,2024-10-06,TikTok,story,18-24,118.31,10024,261,0.026,1,0.45,118.31,69.35,0.59
679,2024-10-06,LinkedIn,story,35-44,247.96,16964,248,0.0147,5,1.0,49.59,537.81,2.17
680,2024-10-06,LinkedIn,search,35-44,177.01,8799,77,0.0088,2,2.3,88.5,211.99,1.2
681,2024-10-06,LinkedIn,story,25-34,150.11,5204,24,0.0047,1,6.25,150.11,10,0.07
682,2024-10-07,Google,search,55+,20,1305,40,0.0308,0,0.5,,0.0,0.0
683,2024-10-07,Google,story,35-44,111.2,9220,328,0.0356,4,0.34,27.8,131.32,1.18
684,2024-10-07,Instagram,display,18-24,226.18,14322,165,0.0116,1,1.37,226.18,62.01,0.27
685,2024-10-07,Instagram,display,35-44,216.67,16192,121,0.0075,4,1.79,54.17,392.34,1.81
686,2024-10-07,Instagram,story,45-54,230.5,12629,114,0.009,3,2.02,76.83,231.88,1.01
687,2024-10-07,TikTok,carousel,25-34,210.25,21152,512,0.0242,9,0.41,23.36,926.04,4.4
688,2024-10-07,LinkedIn,video,25-34,206.41,12032,191,0.0159,2,1.08,103.2,162.82,0.79
689,2024-10-07,LinkedIn,search,55+,86.58,7095,7,0.001,0,12.37,,0.0,0.0
690,2024-10-08,Google,search,45-54,217.29,22706,853,0.0376,26,0.25,8.36,2448.61,11.27
691,2024-10-08,Google,display,45-54,206.37,15960,573,0.0359,35,0.36,5.9,431.32,2.09
692,2024-10-08,Google,carousel,35-44,309.71,18025,807,0.0448,16,0.38,19.36,1455.32,4.7
693,2024-10-08,Instagram,carousel,45-54,85.49,5110,66,0.0131,1,1.3,85.49,51.99,0.61
694,2024-10-08,Instagram,video,45-54,154.37,10617,134,0.0127,3,1.15,51.46,134.86,0.87
695,2024-10-08,TikTok,video,55+,50.36,5949,104,0.0176,3,0.48,16.79,247.44,4.91
696,2024-10-08,LinkedIn,display,45-54,102.66,8241,100,0.0121,1,1.03,102.66,82.42,0.8
697,2024-10-08,LinkedIn,video,18-24,256.46,23088,124,0.0054,4,2.07,64.11,399.57,1.56
698,2024-10-09,Google,search,25-34,272.36,19050,625,0.0328,15,0.44,18.16,150,0.55
699,2024-10-09,Google,story,25-34,136.37,9899,438,0.0443,8,0.31,17.05,405.49,2.97
700,2024-10-09,Google,story,45-54,161.5,7155,284,0.0397,8,0.57,20.19,710.27,4.4
701,2024-10-09,Instagram,carousel,55+,158.66,13025,316,0.0243,8,0.5,19.83,824.54,5.2
702,2024-10-09,Instagram,carousel,35-44,120.6,11779,217,0.0184,12,0.56,10.05,523.9,4.34
703,2024-10-09,TikTok,video,45-54,189.03,18202,198,0.0109,5,0.95,37.81,217.82,1.15
704,2024-10-09,TikTok,display,45-54,193.33,11957,209,0.0175,3,0.93,64.44,178.59,0.92
705,2024-10-09,TikTok,display,55+,99.95,9966,185,0.0186,6,0.54,16.66,161.57,1.62
706,2024-10-10,Google,story,55+,191.39,16243,704,0.0433,27,0.27,7.09,2470.79,12.91
707,2024-10-10,Instagram,search,25-34,20,992,15,0.0155,0,1.33,,0.0,0.0
708,2024-10-10,Instagram,video,18-24,20,1866,21,0.0115,0,0.95,,0.0,0.0
709,2024-10-10,TikTok,video,25-34,102.84,7353,171,0.0233,2,0.6,51.42,186.95,1.82
710,2024-10-10,TikTok,carousel,18-24,138.5,8287,149,0.018,7,0.93,19.79,233.6,1.69
711,2024-10-10,TikTok,video,25-34,229.34,24492,384,0.0157,8,0.6,28.67,781.35,3.41
712,2024-10-10,LinkedIn,carousel,45-54,189.53,16508,190,0.0115,5,1.0,37.91,305.52,1.61
713,2024-10-10,LinkedIn,display,45-54,319.79,24921,332,0.0134,9,0.96,35.53,368.59,1.15
714,2024-10-11,Google,video,25-34,178.05,18666,801,0.0429,26,0.22,6.85,1828.07,10.27
715,2024-10-11,Facebook,search,35-44,139.26,11435,167,0.0147,2,0.83,69.63,76.76,0.55
716,2024-10-11,Facebook,story,35-44,152.1,13131,186,0.0142,5,0.82,30.42,171.91,1.13
717,2024-10-11,Instagram,carousel,18-24,100.4,6656,144,0.0217,3,0.7,33.47,204.86,2.04
718,2024-10-11,Instagram,story,55+,92.11,7627,40,0.0053,1,2.3,92.11,100.71,1.09
719,2024-10-11,TikTok,display,55+,56.08,2262,41,0.0182,1,1.37,56.08,76.0,1.36
720,2024-10-11,LinkedIn,search,55+,20,2047,12,0.0062,0,1.67,,0.0,0.0
721,2024-10-12,Instagram,story,35-44,230.78,13682,156,0.0114,3,1.48,76.93,261.31,1.13
722,2024-10-12,Instagram,carousel,55+,128.22,5567,89,0.016,3,1.44,42.74,196.77,1.53
723,2024-10-12,TikTok,display,25-34,72.91,2813,33,0.0118,2,2.21,36.45,119.13,1.63
724,2024-10-13,Google,search,18-24,248.56,10405,352,0.0339,6,0.71,41.43,482.28,1.94
725,2024-10-13,Google,carousel,55+,51.88,2633,69,0.0264,1,0.75,51.88,58.83,1.13
726,2024-10-13,Instagram,video,25-34,87.75,5924,104,0.0176,4,0.84,21.94,386.19,4.4
727,2024-10-13,Instagram,display,45-54,249.35,8835,202,0.0229,4,1.23,62.34,343.38,1.38
728,2024-10-13,TikTok,display,35-44,242.86,14539,223,0.0154,3,1.09,80.95,286.05,1.18
729,2024-10-13,LinkedIn,search,45-54,110.49,5542,23,0.0043,0,4.8,,0.0,0.0
730,2024-10-14,TikTok,search,45-54,136.98,4192,56,0.0134,2,2.45,68.49,126.15,0.92
731,2024-10-15,Google,story,55+,164.13,20394,859,0.0421,22,0.19,7.46,1491.36,9.09
732,2024-10-15,Google,story,18-24,238.19,12753,418,0.0328,8,0.57,29.77,332.44,1.4
733,2024-10-15,Google,carousel,45-54,196.94,10956,364,0.0333,18,0.54,10.94,1982.54,10.07
734,2024-10-15,Facebook,story,18-24,201.53,10466,160,0.0154,3,1.26,67.18,159.7,0.79
735,2024-10-15,Instagram,video,55+,216.4,19084,326,0.0171,20,0.66,10.82,2207.03,10.2
736,2024-10-15,Instagram,story,55+,134.66,12841,162,0.0127,7,0.83,19.24,919.28,6.83
737,2024-10-15,LinkedIn,story,25-34,142.47,13028,80,0.0062,0,1.78,,0.0,0.0
738,2024-10-15,LinkedIn,video,45-54,77.66,3136,30,0.0097,1,2.59,77.66,,1.24
739,2024-10-15,LinkedIn,search,55+,207.63,16855,101,0.006,4,2.06,51.91,231.69,1.12
740,2024-10-16,Facebook,search,18-24,59.72,3890,52,0.0135,2,1.15,29.86,163.52,2.74
741,2024-10-16,Facebook,carousel,18-24,121.0,5753,51,0.0089,1,2.37,121.0,70.02,0.58
742,2024-10-16,Facebook,video,25-34,126.73,12138,65,0.0054,0,1.95,,0.0,0.0
743,2024-10-16,Instagram,display,35-44,62.92,4441,70,0.0159,1,0.9,62.92,89.46,1.42
744,2024-10-16,Instagram,search,45-54,124.41,12730,223,0.0175,3,0.56,41.47,222.47,1.79
745,2024-10-16,Instagram,search,55+,152.49,7085,75,0.0107,2,2.03,76.25,91.57,0.6
746,2024-10-16,TikTok,search,18-24,111.91,9776,242,0.0248,7,0.46,15.99,549.1,4.91
747,2024-10-16,TikTok,search,25-34,214.23,19494,525,0.027,8,0.41,26.78,504.35,2.35
748,2024-10-16,LinkedIn,video,45-54,20,1339,10,0.0075,0,2.0,,0.0,0.0
749,2024-10-17,Google,story,25-34,213.92,20203,589,0.0292,20,0.36,10.7,2003.96,9.37
750,2024-10-17,Facebook,story,55+,137.77,8150,104,0.0128,2,1.32,68.89,118.65,0.86
751,2024-10-17,Facebook,search,25-34,59.81,4022,65,0.0162,0,0.92,,0.0,0.0
752,2024-10-17,Facebook,carousel,18-24,143.46,10257,158,0.0155,7,0.91,20.49,490.74,3.42
753,2024-10-17,TikTok,display,18-24,84.48,8190,145,0.0177,0,0.58,,0.0,0.0
754,2024-10-17,TikTok,search,35-44,195.05,10049,167,0.0167,8,1.17,24.38,295.18,1.51
755,2024-10-17,TikTok,story,55+,193.69,16288,350,0.0215,0,0.55,,0.0,0.0
756,2024-10-18,Google,video,55+,57.6,4002,108,0.0271,3,0.53,19.2,218.92,3.8
757,2024-10-18,Google,story,18-24,162.71,9751,340,0.0349,7,0.48,23.24,704.26,4.33
758,2024-10-18,Instagram,carousel,18-24,235.04,14813,178,0.012,5,1.32,47.01,520.48,2.21
759,2024-10-18,Instagram,story,45-54,46.7,3469,58,0.0167,0,0.81,,0.0,0.0
760,2024-10-18,TikTok,video,18-24,115.77,8319,101,0.0122,1,1.15,115.77,69.84,0.6
761,2024-10-18,TikTok,carousel,18-24,136.75,10094,183,0.0182,7,0.75,19.54,428.03,3.13
762,2024-10-19,Google,video,18-24,228.41,10276,271,0.0265,8,0.84,28.55,320.93,1.41
763,2024-10-19,Google,search,25-34,226.01,7701,282,0.0366,10,0.8,22.6,755.46,3.34
764,2024-10-19,Facebook,search,55+,93.49,7103,37,0.0053,1,2.53,93.49,80.72,0.86
765,2024-10-19,Instagram,video,18-24,121.66,4959,7,0.0015,0,17.38,,0.0,0.0
766,2024-10-19,Instagram,story,35-44,72.61,4420,64,0.0146,2,1.13,36.3,229.25,3.16
767,2024-10-19,Instagram,search,35-44,146.09,11174,146,0.0131,4,1.0,36.52,480.46,3.29
768,2024-10-19,TikTok,story,18-24,296.88,10831,196,0.0181,6,1.51,49.48,547.03,1.84
769,2024-10-19,TikTok,carousel,55+,251.41,11432,339,0.0297,4,0.74,62.85,286.75,1.14
770,2024-10-19,TikTok,carousel,35-44,185.46,10306,241,0.0234,1,0.77,185.46,70.43,0.38
771,2024-10-19,LinkedIn,video,45-54,83.34,5643,56,0.0101,0,1.49,,0.0,0.0
772,2024-10-19,LinkedIn,video,35-44,229.06,7771,145,0.0188,3,1.58,76.35,260.14,1.14
773,2024-10-20,Google,story,25-34,173.27,5631,227,0.0404,9,0.76,19.25,584.16,3.37
774,2024-10-20,Google,display,25-34,159.46,5039,193,0.0384,6,0.83,26.58,276.97,1.74
775,2024-10-20,Google,video,18-24,297.53,13573,460,0.0339,17,0.65,17.5,1688.33,5.67
776,2024-10-20,Facebook,carousel,35-44,178.14,7772,83,0.0108,2,2.15,89.07,228.28,1.28
777,2024-10-20,Facebook,display,45-54,122.03,6814,55,0.0081,2,2.22,61.02,90.45,0.74
778,2024-10-20,Facebook,display,45-54,105.88,4336,37,0.0086,0,2.86,,0.0,0.0
779,2024-10-20,TikTok,story,25-34,309.84,17995,392,0.0218,6,0.79,51.64,60,0.19
780,2024-10-20,TikTok,story,45-54,20,477,12,0.0263,0,1.67,,0.0,0.0
781,2024-10-21,Google,search,45-54,94.04,12866,489,0.0381,22,0.19,4.27,2249.14,23.92
782,2024-10-21,Google,search,18-24,247.24,25042,1057,0.0422,44,0.23,5.62,3367.44,13.62
783,2024-10-21,Facebook,video,45-54,131.52,9603,21,0.0023,0,6.26,,0.0,0.0
784,2024-10-21,Facebook,display,18-24,102.96,3590,52,0.0147,0,1.98,,0.0,0.0
785,2024-10-21,Facebook,display,25-34,198.44,17830,180,0.0101,6,1.1,33.07,258.91,1.3
786,2024-10-21,LinkedIn,video,18-24,133.12,4778,30,0.0063,1,4.44,133.12,10,0.08
787,2024-10-21,LinkedIn,video,45-54,186.2,6514,20,0.0032,0,9.31,,0.0,0.0
788,2024-10-22,Google,video,55+,125.09,8147,305,0.0375,1,0.41,125.09,44.15,0.35
789,2024-10-22,Google,carousel,18-24,281.92,16254,630,0.0388,25,0.45,11.28,2343.72,8.31
790,2024-10-22,Google,video,18-24,64.76,4466,193,0.0433,1,0.34,64.76,65.5,1.01
791,2024-10-22,Instagram,video,25-34,79.17,3072,39,0.0129,1,2.03,79.17,57.73,0.73
792,2024-10-22,TikTok,story,45-54,192.88,11020,210,0.0191,4,0.92,48.22,202.3,1.05
793,2024-10-22,LinkedIn,carousel,25-34,174.92,13408,53,0.004,0,3.3,,0.0,0.0
794,2024-10-22,LinkedIn,search,55+,191.45,1335,5,0.0044,0,38.29,,0.0,0.0
795,2024-10-23,Google,display,35-44,117.33,11072,395,0.0357,27,0.3,4.35,792.86,6.76
796,2024-10-23,Google,display,35-44,200.92,14701,553,0.0376,4,0.36,50.23,188.14,0.94
797,2024-10-23,Instagram,display,18-24,244.01,10193,122,0.012,3,2.0,81.34,301.53,1.24
798,2024-10-23,Instagram,display,55+,190.26,20085,383,0.0191,22,0.5,8.65,1520.16,7.99
799,2024-10-23,Instagram,video,25-34,58.92,4052,17,0.0043,0,3.47,,0.0,0.0
800,2024-10-23,LinkedIn,story,45-54,115.51,6799,6,0.001,0,19.25,,0.0,0.0
801,2024-10-24,Facebook,display,35-44,116.66,12785,192,0.0151,8,0.61,14.58,205.55,1.76
802,2024-10-24,Facebook,search,35-44,292.62,15094,129,0.0086,5,2.27,58.52,403.79,1.38
803,2024-10-24,Facebook,video,18-24,199.46,10987,108,0.0099,2,1.85,99.73,212.85,1.07
804,2024-10-24,Instagram,carousel,18-24,243.91,16826,182,0.0108,6,1.34,40.65,481.95,1.98
805,2024-10-24,Instagram,carousel,18-24,175.45,12087,224,0.0186,14,0.78,12.53,1573.79,8.97
806,2024-10-24,LinkedIn,search,35-44,215.95,16562,218,0.0132,4,0.99,53.99,,0.36
807,2024-10-24,LinkedIn,search,35-44,155.31,12748,235,0.0185,1,0.66,155.31,33.44,0.22
808,2024-10-25,Google,video,45-54,147.4,14751,577,0.0391,26,0.26,5.67,1966.28,13.34
809,2024-10-25,Facebook,search,25-34,141.35,10906,83,0.0077,5,1.7,28.27,396.36,2.8
810,2024-10-25,Facebook,search,35-44,186.07,13494,150,0.0112,6,1.24,31.01,351.57,1.89
811,2024-10-25,Facebook,search,45-54,151.05,16442,243,0.0148,2,0.62,75.53,70.62,0.47
812,2024-10-25,Instagram,search,45-54,152.65,8665,216,0.0249,9,0.71,16.96,694.45,4.55
813,2024-10-25,Instagram,video,35-44,147.7,11834,136,0.0115,3,1.09,49.23,149.99,1.02
814,2024-10-25,Instagram,display,25-34,20,1743,35,0.0205,0,0.57,,0.0,0.0
815,2024-10-25,LinkedIn,video,25-34,128.11,8209,124,0.0152,2,1.03,64.06,95.17,0.74
816,2024-10-26,Google,story,18-24,197.37,15098,525,0.0348,16,0.38,12.34,584.22,2.96
817,2024-10-26,Google,display,55+,155.54,8353,253,0.0303,12,0.61,12.96,353.32,2.27
818,2024-10-26,Google,video,55+,87.29,4078,108,0.0265,4,0.81,21.82,144.63,1.66
819,2024-10-26,Facebook,display,25-34,180.36,13157,289,0.022,11,0.62,16.4,720.14,3.99
820,2024-10-26,Instagram,search,45-54,279.02,19118,417,0.0218,12,0.67,23.25,390.94,1.4
821,2024-10-26,LinkedIn,carousel,18-24,158.56,8158,39,0.0048,1,4.07,158.56,29.16,0.18
822,2024-10-26,LinkedIn,search,25-34,141.75,8581,102,0.012,0,1.39,,0.0,0.0
823,2024-10-26,LinkedIn,carousel,25-34,88.09,2872,22,0.0079,1,4.0,88.09,51.32,0.58
824,2024-10-27,Google,carousel,18-24,199.29,6393,184,0.0288,2,1.08,99.64,133.36,0.67
825,2024-10-27,Facebook,video,45-54,20,1933,19,0.0101,0,1.05,,0.0,0.0
826,2024-10-27,Facebook,carousel,18-24,65.73,2715,31,0.0116,1,2.12,65.73,75.47,1.15
827,2024-10-27,Instagram,story,25-34,135.48,7343,92,0.0126,1,1.47,135.48,38.92,0.29
828,2024-10-27,LinkedIn,carousel,35-44,102.82,4132,61,0.0149,3,1.69,34.27,315.44,3.07
829,2024-10-27,LinkedIn,search,35-44,227.23,14692,117,0.008,0,1.94,,0.0,0.0
830,2024-10-28,Facebook,story,55+,206.06,24256,419,0.0173,10,0.49,20.61,493.69,2.4
831,2024-10-28,Instagram,carousel,45-54,123.18,6504,79,0.0122,3,1.56,41.06,328.22,2.66
832,2024-10-28,Instagram,video,25-34,101.32,7849,167,0.0213,5,0.61,20.26,343.05,3.39
833,2024-10-28,Instagram,video,25-34,142.51,11945,188,0.0158,7,0.76,20.36,508.51,3.57
834,2024-10-28,LinkedIn,search,45-54,155.43,10200,25,0.0025,1,6.22,155.43,103.89,0.67
835,2024-10-28,LinkedIn,video,45-54,175.01,4955,35,0.0071,1,5.0,175.01,87.13,0.5
836,2024-10-29,Facebook,display,55+,20,929,16,0.0176,0,1.25,,0.0,0.0
837,2024-10-29,Facebook,story,25-34,20,850,6,0.0077,0,3.33,,0.0,0.0
838,2024-10-29,Facebook,display,18-24,114.44,5675,76,0.0135,2,1.51,57.22,52.27,0.46
839,2024-10-29,Instagram,carousel,25-34,226.24,14569,285,0.0196,13,0.79,17.4,569.84,2.52
840,2024-10-29,TikTok,video,55+,20,1222,25,0.0207,1,0.8,20.0,69.79,3.49
841,2024-10-29,TikTok,display,18-24,140.52,11846,148,0.0126,3,0.95,46.84,198.68,1.41
842,2024-10-29,TikTok,search,45-54,66.92,5813,80,0.0138,1,0.84,66.92,62.8,0.94
843,2024-10-29,LinkedIn,search,35-44,121.16,4023,8,0.0022,0,15.14,,0.0,0.0
844,2024-10-29,LinkedIn,search,18-24,235.57,12788,47,0.0037,2,5.01,117.78,120.78,0.51
845,2024-10-30,Facebook,story,45-54,49.44,4797,37,0.0078,0,1.34,,0.0,0.0
846,2024-10-30,Facebook,carousel,45-54,50.66,4003,32,0.008,0,1.58,,0.0,0.0
847,2024-10-30,Instagram,story,18-24,20,922,16,0.0178,0,1.25,,0.0,0.0
848,2024-10-30,Instagram,video,55+,175.93,16227,340,0.021,17,0.52,10.35,2117.19,12.03
849,2024-10-30,Instagram,carousel,55+,329.5,22011,496,0.0226,37,0.66,8.91,516.62,1.57
850,2024-10-30,TikTok,search,35-44,33.76,1037,21,0.0205,0,1.61,,0.0,0.0
851,2024-10-31,Google,display,35-44,226.67,11801,362,0.0307,7,0.63,32.38,299.69,1.32
852,2024-10-31,Facebook,video,35-44,188.1,14788,231,0.0157,11,0.81,17.1,665.76,3.54
853,2024-10-31,Facebook,display,55+,193.09,5651,42,0.0074,0,4.6,,0.0,0.0
854,2024-10-31,Facebook,carousel,25-34,237.46,11198,36,0.0033,1,6.6,237.46,10,0.04
855,2024-10-31,Instagram,search,35-44,221.52,7731,47,0.0061,2,4.71,110.76,174.51,0.79
856,2024-10-31,TikTok,carousel,35-44,57.76,3972,61,0.0156,0,0.95,,0.0,0.0
857,2024-10-31,TikTok,carousel,18-24,67.99,3737,73,0.0196,1,0.93,67.99,46.58,0.69
858,2024-11-01,Instagram,display,35-44,174.81,7545,111,0.0148,0,1.57,,0.0,0.0
859,2024-11-01,Instagram,search,18-24,20,1868,38,0.0206,1,0.53,20.0,32.17,1.61
860,2024-11-01,Instagram,story,45-54,62.69,3065,20,0.0066,0,3.13,,0.0,0.0
861,2024-11-01,TikTok,story,55+,248.35,17570,304,0.0173,10,0.82,24.84,577.55,2.33
862,2024-11-01,TikTok,video,18-24,157.61,4399,78,0.0178,3,2.02,52.54,176.87,1.12
863,2024-11-01,TikTok,search,55+,62.35,2317,47,0.0207,1,1.33,62.35,72.3,1.16
864,2024-11-02,Google,search,35-44,93.66,5696,177,0.0311,3,0.53,31.22,61.4,0.66
865,2024-11-02,Facebook,story,55+,286.55,10306,128,0.0125,3,2.24,95.52,58.8,0.21
866,2024-11-02,Facebook,search,55+,58.06,4730,38,0.0082,1,1.53,58.06,40.16,0.69
867,2024-11-02,Facebook,video,25-34,123.13,6872,127,0.0185,7,0.97,17.59,70,0.57
868,2024-11-02,TikTok,display,45-54,210.64,13483,117,0.0087,0,1.8,,0,0.0
869,2024-11-02,TikTok,search,25-34,23.34,1493,27,0.0186,0,0.86,,0.0,0.0
870,2024-11-02,TikTok,search,18-24,63.8,4381,76,0.0175,2,0.84,31.9,60.0,0.94
871,2024-11-02,LinkedIn,display,18-24,110.1,3802,3,0.001,0,36.7,,0.0,0.0
872,2024-11-03,Google,story,45-54,164.24,7972,224,0.0282,7,0.73,23.46,608.29,3.7
873,2024-11-03,Facebook,video,18-24,60.17,3019,29,0.0098,1,2.07,60.17,65.36,1.09
874,2024-11-03,Facebook,video,45-54,181.53,12010,165,0.0138,5,1.1,36.31,427.14,2.35
875,2024-11-03,Facebook,search,45-54,32.87,1059,15,0.0146,0,2.19,,0.0,0.0
876,2024-11-03,Instagram,display,25-34,254.01,13233,270,0.0204,5,0.94,50.8,343.58,1.35
877,2024-11-03,Instagram,carousel,55+,171.5,4792,48,0.0101,0,3.57,,0.0,0.0
878,2024-11-03,TikTok,story,18-24,166.32,3260,29,0.0089,0,5.74,,0.0,0.0
879,2024-11-03,LinkedIn,story,45-54,26.56,1963,21,0.0109,0,1.26,,0.0,0.0
880,2024-11-03,LinkedIn,carousel,25-34,296.66,11403,11,0.001,0,26.97,,0,0.0
881,2024-11-04,Google,search,35-44,74.47,5134,176,0.0344,3,0.42,24.82,143.4,1.93
882,2024-11-04,Google,search,25-34,222.56,15653,690,0.0441,19,0.32,11.71,898.54,4.04
883,2024-11-04,Google,carousel,55+,89.04,6537,201,0.0309,8,0.44,11.13,330.92,3.72
884,2024-11-04,Instagram,display,45-54,179.53,12250,282,0.023,8,0.64,22.44,615.24,3.43
885,2024-11-04,TikTok,carousel,25-34,159.01,5342,45,0.0086,0,3.53,,0.0,0.0
886,2024-11-04,TikTok,display,55+,158.51,8096,137,0.017,6,1.16,26.42,554.32,3.5
887,2024-11-04,TikTok,video,18-24,201.51,9914,76,0.0077,2,2.65,100.75,71.11,0.35
888,2024-11-04,LinkedIn,carousel,25-34,154.76,8836,51,0.0058,2,3.03,77.38,157.93,1.02
889,2024-11-04,LinkedIn,story,35-44,49.45,4070,10,0.0025,0,4.95,,0.0,0.0
890,2024-11-04,LinkedIn,story,45-54,292.62,10195,10,0.001,0,29.26,,0.0,0.0
891,2024-11-05,Facebook,video,35-44,136.39,5389,94,0.0176,2,1.45,68.19,85.52,0.63
892,2024-11-05,Facebook,search,35-44,116.42,12020,109,0.0091,3,1.07,38.81,171.57,1.47
893,2024-11-05,Facebook,story,25-34,166.27,8692,109,0.0126,4,1.53,41.57,470.48,2.83
894,2024-11-05,TikTok,search,25-34,204.38,12607,285,0.0226,16,0.72,12.77,1340.9,6.56
895,2024-11-06,Google,display,35-44,244.19,14535,544,0.0375,6,0.45,40.7,417.23,1.71
896,2024-11-06,Facebook,search,18-24,159.78,16329,177,0.0109,7,0.9,22.83,845.94,5.29
897,2024-11-06,Facebook,display,35-44,303.75,15047,58,0.0039,1,5.24,303.75,101.62,0.33
898,2024-11-06,Facebook,search,18-24,215.49,6940,16,0.0024,0,13.47,,0.0,0.0
899,2024-11-06,Instagram,search,55+,127.69,8828,111,0.0126,2,1.15,63.84,110.76,0.87
900,2024-11-06,Instagram,carousel,55+,57.43,4283,60,0.014,1,0.96,57.43,,0.89
901,2024-11-06,Instagram,story,55+,198.94,11125,98,0.0088,2,2.03,99.47,36.16,0.18
902,2024-11-06,TikTok,carousel,18-24,93.02,10115,180,0.0178,5,0.52,18.6,110.43,1.19
903,2024-11-06,LinkedIn,search,35-44,91.94,4150,6,0.0016,0,15.32,,0.0,0.0
904,2024-11-06,LinkedIn,video,55+,72.07,3566,3,0.001,0,24.02,,0.0,0.0
905,2024-11-07,Google,story,18-24,273.72,32796,1170,0.0357,57,0.23,4.8,1897.9,6.93
906,2024-11-07,Google,story,18-24,85.09,100,3,0.0309,0,28.36,,0.0,0.0
907,2024-11-07,Facebook,display,18-24,349.66,39687,313,0.0079,11,1.12,31.79,1141.37,3.26
908,2024-11-07,TikTok,search,35-44,215.78,23973,400,0.0167,21,0.54,10.28,1412.14,6.54
909,2024-11-07,TikTok,video,55+,92.97,6179,97,0.0158,2,0.96,46.48,147.07,1.58
910,2024-11-07,TikTok,video,55+,65.86,4069,57,0.014,0,1.16,,0.0,0.0
911,2024-11-07,LinkedIn,search,45-54,20,2090,36,0.0175,1,0.56,20.0,77.38,3.87
912,2024-11-07,LinkedIn,display,25-34,207.77,17182,86,0.0051,0,2.42,,0.0,0.0
913,2024-11-08,Google,carousel,35-44,355.76,24496,524,0.0214,24,0.68,14.82,786.15,2.21
914,2024-11-08,Facebook,display,25-34,101.41,13616,175,0.0129,13,0.58,7.8,220.85,2.18
915,2024-11-08,Facebook,video,45-54,127.62,5916,21,0.0037,0,6.08,,0.0,0.0
916,2024-11-08,Instagram,story,55+,20,2044,35,0.0174,1,0.57,20.0,56.14,2.81
917,2024-11-08,TikTok,search,55+,152.22,9082,78,0.0086,3,1.95,50.74,187.93,1.23
918,2024-11-09,Facebook,video,18-24,219.71,11977,136,0.0114,2,1.62,109.86,179.66,0.82
919,2024-11-09,Instagram,carousel,45-54,198.92,16057,444,0.0277,6,0.45,33.15,492.21,2.47
920,2024-11-09,TikTok,carousel,55+,206.25,5228,62,0.0119,2,3.33,103.12,54.78,0.27
921,2024-11-09,TikTok,story,35-44,103.67,7475,113,0.0152,4,0.92,25.92,40,0.39
922,2024-11-09,TikTok,search,45-54,20,1248,26,0.0214,1,0.77,20.0,53.91,2.7
923,2024-11-09,LinkedIn,video,25-34,54.66,1464,1,0.001,0,54.66,,0.0,0.0
924,2024-11-10,Google,video,45-54,250.54,19597,591,0.0302,36,0.42,6.96,2648.14,10.57
925,2024-11-10,Google,display,18-24,108.87,5410,182,0.0338,6,0.6,18.14,213.41,1.96
926,2024-11-10,Google,video,45-54,214.2,14575,435,0.0299,24,0.49,8.92,240,1.12
927,2024-11-10,Facebook,video,25-34,98.57,6448,68,0.0106,1,1.45,98.57,73.82,0.75
928,2024-11-10,Facebook,video,35-44,149.73,4884,49,0.0102,1,3.06,149.73,65.37,0.44
929,2024-11-10,Facebook,search,55+,98.94,6940,18,0.0026,0,5.5,,0.0,0.0
930,2024-11-10,TikTok,carousel,25-34,101.8,5893,62,0.0106,0,1.64,,0.0,0.0
931,2024-11-10,TikTok,video,25-34,178.86,408,4,0.01,0,44.72,,0.0,0.0
932,2024-11-11,Google,video,45-54,139.93,7965,278,0.035,11,0.5,12.72,738.9,5.28
933,2024-11-11,Google,carousel,35-44,148.57,4958,118,0.0239,4,1.26,37.14,324.33,2.18
934,2024-11-11,Instagram,story,45-54,31.12,1220,23,0.0195,0,1.35,,0.0,0.0
935,2024-11-11,Instagram,video,45-54,368.85,39670,467,0.0118,11,0.79,33.53,814.32,2.21
936,2024-11-11,LinkedIn,carousel,35-44,136.95,7794,7,0.001,0,19.56,,0.0,0.0
937,2024-11-11,LinkedIn,story,45-54,296.55,17786,155,0.0087,4,1.91,74.14,101.19,0.34
938,2024-11-12,Google,story,35-44,37.92,4038,161,0.04,0,0.24,,0.0,0.0
939,2024-11-12,Google,search,25-34,214.63,13404,430,0.0321,15,0.5,14.31,847.18,3.95
940,2024-11-12,TikTok,carousel,45-54,20,1094,9,0.0083,0,2.22,,0.0,0.0
941,2024-11-12,TikTok,video,55+,50.57,4079,108,0.0266,3,0.47,16.86,115.02,2.27
942,2024-11-12,LinkedIn,story,18-24,106.58,4494,48,0.0109,1,2.22,106.58,82.7,0.78
943,2024-11-12,LinkedIn,video,35-44,20.59,1191,23,0.0197,0,0.9,,0.0,0.0
944,2024-11-12,LinkedIn,display,45-54,199.14,10215,10,0.001,0,19.91,,0.0,0.0
945,2024-11-13,Google,video,35-44,276.59,14809,536,0.0362,20,0.52,13.83,200,0.72
946,2024-11-13,Google,carousel,55+,305.76,15026,429,0.0286,9,0.71,33.97,564.96,1.85
947,2024-11-13,Facebook,video,45-54,97.27,5749,67,0.0118,1,1.45,97.27,90.55,0.93
948,2024-11-13,Facebook,video,35-44,84.94,7931,106,0.0134,2,0.8,42.47,159.59,1.88
949,2024-11-13,Instagram,story,45-54,83.1,3247,49,0.0154,1,1.7,83.1,88.83,1.07
950,2024-11-13,Instagram,display,18-24,288.71,15785,258,0.0164,11,1.12,26.25,597.12,2.07
951,2024-11-13,Instagram,carousel,35-44,96.37,8879,77,0.0087,2,1.25,48.19,141.13,1.46
952,2024-11-13,TikTok,search,45-54,20,1513,16,0.0111,0,1.25,,0.0,0.0
953,2024-11-13,TikTok,display,55+,191.82,16622,299,0.018,12,0.64,15.98,1008.73,5.26
954,2024-11-13,TikTok,carousel,35-44,275.09,13223,178,0.0135,5,1.55,55.02,157.3,0.57
955,2024-11-13,LinkedIn,display,45-54,155.99,10643,81,0.0076,1,1.93,155.99,58.53,0.38
956,2024-11-13,LinkedIn,story,55+,132.35,8303,67,0.0081,0,1.98,,0.0,0.0
957,2024-11-14,Google,carousel,18-24,156.94,17630,630,0.0357,22,0.25,7.13,514.6,3.28
958,2024-11-14,Google,display,35-44,82.65,2631,112,0.0426,0,0.74,,0.0,0.0
959,2024-11-14,Google,search,25-34,105.65,5796,246,0.0426,8,0.43,13.21,353.03,3.34
960,2024-11-14,Facebook,story,25-34,233.83,10821,209,0.0194,3,1.12,77.94,254.53,1.09
961,2024-11-14,Facebook,display,18-24,143.42,8901,66,0.0074,2,2.17,71.71,112.56,0.78
962,2024-11-14,TikTok,video,25-34,174.34,6858,114,0.0167,2,1.53,87.17,155.61,0.89
963,2024-11-14,LinkedIn,carousel,18-24,84.85,8223,22,0.0027,0,3.86,,0.0,0.0
964,2024-11-14,LinkedIn,search,35-44,187.7,14446,145,0.0101,0,1.29,,0.0,0.0
965,2024-11-15,Google,display,25-34,184.9,15271,401,0.0263,9,0.46,20.54,921.34,4.98
966,2024-11-15,Facebook,carousel,35-44,128.69,8347,92,0.011,2,1.4,64.34,147.5,1.15
967,2024-11-15,Instagram,search,55+,118.68,9324,115,0.0124,3,1.03,39.56,198.52,1.67
968,2024-11-15,Instagram,story,35-44,23.77,1970,9,0.0049,0,2.64,,0.0,0.0
969,2024-11-16,Instagram,search,55+,291.74,12414,146,0.0118,1,2.0,291.74,15.12,0.05
970,2024-11-16,Instagram,story,18-24,20,989,14,0.0148,0,1.43,,0.0,0.0
971,2024-11-16,TikTok,search,55+,27.44,983,19,0.0198,0,1.44,,0.0,0.0
972,2024-11-16,LinkedIn,search,18-24,289.93,24624,413,0.0168,14,0.7,20.71,880.01,3.04
973,2024-11-16,LinkedIn,story,35-44,170.08,5601,92,0.0164,0,1.85,,0.0,0.0
974,2024-11-16,LinkedIn,carousel,35-44,129.17,4669,61,0.0131,1,2.12,129.17,137.78,1.07
975,2024-11-17,Google,carousel,25-34,162.82,8971,326,0.0364,1,0.5,162.82,61.07,0.38
976,2024-11-17,Instagram,carousel,18-24,53.22,3663,45,0.0124,1,1.18,53.22,92.09,1.73
977,2024-11-17,TikTok,search,35-44,126.32,7876,183,0.0233,3,0.69,42.11,281.04,2.22
978,2024-11-17,TikTok,search,25-34,91.74,7292,151,0.0208,9,0.61,10.19,876.95,9.56
979,2024-11-18,Google,story,55+,135.43,7346,319,0.0435,10,0.42,13.54,1077.45,7.96
980,2024-11-18,Google,carousel,35-44,307.76,23124,751,0.0325,0,0.41,,0.0,0.0
981,2024-11-18,Instagram,story,18-24,116.04,6861,29,0.0043,1,4.0,116.04,68.98,0.59
982,2024-11-18,Instagram,story,45-54,212.97,14015,183,0.0131,13,1.16,16.38,1708.23,8.02
983,2024-11-18,Instagram,carousel,45-54,54.37,3253,41,0.0126,1,1.33,54.37,73.96,1.36
984,2024-11-18,LinkedIn,display,18-24,41.46,3985,48,0.0122,1,0.86,41.46,44.57,1.08
985,2024-11-18,LinkedIn,video,35-44,157.49,7082,48,0.0069,1,3.28,157.49,49.55,0.31
986,2024-11-19,Google,search,35-44,148.89,10072,422,0.0419,15,0.35,9.93,1015.63,6.82
987,2024-11-19,Google,story,45-54,322.4,17499,746,0.0427,30,0.43,10.75,2167.47,6.72
988,2024-11-19,Google,story,45-54,272.3,26015,901,0.0346,8,0.3,34.04,742.22,2.73
989,2024-11-19,Instagram,story,25-34,143.75,10023,158,0.0159,3,0.91,47.92,268.18,1.87
990,2024-11-19,Instagram,carousel,55+,38.62,2280,30,0.0132,0,1.29,,0.0,0.0
991,2024-11-19,Instagram,carousel,45-54,212.69,19214,238,0.0124,0,0.89,,0.0,0.0
992,2024-11-20,Facebook,carousel,55+,20,1073,11,0.0106,0,1.82,,0.0,0.0
993,2024-11-20,Facebook,video,18-24,242.86,21297,387,0.0182,10,0.63,24.29,676.03,2.78
994,2024-11-21,Google,carousel,45-54,266.48,15551,466,0.03,5,0.57,53.3,454.82,1.71
995,2024-11-21,Facebook,search,25-34,141.56,6224,55,0.009,1,2.57,141.56,52.16,0.37
996,2024-11-21,Facebook,video,25-34,116.09,10801,129,0.0119,2,0.9,58.05,107.2,0.92
997,2024-11-21,Facebook,story,55+,185.79,12518,192,0.0154,2,0.97,92.89,100.23,0.54
998,2024-11-21,TikTok,search,18-24,253.62,11026,144,0.0131,6,1.76,42.27,60,0.24
999,2024-11-21,TikTok,search,55+,327.99,19089,373,0.0196,22,0.88,14.91,1925.33,5.87
1000,2024-11-21,TikTok,story,55+,110.53,6129,91,0.0149,4,1.21,27.63,202.59,1.83
1001,2024-11-21,LinkedIn,carousel,45-54,75.72,4466,29,0.0067,1,2.61,75.72,57.24,0.76
1002,2024-11-21,LinkedIn,video,35-44,108.36,4163,27,0.0065,1,4.01,108.36,53.94,0.5
1003,2024-11-22,Facebook,search,25-34,186.57,14727,385,0.0262,8,0.48,23.32,458.79,2.46
1004,2024-11-22,Facebook,video,45-54,193.21,20713,246,0.0119,12,0.79,16.1,610.99,3.16
1005,2024-11-22,TikTok,story,35-44,259.03,17534,306,0.0175,3,0.85,86.34,169.29,0.65
1006,2024-11-22,TikTok,video,45-54,234.75,15367,271,0.0177,6,0.87,39.12,612.58,2.61
1007,2024-11-22,LinkedIn,story,55+,181.75,18281,172,0.0094,6,1.06,30.29,384.92,2.12
1008,2024-11-23,Google,video,25-34,71.87,3969,151,0.0382,7,0.48,10.27,957.77,13.33
1009,2024-11-23,Google,search,35-44,228.33,12514,322,0.0257,18,0.71,12.69,1194.19,5.23
1010,2024-11-23,Facebook,video,18-24,105.36,6516,40,0.0062,1,2.63,105.36,80.6,0.76
1011,2024-11-23,Facebook,search,25-34,20,486,4,0.0083,0,5.0,,0.0,0.0
1012,2024-11-23,Instagram,display,35-44,224.44,14988,209,0.014,5,1.07,44.89,518.1,2.31
1013,2024-11-23,TikTok,search,45-54,196.1,11437,253,0.0222,8,0.78,24.51,497.5,2.54
1014,2024-11-23,LinkedIn,carousel,18-24,128.47,4624,39,0.0086,1,3.29,128.47,80.66,0.63
1015,2024-11-23,LinkedIn,video,18-24,73.42,2506,18,0.0072,0,4.08,,0.0,0.0
1016,2024-11-24,TikTok,display,45-54,143.03,5492,113,0.0207,0,1.27,,0.0,0.0
1017,2024-11-24,TikTok,story,18-24,71.1,3380,59,0.0177,1,1.21,71.1,34.04,0.48
1018,2024-11-25,Google,display,45-54,61.47,1467,55,0.0378,1,1.12,61.47,54.17,0.88
1019,2024-11-25,Google,video,18-24,135.96,13659,550,0.0403,0,0.25,,0.0,0.0
1020,2024-11-25,Google,story,45-54,126.97,11025,343,0.0311,7,0.37,18.14,515.1,4.06
1021,2024-11-25,Facebook,video,55+,275.57,8886,56,0.0063,1,4.92,275.57,10,0.04
1022,2024-11-25,Instagram,video,18-24,225.46,14034,203,0.0145,8,1.11,28.18,457.13,2.03
1023,2024-11-25,Instagram,video,25-34,102.9,973,19,0.0199,0,5.42,,0.0,0.0
1024,2024-11-25,TikTok,carousel,35-44,66.38,5234,85,0.0163,1,0.78,66.38,22.97,0.35
1025,2024-11-25,TikTok,carousel,25-34,107.21,8529,116,0.0136,3,0.92,35.74,171.09,1.6
1026,2024-11-25,TikTok,story,55+,20,1974,41,0.0213,0,0.49,,0.0,0.0
1027,2024-11-25,LinkedIn,story,25-34,267.88,20407,277,0.0136,0,0.97,,0.0,0.0
1028,2024-11-25,LinkedIn,carousel,18-24,160.76,9274,122,0.0132,6,1.32,26.79,389.34,2.42
1029,2024-11-25,LinkedIn,story,25-34,214.99,15998,174,0.0109,6,1.24,35.83,336.57,1.57
1030,2024-11-26,Instagram,video,45-54,125.68,6303,119,0.0189,3,1.06,41.89,204.23,1.62
1031,2024-11-26,Instagram,carousel,25-34,94.3,4601,95,0.0208,2,0.99,47.15,148.2,1.57
1032,2024-11-26,Instagram,video,18-24,45.99,5198,53,0.0104,1,0.87,45.99,26.94,0.59
1033,2024-11-26,LinkedIn,story,35-44,138.92,12402,119,0.0096,3,1.17,46.31,129.15,0.93
1034,2024-11-27,Google,search,25-34,218.17,22580,920,0.0408,25,0.24,8.73,1165.24,5.34
1035,2024-11-27,Google,search,35-44,202.96,14314,463,0.0324,17,0.44,11.94,1741.66,8.58
1036,2024-11-27,Google,story,35-44,59.47,7585,327,0.0431,10,0.18,5.95,989.84,16.64
1037,2024-11-27,Facebook,story,55+,107.94,10628,133,0.0125,3,0.81,35.98,,0.88
1038,2024-11-27,Facebook,carousel,45-54,188.35,19775,136,0.0069,4,1.38,47.09,145.56,0.77
1039,2024-11-27,TikTok,display,45-54,157.91,9290,224,0.0242,7,0.7,22.56,797.75,5.05
1040,2024-11-27,TikTok,display,35-44,211.82,23108,423,0.0183,6,0.5,35.3,326.02,1.54
1041,2024-11-27,LinkedIn,video,35-44,132.71,9890,92,0.0094,2,1.44,66.36,145.05,1.09
1042,2024-11-27,LinkedIn,carousel,35-44,210.53,14426,279,0.0194,9,0.75,23.39,400.22,1.9
1043,2024-11-27,LinkedIn,search,25-34,202.49,11896,19,0.0016,0,10.66,,0.0,0.0
1044,2024-11-28,Google,display,25-34,21.63,2218,72,0.0328,1,0.3,21.63,60.23,2.78
1045,2024-11-28,Google,story,55+,75.17,3928,162,0.0413,4,0.46,18.79,398.44,5.3
1046,2024-11-28,Instagram,search,55+,290.36,23948,348,0.0146,4,0.83,72.59,112.83,0.39
1047,2024-11-28,Instagram,carousel,55+,20,249,3,0.0153,0,6.67,,0.0,0.0
1048,2024-11-28,Instagram,carousel,25-34,177.9,7818,125,0.0161,2,1.42,88.95,152.24,0.86
1049,2024-11-28,TikTok,story,18-24,199.31,16666,259,0.0156,3,0.77,66.44,214.04,1.07
1050,2024-11-28,TikTok,story,35-44,205.21,13417,269,0.0201,4,0.76,51.3,384.91,1.88
1051,2024-11-28,TikTok,display,45-54,104.67,8151,114,0.0141,0,0.92,,0.0,0.0
1052,2024-11-29,Google,story,35-44,196.95,24975,843,0.0338,32,0.23,6.15,1709.91,8.68
1053,2024-11-29,Google,story,55+,367.05,8900,306,0.0345,10,1.2,36.7,506.59,1.38
1054,2024-11-29,Google,video,35-44,189.32,17660,553,0.0313,7,0.34,27.05,596.9,3.15
1055,2024-11-29,Facebook,video,25-34,237.64,16290,211,0.013,15,1.13,15.84,2107.5,8.87
1056,2024-11-29,Instagram,video,18-24,61.65,6640,103,0.0155,1,0.6,61.65,105.54,1.71
1057,2024-11-30,Facebook,video,55+,179.55,5905,77,0.0131,3,2.33,59.85,97.73,0.54
1058,2024-11-30,Instagram,search,45-54,122.78,5535,76,0.0137,2,1.62,61.39,70.94,0.58
1059,2024-11-30,Instagram,video,25-34,96.34,10067,203,0.0202,9,0.47,10.7,815.45,8.46
1060,2024-11-30,TikTok,search,18-24,109.31,2769,46,0.0168,0,2.38,,0.0,0.0
1061,2024-12-01,Google,video,45-54,161.04,8255,364,0.0442,9,0.44,17.89,432.83,2.69
1062,2024-12-01,TikTok,search,18-24,128.68,10292,132,0.0129,1,0.97,128.68,77.27,0.6
1063,2024-12-01,TikTok,story,35-44,131.5,10851,164,0.0152,4,0.8,32.88,231.18,1.76
1064,2024-12-01,TikTok,search,45-54,243.46,14565,268,0.0184,9,0.91,27.05,90,0.37
1065,2024-12-01,LinkedIn,carousel,35-44,202.75,12324,28,0.0023,1,7.24,202.75,41.09,0.2
1066,2024-12-01,LinkedIn,story,45-54,153.21,8470,50,0.006,1,3.06,153.21,58.45,0.38
1067,2024-12-01,LinkedIn,story,25-34,112.43,6981,112,0.0161,3,1.0,37.48,314.48,2.8
1068,2024-12-02,Google,search,25-34,203.94,7927,333,0.0421,2,0.61,101.97,158.18,0.78
1069,2024-12-02,Google,story,55+,232.98,14771,491,0.0333,7,0.47,33.28,362.55,1.56
1070,2024-12-02,Instagram,search,35-44,180.4,18536,273,0.0147,9,0.66,20.04,451.2,2.5
1071,2024-12-02,TikTok,video,45-54,119.13,4592,90,0.0198,3,1.32,39.71,299.54,2.51
1072,2024-12-02,LinkedIn,display,18-24,62.01,1887,10,0.0053,0,6.2,,0.0,0.0
1073,2024-12-02,LinkedIn,video,35-44,192.45,10161,132,0.0131,5,1.46,38.49,377.76,1.96
1074,2024-12-02,LinkedIn,story,55+,87.03,8427,73,0.0087,1,1.19,87.03,82.84,0.95
1075,2024-12-03,Google,story,25-34,186.06,10301,296,0.0287,10,0.63,18.61,496.23,2.67
1076,2024-12-03,Instagram,story,45-54,251.87,8903,147,0.0165,0,1.71,,0.0,0.0
1077,2024-12-03,TikTok,carousel,45-54,259.67,11918,202,0.017,0,1.29,,0.0,0.0
1078,2024-12-03,LinkedIn,story,55+,257.43,25460,62,0.0025,3,4.15,85.81,104.42,0.41
1079,2024-12-03,LinkedIn,video,45-54,183.94,11235,11,0.001,0,16.72,,0.0,0.0
1080,2024-12-04,Google,video,35-44,20,411,18,0.045,0,1.11,,0,0.0
1081,2024-12-04,Facebook,display,18-24,59.47,2439,6,0.0026,0,9.91,,0.0,0.0
1082,2024-12-04,Facebook,search,55+,300.14,22696,218,0.0096,2,1.38,150.07,125.86,0.42
1083,2024-12-04,Facebook,search,45-54,176.41,10279,133,0.013,4,1.33,44.1,163.14,0.92
1084,2024-12-04,Instagram,story,18-24,279.46,5145,107,0.021,5,2.61,55.89,220.35,0.79
1085,2024-12-04,LinkedIn,display,25-34,148.55,9936,136,0.0137,0,1.09,,0.0,0.0
1086,2024-12-04,LinkedIn,display,18-24,152.83,11078,109,0.0099,4,1.4,38.21,152.74,1.0
1087,2024-12-05,Facebook,story,55+,278.85,3251,47,0.0148,1,5.93,278.85,39.18,0.14
1088,2024-12-05,Facebook,carousel,35-44,144.58,7328,127,0.0174,0,1.14,,0.0,0.0
1089,2024-12-05,Instagram,carousel,35-44,361.27,16363,214,0.0131,8,1.69,45.16,549.3,1.52
1090,2024-12-05,Instagram,story,45-54,296.97,26192,510,0.0195,12,0.58,24.75,816.82,2.75
1091,2024-12-06,Google,display,18-24,170.53,15246,557,0.0366,20,0.31,8.53,,10.36
1092,2024-12-06,Google,carousel,18-24,169.85,5958,258,0.0434,7,0.66,24.26,726.23,4.28
1093,2024-12-06,Facebook,story,18-24,168.4,9174,78,0.0085,3,2.16,56.13,154.66,0.92
1094,2024-12-06,TikTok,story,25-34,213.91,16512,299,0.0181,8,0.72,26.74,552.79,2.58
1095,2024-12-06,TikTok,story,45-54,106.89,6706,98,0.0146,5,1.09,21.38,312.41,2.92
1096,2024-12-06,LinkedIn,carousel,18-24,109.07,3665,10,0.0028,0,10.91,,0.0,0.0
1097,2024-12-06,LinkedIn,carousel,55+,173.06,6975,82,0.0118,3,2.11,57.69,,0.85
1098,2024-12-06,LinkedIn,carousel,18-24,200.52,8680,36,0.0043,1,5.57,200.52,56.53,0.28
1099,2024-12-07,Google,video,25-34,187.09,5724,187,0.0327,5,1.0,37.42,242.0,1.29
1100,2024-12-07,Google,video,25-34,170.78,9391,297,0.0317,5,0.58,34.16,388.38,2.27
1101,2024-12-07,Google,display,55+,204.79,8564,280,0.0328,7,0.73,29.26,615.84,3.01
1102,2024-12-07,Facebook,search,25-34,324.09,25839,242,0.0094,3,1.34,108.03,220.06,0.68
1103,2024-12-07,Facebook,carousel,25-34,168.91,2635,22,0.0084,0,7.68,,0.0,0.0
1104,2024-12-07,Facebook,video,25-34,20,1011,17,0.0175,0,1.18,,0.0,0.0
1105,2024-12-07,Instagram,search,25-34,191.04,12429,333,0.0268,8,0.57,23.88,606.21,3.17
1106,2024-12-07,Instagram,carousel,35-44,94.87,4783,69,0.0145,2,1.37,47.44,70.04,0.74
1107,2024-12-07,Instagram,video,18-24,20,1362,16,0.0122,0,1.25,,0.0,0.0
1108,2024-12-07,TikTok,story,35-44,129.6,7072,126,0.018,1,1.03,129.6,80.32,0.62
1109,2024-12-07,LinkedIn,story,45-54,270.47,9155,202,0.0221,5,1.34,54.09,158.96,0.59
1110,2024-12-07,LinkedIn,carousel,45-54,152.36,4436,28,0.0064,0,5.44,,0.0,0.0
1111,2024-12-08,Google,story,18-24,169.03,14841,501,0.0338,6,0.34,28.17,468.94,2.77
1112,2024-12-08,Google,search,55+,20,1021,36,0.0357,0,0.56,,0.0,0.0
1113,2024-12-08,Facebook,video,55+,248.78,14446,222,0.0154,5,1.12,49.76,,0.99
1114,2024-12-08,Facebook,story,35-44,58.17,2896,67,0.0232,3,0.87,19.39,311.09,5.35
1115,2024-12-08,Facebook,carousel,45-54,59.68,2740,43,0.0159,0,1.39,,0.0,0.0
1116,2024-12-08,Instagram,display,18-24,120.93,6632,75,0.0115,2,1.61,60.47,,1.65
1117,2024-12-08,Instagram,carousel,35-44,20,631,15,0.0241,0,1.33,,0,0.0
1118,2024-12-08,TikTok,story,25-34,58.4,771,13,0.0179,0,4.49,,0.0,0.0
1119,2024-12-08,TikTok,video,45-54,63.11,4855,104,0.0214,4,0.61,15.78,232.71,3.69
1120,2024-12-08,LinkedIn,display,45-54,105.34,5209,41,0.0079,0,2.57,,0.0,0.0
1121,2024-12-08,LinkedIn,carousel,25-34,168.38,11105,11,0.001,0,15.31,,0.0,0.0
1122,2024-12-09,Facebook,story,18-24,44.51,3131,48,0.0155,2,0.93,22.25,127.42,2.86
1123,2024-12-09,Facebook,search,18-24,20,1012,1,0.0015,0,20.0,,0.0,0.0
1124,2024-12-09,Instagram,video,18-24,20,1721,20,0.0117,0,1.0,,0.0,0.0
1125,2024-12-09,TikTok,search,45-54,97.39,6167,121,0.0197,2,0.8,48.7,162.36,1.67
1126,2024-12-09,TikTok,search,18-24,202.92,14692,162,0.0111,4,1.25,50.73,195.03,0.96
1127,2024-12-09,LinkedIn,video,55+,74.58,6748,65,0.0098,1,1.15,74.58,144.64,1.94
1128,2024-12-09,LinkedIn,video,35-44,294.04,18712,109,0.0059,3,2.7,98.01,155.95,0.53
1129,2024-12-10,Facebook,display,55+,88.84,9682,123,0.0127,6,0.72,14.81,473.28,5.33
1130,2024-12-10,Facebook,search,55+,20,934,10,0.0113,0,2.0,,0.0,0.0
1131,2024-12-10,Facebook,display,45-54,134.87,11205,150,0.0135,7,0.9,19.27,622.59,4.62
1132,2024-12-10,Instagram,video,25-34,160.84,8282,18,0.0023,0,8.94,,0.0,0.0
1133,2024-12-10,Instagram,display,18-24,208.7,16244,312,0.0192,6,0.67,34.78,60,0.29
1134,2024-12-10,Instagram,display,55+,168.73,12203,122,0.01,4,1.38,42.18,40,0.24
1135,2024-12-10,TikTok,carousel,55+,48.07,3132,68,0.0218,1,0.71,48.07,75.81,1.58
1136,2024-12-10,LinkedIn,search,18-24,144.94,10061,126,0.0125,4,1.15,36.23,230.57,1.59
1137,2024-12-10,LinkedIn,search,18-24,221.74,20951,20,0.001,0,11.09,,0.0,0.0
1138,2024-12-11,Google,video,25-34,270.78,21436,591,0.0276,16,0.46,16.92,1553.65,5.74
1139,2024-12-11,Facebook,display,25-34,20,2430,22,0.0093,0,0.91,,0.0,0.0
1140,2024-12-11,Facebook,search,25-34,189.32,16015,216,0.0135,2,0.88,94.66,88.97,0.47
1141,2024-12-11,TikTok,video,35-44,154.37,11903,204,0.0172,5,0.76,30.87,119.84,0.78
1142,2024-12-12,Google,display,25-34,158.89,10969,388,0.0354,0,0.41,,0.0,0.0
1143,2024-12-12,Google,carousel,35-44,20,1194,49,0.0417,2,0.41,10.0,,4.41
1144,2024-12-12,Facebook,display,55+,105.33,6015,104,0.0174,0,1.01,,0.0,0.0
1145,2024-12-12,Facebook,search,45-54,121.75,5549,133,0.024,1,0.92,121.75,70.35,0.58
1146,2024-12-12,Facebook,video,18-24,77.28,4072,29,0.0073,0,2.66,,0.0,0.0
1147,2024-12-12,Instagram,search,35-44,137.76,11417,166,0.0146,12,0.83,11.48,227.16,1.65
1148,2024-12-12,Instagram,search,55+,98.42,6391,91,0.0143,0,1.08,,0.0,0.0
1149,2024-12-12,Instagram,story,55+,263.72,14663,273,0.0187,14,0.97,18.84,1199.32,4.55
1150,2024-12-12,TikTok,display,18-24,20,1500,20,0.0138,0,1.0,,0.0,0.0
1151,2024-12-13,Facebook,story,45-54,113.88,9584,174,0.0182,2,0.65,56.94,116.75,1.03
1152,2024-12-13,Facebook,carousel,55+,20,490,8,0.0176,0,2.5,,0.0,0.0
1153,2024-12-13,Facebook,story,35-44,69.32,4178,69,0.0166,2,1.0,34.66,150.09,2.17
1154,2024-12-13,LinkedIn,story,25-34,145.43,6423,90,0.0142,2,1.62,72.72,49.16,0.34
1155,2024-12-13,LinkedIn,display,45-54,258.6,14699,101,0.0069,2,2.56,129.3,223.65,0.86
1156,2024-12-14,Google,display,55+,105.79,3237,94,0.0291,2,1.13,52.9,157.36,1.49
1157,2024-12-14,Instagram,video,35-44,131.42,4214,82,0.0196,1,1.6,131.42,41.07,0.31
1158,2024-12-14,Instagram,video,35-44,117.78,8238,91,0.0112,2,1.29,58.89,140.12,1.19
1159,2024-12-15,Google,search,45-54,20,1110,44,0.0402,0,0.45,,0.0,0.0
1160,2024-12-15,Google,story,25-34,260.36,15080,575,0.0382,18,0.45,14.46,1797.79,6.91
1161,2024-12-15,Google,carousel,55+,230.92,17381,550,0.0317,23,0.42,10.04,999.84,4.33
1162,2024-12-15,Facebook,story,55+,191.45,11718,201,0.0172,3,0.95,63.82,229.94,1.2
1163,2024-12-15,Facebook,carousel,45-54,20,1165,3,0.0032,0,6.67,,0.0,0.0
1164,2024-12-15,Instagram,display,35-44,202.83,15056,161,0.0107,2,1.26,101.42,109.13,0.54
1165,2024-12-15,Instagram,display,45-54,120.77,4302,72,0.0168,5,1.68,24.15,56.23,0.47
1166,2024-12-15,Instagram,display,55+,72.33,3663,84,0.0231,3,0.86,24.11,216.49,2.99
1167,2024-12-15,TikTok,display,25-34,227.01,13018,207,0.016,4,1.1,56.75,69.54,0.31
1168,2024-12-15,TikTok,carousel,55+,65.45,4332,99,0.0229,2,0.66,32.73,179.04,2.74
1169,2024-12-15,LinkedIn,carousel,45-54,201.94,9472,119,0.0126,3,1.7,67.31,237.08,1.17
1170,2024-12-15,LinkedIn,story,25-34,160.11,11353,92,0.0082,1,1.74,160.11,93.01,0.58
1171,2024-12-15,LinkedIn,display,45-54,260.01,17544,134,0.0077,3,1.94,86.67,90.62,0.35
1172,2024-12-16,Facebook,story,35-44,214.4,10220,179,0.0176,7,1.2,30.63,805.82,3.76
1173,2024-12-16,Facebook,story,18-24,111.43,4366,82,0.019,3,1.36,37.14,231.85,2.08
1174,2024-12-16,Facebook,video,25-34,88.56,4906,58,0.012,1,1.53,88.56,112.43,1.27
1175,2024-12-16,LinkedIn,story,45-54,262.91,25292,322,0.0127,5,0.82,52.58,241.58,0.92
1176,2024-12-16,LinkedIn,display,45-54,254.69,18461,142,0.0077,4,1.79,63.67,490.87,1.93
1177,2024-12-16,LinkedIn,display,25-34,203.32,24954,24,0.001,1,8.47,203.32,46.03,0.23
1178,2024-12-17,Facebook,search,18-24,88.3,5568,123,0.0222,1,0.72,88.3,82.17,0.93
1179,2024-12-17,Facebook,video,55+,54.42,5390,65,0.0121,2,0.84,27.21,132.56,2.44
1180,2024-12-17,Facebook,story,18-24,33.85,1972,28,0.0142,1,1.21,33.85,42.44,1.25
1181,2024-12-17,Instagram,search,45-54,115.55,9671,66,0.0069,2,1.75,57.77,125.6,1.09
1182,2024-12-17,TikTok,video,35-44,261.46,20133,401,0.0199,22,0.65,11.88,1737.67,6.65
1183,2024-12-17,TikTok,carousel,35-44,287.2,16696,386,0.0232,13,0.74,22.09,632.3,2.2
1184,2024-12-18,Google,video,55+,78.18,6313,208,0.0331,2,0.38,39.09,188.29,2.41
1185,2024-12-18,Google,carousel,25-34,271.54,9890,363,0.0367,14,0.75,19.4,300.21,1.11
1186,2024-12-18,Google,story,35-44,30.94,1826,69,0.038,1,0.45,30.94,52.19,1.69
1187,2024-12-18,Facebook,carousel,18-24,124.23,7921,63,0.008,3,1.97,41.41,54.76,0.44
1188,2024-12-18,Facebook,carousel,55+,119.18,8409,182,0.0218,5,0.65,23.84,187.55,1.57
1189,2024-12-18,Instagram,video,35-44,239.51,14182,323,0.0228,7,0.74,34.22,554.67,2.32
1190,2024-12-18,Instagram,search,55+,174.37,11130,139,0.0126,2,1.25,87.19,163.01,0.93
1191,2024-12-18,TikTok,display,35-44,237.74,14713,167,0.0114,3,1.42,79.25,272.43,1.15
1192,2024-12-18,TikTok,display,35-44,244.56,18304,373,0.0204,13,0.66,18.81,429.08,1.75
1193,2024-12-18,LinkedIn,story,35-44,190.84,16519,192,0.0117,3,0.99,63.61,30,0.16
1194,2024-12-19,Facebook,search,18-24,129.7,5438,58,0.0108,0,2.24,,0.0,0.0
1195,2024-12-19,Facebook,story,45-54,244.92,8571,34,0.0041,2,7.2,122.46,185.5,0.76
1196,2024-12-19,Facebook,video,55+,375.6,36707,480,0.0131,20,0.78,18.78,1561.79,4.16
1197,2024-12-19,Instagram,carousel,25-34,20,1854,18,0.0102,0,1.11,,0.0,0.0
1198,2024-12-19,TikTok,search,45-54,32.62,3377,75,0.0222,2,0.43,16.31,53.01,1.63
1199,2024-12-19,TikTok,story,35-44,95.85,9311,138,0.0149,4,0.69,23.96,196.39,2.05
1200,2024-12-19,LinkedIn,carousel,25-34,193.34,17498,117,0.0067,3,1.65,64.45,155.88,0.81
1201,2024-12-19,LinkedIn,video,18-24,131.36,9400,178,0.019,2,0.74,65.68,,1.11
1202,2024-12-20,Google,search,35-44,72.24,3892,171,0.044,6,0.42,12.04,502.06,6.95
1203,2024-12-20,Google,carousel,18-24,243.19,15593,540,0.0347,13,0.45,18.71,1374.92,5.65
1204,2024-12-20,Google,search,45-54,192.05,6345,191,0.0302,4,1.01,48.01,267.64,1.39
1205,2024-12-20,Instagram,carousel,45-54,245.44,13184,126,0.0096,3,1.95,81.81,128.96,0.53
1206,2024-12-20,TikTok,carousel,18-24,139.18,9951,177,0.0179,2,0.79,69.59,91.06,0.65
1207,2024-12-20,TikTok,story,18-24,146.79,8079,119,0.0148,2,1.23,73.39,81.58,0.56
1208,2024-12-21,Google,story,35-44,189.99,8047,320,0.0398,3,0.59,63.33,185.6,0.98
1209,2024-12-21,Google,story,18-24,205.8,10392,359,0.0346,13,0.57,15.83,248.62,1.21
1210,2024-12-21,Google,story,18-24,137.46,12218,365,0.03,16,0.38,8.59,1158.43,8.43
1211,2024-12-21,Instagram,search,25-34,63.9,2073,33,0.016,0,1.94,,0.0,0.0
1212,2024-12-21,TikTok,story,35-44,176.97,5600,130,0.0233,3,1.36,58.99,408.79,2.31
1213,2024-12-21,LinkedIn,story,18-24,97.63,3001,17,0.0057,0,5.74,,0.0,0.0
1214,2024-12-21,LinkedIn,video,25-34,60.8,1391,23,0.0166,0,2.64,,0.0,0.0
1215,2024-12-22,Google,display,25-34,44.66,2871,93,0.0326,1,0.48,44.66,18.22,0.41
1216,2024-12-22,Google,carousel,18-24,236.96,15548,586,0.0378,22,0.4,10.77,1335.27,5.64
1217,2024-12-22,Instagram,search,55+,86.06,4937,62,0.0127,1,1.39,86.06,98.14,1.14
1218,2024-12-22,TikTok,story,45-54,20,1053,39,0.0372,1,0.51,20.0,43.28,2.16
1219,2024-12-22,TikTok,video,45-54,136.11,7361,114,0.0155,3,1.19,45.37,172.41,1.27
1220,2024-12-22,TikTok,display,25-34,27.63,1333,38,0.0292,0,0.73,,0.0,0.0
1221,2024-12-22,LinkedIn,search,18-24,162.89,4916,58,0.0118,1,2.81,162.89,13.91,0.09
1222,2024-12-22,LinkedIn,carousel,35-44,182.8,9598,159,0.0166,6,1.15,30.47,532.39,2.91
1223,2024-12-23,Google,carousel,25-34,198.8,12540,521,0.0416,15,0.38,13.25,1191.91,6.0
1224,2024-12-23,Google,video,35-44,33.21,1969,45,0.0231,1,0.74,33.21,,0.99
1225,2024-12-23,Google,story,18-24,176.99,13474,493,0.0366,17,0.36,10.41,886.88,5.01
1226,2024-12-23,TikTok,carousel,25-34,101.03,7973,163,0.0205,4,0.62,25.26,354.66,3.51
1227,2024-12-23,TikTok,carousel,35-44,158.81,12316,229,0.0186,8,0.69,19.85,138.78,0.87
1228,2024-12-23,LinkedIn,display,35-44,228.79,15109,350,0.0232,2,0.65,114.39,135.49,0.59
1229,2024-12-23,LinkedIn,carousel,55+,106.42,10926,44,0.004,1,2.42,106.42,78.41,0.74
1230,2024-12-24,Google,search,18-24,232.42,11606,371,0.032,17,0.63,13.67,990.8,4.26
1231,2024-12-24,Google,story,35-44,45.55,3334,82,0.0247,1,0.56,45.55,53.76,1.18
1232,2024-12-24,Instagram,story,25-34,79.12,5133,54,0.0106,2,1.47,39.56,34.56,0.44
1233,2024-12-24,Instagram,search,45-54,20,701,9,0.0142,0,2.22,,0.0,0.0
1234,2024-12-24,TikTok,carousel,25-34,184.08,8873,104,0.0118,3,1.77,61.36,140.12,0.76
1235,2024-12-24,LinkedIn,video,25-34,129.82,5278,27,0.0053,0,4.81,,0.0,0.0
1236,2024-12-25,Facebook,video,35-44,159.13,10666,157,0.0148,8,1.01,19.89,528.14,3.32
1237,2024-12-25,Facebook,search,45-54,284.54,19356,172,0.0089,6,1.65,47.42,632.08,2.22
1238,2024-12-25,Facebook,carousel,35-44,278.36,17382,212,0.0122,3,1.31,92.79,203.17,0.73
1239,2024-12-25,Instagram,carousel,35-44,152.97,13072,218,0.0167,1,0.7,152.97,,0.69
1240,2024-12-25,LinkedIn,search,35-44,167.35,11166,89,0.0081,1,1.88,167.35,51.82,0.31
1241,2024-12-25,LinkedIn,video,35-44,291.01,22257,134,0.006,3,2.17,97.0,210.25,0.72
1242,2024-12-25,LinkedIn,video,45-54,108.23,3802,53,0.014,2,2.04,54.12,142.92,1.32
1243,2024-12-26,Google,story,55+,209.43,10134,316,0.0313,11,0.66,19.04,423.96,2.02
1244,2024-12-26,Google,search,35-44,20,1596,50,0.0317,2,0.4,10.0,112.13,5.61
1245,2024-12-26,Google,search,18-24,250.94,19938,679,0.0341,33,0.37,7.6,1631.19,6.5
1246,2024-12-26,Facebook,display,25-34,132.45,10461,155,0.0149,5,0.85,26.49,395.38,2.99
1247,2024-12-26,Facebook,display,55+,158.11,11266,53,0.0048,2,2.98,79.06,113.52,0.72
1248,2024-12-26,Instagram,display,55+,93.34,4723,104,0.022,3,0.9,31.11,30,0.32
1249,2024-12-26,Instagram,display,35-44,20,1665,18,0.0112,0,1.11,,0.0,0.0
1250,2024-12-26,Instagram,story,18-24,20,1710,32,0.0191,0,0.62,,0.0,0.0
1251,2024-12-26,TikTok,story,35-44,182.37,5771,89,0.0155,3,2.05,60.79,184.78,1.01
1252,2024-12-26,LinkedIn,carousel,25-34,120.76,6081,45,0.0075,1,2.68,120.76,63.87,0.53
1253,2024-12-27,Google,video,45-54,309.77,20065,735,0.0366,0,0.42,,0.0,0.0
1254,2024-12-27,Google,display,55+,252.46,29595,1009,0.0341,8,0.25,31.56,540.41,2.14
1255,2024-12-27,Facebook,story,25-34,124.48,5503,41,0.0075,1,3.04,124.48,60.4,0.49
1256,2024-12-27,Facebook,video,18-24,111.47,5362,60,0.0113,0,1.86,,0.0,0.0
1257,2024-12-27,Instagram,story,55+,195.51,17982,213,0.0119,5,0.92,39.1,133.0,0.68
1258,2024-12-27,TikTok,video,35-44,105.27,8197,94,0.0115,3,1.12,35.09,196.76,1.87
1259,2024-12-27,TikTok,carousel,25-34,265.2,18122,317,0.0175,11,0.84,24.11,539.26,2.03
