median_income,house_age,avg_rooms,avg_bedrooms,population,avg_occupancy,latitude,longitude,median_house_value
4.8251,37,4.911,0.801,1195,2.839,33.13,-117.63,212991.6
1.9123,22,4.752,1.026,2991,2.234,35.29,-120.82,89771.5
5.7548,32,3.473,0.745,1824,4.211,33.57,-118.15,342733.2
1.726,24,5.093,1.031,1901,2.775,36.57,-120.0,105429.7
4.6592,21,5.471,1.13,1985,2.787,33.62,-117.83,354979.6
5.3909,26,6.881,1.422,2462,,33.96,-117.65,375056.1
6.4058,26,4.845,1.038,681,4.936,37.24,-122.14,335372.8
0.5,32,7.034,2.155,2295,3.212,34.96,-117.9,95747.5
2.2635,30,2.651,0.591,2185,3.549,38.38,-121.11,264352.3
1.8428,48,6.875,1.223,470,3.423,35.79,-119.2,43658.5
0.5,28,6.923,1.935,426,5.871,39.95,-121.49,87923.8
2.829,38,7.166,1.482,3532,1.557,32.77,-117.68,233434.3
4.0083,29,6.12,1.242,1286,3.237,36.56,-120.66,139076.7
6.4309,52,5.396,1.031,998,2.677,37.92,-121.22,379635.4
4.9287,15,3.513,0.696,1516,5.546,36.77,-121.88,333779.2
5.7639,22,7.307,1.224,1211,1.705,34.7,-118.95,242394.1
2.7906,39,4.377,0.61,647,3.496,36.56,-119.91,126677.8
1.3645,31,4.531,0.569,2609,3.559,34.57,-118.99,97970.3
0.5,52,3.648,0.656,2211,2.448,35.26,-117.67,71852.8
2.6361,36,2.55,0.5,3,3.237,34.07,-118.65,145917.0
5.4204,27,5.476,0.836,2502,5.049,34.14,-118.02,405608.7
6.9433,34,5.186,1.017,3,4.015,38.14,-121.72,381758.7
5.8316,37,1.104,0.5,1715,3.687,33.77,-117.23,202555.1
5.5488,34,2.918,0.5,652,3.089,37.19,-121.37,307723.2
4.2633,23,6.828,1.383,3348,4.069,37.86,-121.14,321663.9
4.5077,30,4.392,1.331,3095,3.844,39.7,-122.4,264276.5
4.0619,37,7.638,1.568,3,1,38.92,-121.04,220861.5
0.9403,22,4.248,0.984,794,4.636,36.44,-120.29,36608.8
5.4106,21,5.952,1.026,3,3.91,38.98,-121.8,302595.8
3.8602,43,7.428,1.55,967,1,33.32,-117.43,244135.0
0.9519,39,6.951,0.986,2834,2.479,38.69,-121.79,64205.0
8.5688,31,5.508,0.885,3,1.934,33.57,-118.06,492449.9
4.982,7,6.646,1.661,2055,3.597,32.53,-117.34,257319.5
2.2329,32,7.872,1.523,1082,3.369,37.3,-122.11,220846.6
3.6419,31,3.12,0.51,2870,3.783,36.56,-120.56,170271.8
4.0555,39,5.141,1.053,1835,4.433,32.86,-117.26,271473.7
7.7109,21,8.363,1.241,1512,6.292,33.31,-117.47,359650.6
5.8518,21,5.927,1.254,2569,3.525,32.94,-117.83,302633.4
5.3556,27,5.092,0.875,1008,6.742,33.61,-118.13,269650.3
5.0552,30,2.499,0.588,641,5.126,36.77,-120.72,84120.7
3.0852,30,4.385,0.676,215,3.734,32.7,-117.37,217262.4
0.5148,52,2.889,0.577,879,1,35.15,-120.69,15000
5.108,23,2.998,0.608,1979,4.052,34.01,-118.74,127499.6
1.986,21,4.837,0.859,2643,3.776,33.27,-118.07,151434.6
2.8988,42,7.985,1.593,1652,2.982,33.74,-118.26,220550.1
0.5492,8,7.088,1.184,4130,2.379,35.99,-120.93,36809.4
5.7259,29,6.545,1.357,2567,2.915,37.06,-121.83,333695.7
1.0058,7,5.412,1.048,3,2.185,36.65,-119.98,15000
6.1419,30,2.923,0.604,2495,3.027,33.17,-117.74,320775.0
4.2096,1,3.321,0.794,1984,1,33.8,-117.59,236370.7
3.6785,6,8.384,2.018,3239,2.697,35.05,-117.72,93065.2
3.9322,11,7.137,1.192,2584,3.934,37.83,-122.38,247137.8
7.0067,35,8.353,1.186,1525,3.733,32.61,-117.34,319666.8
4.8717,1,3.243,0.634,803,2.365,33.73,-117.13,315105.5
3.7773,21,3.809,0.82,3248,2.323,33.35,-118.11,159593.9
5.5636,22,4.777,0.959,906,,33.11,-117.69,272520.8
5.6971,31,5.515,0.799,3,2.804,36.58,-122.17,285010.7
6.2903,37,3.96,0.533,2250,2.87,32.92,-117.8,313488.6
2.7341,37,3.3,0.831,2769,4.167,35.24,-118.97,190287.4
4.0673,51,4.131,0.826,4598,3.529,39.87,-121.2,226760.2
4.4631,36,2.737,0.725,2069,3.842,36.93,-121.97,303453.2
0.5,45,5.72,1.05,835,1.524,39.59,-122.48,116580.3
6.5769,14,3.281,0.807,1308,3.092,36.84,-121.41,499328.5
1.7851,12,6.84,1.172,3,2.719,36.1,-120.24,83609.9
0.5,35,4.529,0.808,1116,4.712,34.44,-117.71,57883.8
4.5369,37,5.544,1.016,1418,2.691,37.61,-122.45,383958.4
0.5,42,4.802,1.013,1632,3.284,38.69,-122.16,172505.1
1.6906,33,6.869,1.914,2169,2.911,37.09,-121.62,245570.7
4.2593,21,6.135,1.559,1425,2.347,33.37,-117.98,197309.7
3.9372,41,4.979,0.536,789,1.973,33.81,-118.48,209441.6
1.2677,52,3.915,0.986,1131,3.725,35.57,-120.63,39577.6
4.8263,35,5.406,0.817,27,2.856,37.39,-121.3,358842.8
2.719,29,4.247,0.804,230,5.033,32.6,-118.3,181729.3
3.8648,46,8.582,1.28,3,3.491,33.29,-117.38,252639.7
5.6236,4,7.498,1.742,1957,3.964,37.14,-121.81,334489.5
0.5,34,4.101,0.677,963,4.008,39.27,-121.54,15000
4.2694,18,3.782,0.575,1850,4.097,34.6,-117.96,227413.5
3.3168,45,3.772,0.784,1127,5.606,38.09,-121.94,263519.1
4.8954,46,5.585,1.085,2854,2.26,34.09,-118.18,313069.2
1.7491,34,5.525,1.037,1953,2.372,35.58,-120.68,110868.5
5.9014,34,4.808,0.972,2087,2.594,33.91,-118.47,323472.9
7.3224,18,5.144,0.816,670,3.691,38.14,-121.31,409111.5
4.2443,39,6.134,1.379,2294,1.235,32.56,-118.28,241114.6
4.9463,37,6.242,1.442,3,3.993,38.55,-121.22,181288.7
4.9738,29,6.157,1.435,1406,4.102,39.06,-122.08,245705.2
6.8028,15,5.991,0.5,2527,2.976,35.23,-118.89,316170.7
7.5299,31,6.858,1.835,2240,4.009,32.68,-118.39,383347.7
7.4027,9,7.928,1.716,359,1.367,34.3,-117.79,434523.3
5.4827,23,7.009,1.342,3,3.024,38.18,-121.15,321840.8
5.3412,31,4.408,0.913,759,2.253,34.32,-117.52,336919.5
4.3349,13,3.583,0.898,2244,2.412,35.35,-118.76,105317.9
6.7787,7,7.755,1.569,37,3.169,35.09,-117.97,198564.0
2.1754,27,4.901,0.971,3109,2.713,33.76,-118.05,195154.8
2.8274,18,4.98,1.077,1933,3.754,35.39,-120.2,72336.6
1.7474,35,7.603,0.95,3,2.485,35.03,-117.89,173338.8
3.9977,13,6.159,1.359,955,2.253,34.39,-117.66,91085.3
5.7574,28,5.51,1.338,3054,1.305,32.91,-117.47,305976.1
5.6685,50,5.717,1.1,195,1.825,33.37,-118.37,302146.6
1.9699,30,5.732,1.404,1473,3.952,33.74,-117.74,205723.9
5.0657,33,5.304,1.237,1632,3.356,37.53,-122.2,340400.3
6.4219,41,5.426,1.429,1152,3.628,33.56,-117.61,334670.8
0.6934,28,7.291,0.885,1496,4.849,35.86,-120.44,119506.1
1.187,31,5.293,1.167,1853,3.998,35.03,-118.71,56896.6
3.6488,15,8.134,0.993,2103,1.258,34.75,-118.95,180671.6
4.6454,28,4.916,1.087,811,4.281,38.93,-122.18,185794.9
4.9301,39,5.104,1.032,356,2.331,33.69,-117.56,381509.6
2.4665,39,6.238,1.002,3717,1.534,34.3,-117.7,146380.8
1.7347,52,6.601,0.959,2746,3.038,38.64,-121.18,94058.6
4.2109,28,4.873,1.196,3,2.649,37.4,-122.23,286734.4
5.9477,26,7.708,1.561,695,4.187,33.29,-117.52,272881.5
0.5,34,4.786,0.913,2722,,34.29,-118.41,122004.7
3.7329,21,4.876,0.666,1064,3.629,35.46,-118.15,121301.6
2.6901,32,2.624,0.546,2087,3.534,38.84,-122.08,107871.2
3.0955,48,4.725,1.209,730,3.236,40.0,-122.09,145017.5
8.1892,15,7.3,1.698,741,4.364,33.59,-117.27,339204.9
3.609,40,1.713,0.5,660,1,37.65,-122.19,283497.4
5.7245,21,7.939,1.932,987,3.529,33.44,-117.55,308319.4
5.8651,7,6.925,1.339,1256,5.709,33.18,-118.34,373702.2
4.5321,25,4.893,0.753,1079,2.288,39.66,-121.7,244819.7
3.965,15,6.682,0.889,1216,1.275,35.43,-118.53,264082.6
5.3449,8,8.296,1.699,1100,4.151,33.59,-117.53,428845.0
3.1435,34,8.478,0.92,1541,2.631,34.88,-117.93,97099.3
5.3732,12,7.265,1.853,1992,2.89,38.22,-122.5,306401.0
4.1533,25,6.155,1.91,2230,1.188,32.64,-117.02,244388.6
5.4941,52,4.981,0.852,5,3.251,34.04,-117.6,328567.4
4.9798,19,5.906,0.731,3102,3.287,34.0,-117.69,246748.8
5.0304,41,3.428,0.679,1581,2.788,36.21,-119.61,162654.3
5.805,14,3.584,0.5,1410,,32.88,-117.49,284642.3
4.6544,52,5.825,1.378,899,1.746,39.62,-122.2,199553.1
2.1702,5,6.105,2.232,2668,3.583,39.41,-121.21,102581.4
5.1478,18,4.601,0.901,3,,32.61,-117.93,257376.3
4.3712,23,1.955,0.5,2652,3.971,33.5,-117.93,268318.8
2.3442,22,7.922,1.622,777,2.144,39.63,-121.78,175517.7
2.9834,30,6.406,1.296,2048,3.663,39.59,-121.78,114126.2
2.5679,15,5.291,1.161,1520,1.505,34.26,-118.59,133525.7
6.079,43,5.163,1.207,1885,3.13,38.5,-121.85,413775.9
5.0368,26,5.658,1.265,655,3.348,39.47,-121.26,197903.4
4.9232,1,4.074,1.013,1715,3.394,38.36,-122.36,358529.9
3.8096,16,3.099,0.725,2098,3.276,34.33,-117.82,135540.6
7.1967,33,6.258,1.745,2686,3.421,37.73,-121.06,410852.8
7.7207,36,4.572,1.46,2422,1.894,38.38,-122.16,463792.3
8.2753,14,6.332,1.264,1363,3.348,33.53,-117.58,500001
2.838,39,3.985,0.818,1248,4.403,38.94,-121.01,135615.3
3.3763,17,6.148,1.347,203,3.831,38.99,-122.23,80989.2
6.8158,36,7.26,1.039,410,4.73,34.37,-118.47,403406.3
1.8605,20,5.02,,1119,2.77,35.29,-118.98,69060.4
5.056,39,5.723,1.025,3,3.601,34.89,-117.69,156339.1
5.4136,28,6.799,1.624,3388,1.056,33.83,-117.35,247620.7
6.2216,10,5.316,1.486,1238,4.068,33.62,-118.37,238330.0
3.7791,32,3.428,0.806,1129,4.99,38.36,-121.27,349588.6
4.2725,28,3.935,1.128,2537,3.048,33.43,-118.45,225864.6
5.1129,18,7.62,1.942,752,5.551,38.15,-122.42,320707.4
4.2753,26,4.141,0.903,1801,4.606,36.93,-121.41,316078.7
5.5896,20,4.224,1.003,668,3.485,32.61,-117.09,338801.9
4.4048,23,6.746,0.694,2229,3.37,39.28,-122.18,204702.8
5.2209,32,2.457,0.608,4040,4.645,38.24,-122.17,317521.6
0.5,46,1.233,0.5,2336,2.153,33.29,-117.77,115392.8
4.2158,24,4.521,1.187,795,1.553,38.99,-121.77,220734.6
2.8878,11,3.998,0.851,450,2.899,34.51,-117.58,135144.7
5.2796,43,5.81,0.87,1814,3.735,36.83,-121.67,268102.6
1.9341,30,4.941,1.022,1842,2.8,35.12,-118.42,108754.3
5.0631,35,5.987,0.917,1799,3.774,37.43,-122.44,339882.9
6.6919,16,9.329,2.654,3235,1.42,36.72,-122.39,426391.2
3.4479,26,3.247,0.71,2040,3.445,39.11,-121.35,105322.9
1.3546,47,2.765,0.545,2770,1.839,36.92,-119.55,25982.5
5.4535,31,4.422,0.6,1721,2.771,39.02,-122.21,290772.7
6.3123,29,7.425,0.837,2566,2.323,33.77,-117.7,280784.3
9.2002,29,5.547,1.017,675,3.298,33.84,-118.28,374589.8
3.0938,33,4.614,0.9,528,3.348,34.33,-118.46,278074.7
4.7985,34,7.154,1.741,219,2.368,36.54,-121.78,267111.5
4.7049,27,6.755,0.976,3398,2.292,39.59,-121.34,204436.1
2.7869,17,9.378,1.131,2126,1.046,37.51,-121.36,276214.3
3.1619,17,5.3,1.0,1206,5.538,33.85,-118.18,316315.8
2.869,40,7.118,,3755,1.777,38.73,-122.14,120047.2
4.1913,16,5.717,0.97,544,1.135,36.49,-119.8,164076.9
2.7,52,5.461,0.553,3,2.866,32.56,-118.43,199325.5
3.7861,16,6.093,1.867,983,3.702,39.62,-121.73,169678.0
1.9696,30,7.07,1.249,1358,3.937,35.22,-118.73,161420.0
10.1381,38,6.939,1.796,2013,3.356,37.21,-122.4,500001
10.2702,33,5.95,1.019,734,3.859,36.53,-121.27,500001
7.9542,30,7.75,1.841,1346,3.438,37.42,-122.04,378282.1
8.7305,41,5.503,1.452,2678,4.751,33.98,-118.17,500001
3.4647,28,3.216,0.5,1953,3.69,34.63,-117.58,155722.4
4.4555,45,4.271,0.784,5,3.613,36.65,-121.67,304318.0
3.6276,30,4.277,0.575,3228,2.543,32.77,-117.58,248065.9
7.1474,31,3.352,0.668,3,,33.91,-118.04,425930.2
3.9546,7,3.704,0.5,2672,2.735,35.01,-119.26,164640.5
7.9951,26,5.358,1.364,1168,1,38.29,-121.42,373510.3
2.901,19,3.548,0.782,453,3.488,33.97,-117.79,181215.8
0.8338,21,2.052,0.5,1855,4.53,35.24,-119.77,64333.0
0.5,30,6.141,1.78,1428,,35.17,-119.22,15000
5.4078,25,4.082,1.166,1680,3.08,34.13,-118.31,323442.4
3.1308,19,6.026,1.064,1131,1.405,34.16,-118.46,195695.2
5.9146,21,1.598,0.5,1826,1.856,33.87,-117.8,361372.5
2.5589,12,8.121,1.214,1358,1.936,35.7,-119.13,28927.8
4.4793,26,7.015,1.754,1367,2.388,38.28,-122.3,369920.2
5.1895,41,7.655,1.682,704,1,36.43,-119.29,168457.0
3.5366,28,6.699,1.663,1721,2.062,33.66,-117.21,231016.8
0.696,33,8.494,2.364,3,1.749,33.32,-118.37,156850.3
5.4642,22,7.567,1.58,3,4.742,36.95,-121.06,441110.8
2.9804,23,4.834,0.95,3734,4.217,34.67,-118.14,176190.1
2.0369,22,7.331,1.575,1728,3.066,35.12,-120.78,90928.8
2.245,38,4.359,0.831,1324,2.899,39.33,-121.25,150504.6
6.174,40,5.048,0.938,2205,2.936,35.16,-118.66,254719.5
6.9884,36,4.008,0.702,1902,5.409,35.22,-119.0,330599.9
2.1238,21,5.878,0.971,1804,1,33.14,-117.62,181696.7
4.8677,30,5.806,1.362,912,2.683,35.48,-118.93,249239.7
4.5402,21,1.834,0.5,3,3.664,33.56,-117.52,285850.7
3.7723,40,5.581,1.1,1103,5.247,36.93,-119.32,205529.7
0.5,38,7.042,1.538,41,2.109,36.1,-119.65,15000
0.8316,37,3.548,0.76,1562,2.971,39.44,-122.49,156628.2
4.3292,46,4.132,0.926,2145,1.841,33.72,-118.37,393670.6
5.1875,7,6.468,0.5,1624,3.154,36.34,-120.04,247488.5
4.3768,20,5.184,1.25,2302,3.641,38.16,-122.47,320380.0
3.4894,14,7.002,0.859,978,3.317,34.16,-118.55,209734.1
6.7792,23,2.92,0.83,874,3.361,34.81,-118.58,345256.7
3.7109,31,6.939,1.364,1116,1.148,37.0,-119.84,142210.4
5.2119,38,4.987,0.904,1068,4.582,35.36,-118.13,262311.2
0.5,23,5.569,1.32,2505,3.004,35.74,-119.53,80024.5
3.408,33,4.72,1.097,948,4.908,33.24,-118.18,145007.3
3.657,28,5.833,1.229,2320,4.258,33.15,-118.25,170037.2
4.8909,49,2.044,0.5,2261,3.17,36.73,-121.8,285668.4
3.2875,35,5.84,1.012,226,2.743,33.59,-117.79,225289.2
2.7829,25,5.888,1.414,2704,4.354,34.85,-117.58,155149.1
6.8567,9,2.389,0.5,1326,3.67,32.94,-117.42,377675.8
2.822,49,2.811,0.5,2111,2.462,39.35,-122.07,170325.1
2.8033,19,3.942,0.594,256,2.333,37.65,-121.27,286695.6
7.8003,38,5.702,1.759,2044,2.687,37.88,-122.18,438107.9
4.7149,29,1,0.5,2594,1.673,33.39,-117.57,157276.5
4.8904,37,6.171,0.879,1099,1.902,34.29,-118.86,208012.7
7.8878,52,3.712,0.604,1616,4.324,36.55,-121.44,381817.0
2.1799,22,6.349,1.426,312,4.195,36.32,-119.84,41529.8
8.6716,41,5.34,0.908,792,2.345,33.9,-118.0,395039.7
5.9426,41,4.6,1.227,647,4.134,37.59,-121.42,317006.6
0.5,46,3.466,0.5,1605,3.706,34.97,-118.09,34961.2
3.0854,35,6.286,1.531,1819,3.717,34.43,-117.98,160659.5
0.5,23,5.538,0.982,295,2.46,33.78,-117.73,163077.7
2.6077,28,5.832,1.485,1516,4.41,32.72,-117.82,231441.9
7.2074,24,5.427,0.884,2483,1.827,34.03,-117.81,407788.6
5.1169,27,6.012,0.743,444,3.186,33.77,-118.05,460356.3
4.6866,23,7.951,1.734,1161,1,38.41,-122.01,340133.2
3.5018,31,3.893,0.95,942,2.24,36.86,-121.39,244915.0
7.5464,30,5.938,,971,4.474,32.65,-118.27,334957.5
1.5298,46,3.058,0.514,793,3.609,38.82,-122.25,65535.6
7.8805,30,3.33,0.603,2068,1.984,36.84,-121.91,349314.0
2.7328,3,4.449,1.255,471,3.818,36.58,-119.3,116681.1
1.8346,46,7.064,1.172,990,5.997,34.66,-118.16,149395.6
8.6523,17,4.565,1.075,1057,4.123,37.87,-121.03,395323.9
3.6077,13,6.773,0.783,1533,2.173,34.55,-117.56,193936.0
3.3763,6,1,0.5,469,3.524,36.05,-120.07,132851.5
4.3102,40,7.123,1.608,3383,3.742,37.07,-121.17,294452.5
2.5326,52,6.966,1.034,1322,1.94,34.67,-118.08,59933.1
5.4772,40,5.323,1.184,1923,1.937,37.41,-121.68,399797.2
2.0244,35,7.073,1.515,916,1.702,34.02,-118.38,247268.5
7.0136,45,5.556,1.079,1705,2.474,34.12,-118.41,434433.9
7.5974,18,6.321,0.755,12,3.532,33.57,-118.44,456896.1
0.5,43,8.261,1.627,1592,1,34.15,-118.56,153515.1
6.1925,16,2.712,0.5,1364,,35.4,-118.36,259488.7
2.0874,22,2.666,0.639,1060,2.178,32.63,-118.12,186959.7
4.2629,40,3.413,0.5,676,6.533,33.79,-117.7,269468.5
3.0405,12,4.713,1.071,746,3.272,34.42,-117.97,266122.9
4.4221,14,5.965,0.86,580,3.449,37.53,-121.75,304390.4
7.3025,52,8.946,2.115,1039,3.44,34.62,-118.5,316605.4
2.5191,15,6.067,1.773,1316,3.203,39.93,-122.35,114516.8
6.7355,26,5.432,0.935,960,2.018,33.86,-118.34,397491.5
2.6159,29,6.679,0.608,2934,2.906,34.99,-118.79,111664.9
0.5,42,8.47,1.053,2197,2.314,39.32,-121.87,63223.8
3.2067,39,3.738,0.783,1222,5.186,38.57,-121.39,192967.9
4.105,22,4.918,1.28,1225,3.707,38.21,-121.09,259189.8
8.5233,38,5.913,1.53,331,4.456,34.41,-117.87,493286.0
4.3414,33,6.645,1.483,1451,3.478,32.58,-117.43,177006.9
6.614,4,4.876,0.88,1863,5.83,38.48,-121.87,332251.4
1.7674,18,5.164,1.435,1111,3.366,39.14,-122.23,77403.1
8.1092,26,4.145,0.5,753,3.009,37.95,-122.46,417180.0
2.679,26,1.79,0.5,754,4.628,36.97,-122.43,263707.4
0.5,17,2.922,0.683,634,4.197,35.31,-117.56,49236.5
6.0794,19,5.765,0.775,1074,2.723,33.54,-117.76,486112.4
2.7511,37,6.047,1.182,1971,2.723,35.66,-120.24,153754.8
4.3869,52,5.565,0.723,1881,2.293,33.51,-118.19,268719.1
2.8571,20,5.376,1.624,3129,4.078,34.54,-117.79,103758.5
7.9787,43,5.444,0.798,2364,2.407,36.59,-122.22,364058.8
2.2808,10,4.119,0.619,2511,3.689,33.55,-118.47,204881.2
5.5399,18,8.393,1.751,2831,4.286,37.49,-121.49,323195.8
1.8081,21,2.805,0.739,3278,3.367,35.15,-118.95,131751.6
0.5,24,3.341,0.787,3,2.994,35.84,-120.9,60777.7
2.5484,52,5.88,0.953,2576,2.306,33.26,-117.74,144334.3
4.1798,28,4.008,1.08,3362,2.007,37.5,-121.67,300438.7
4.0063,35,2.285,0.5,1915,1,34.1,-118.06,181871.1
3.7051,19,8.534,2.42,2171,2.927,33.29,-117.12,210833.5
3.5578,8,5.26,0.904,637,1.303,33.26,-118.37,223770.7
6.4423,31,4.274,0.5,3650,1.804,34.09,-118.64,212631.8
4.7657,31,4.037,0.588,2368,1.114,33.0,-117.63,252410.6
4.8477,17,6.198,1.532,689,1.995,33.44,-117.37,275285.8
7.0871,17,5.512,1.193,1911,3.961,33.81,-118.1,436410.7
5.1611,18,6.315,1.22,1228,3.225,32.95,-117.86,256036.8
5.6868,48,1,0.5,337,1.988,36.85,-122.03,322940.7
2.3225,37,2.608,0.852,3,2.202,37.85,-121.54,225209.6
6.3686,23,6.315,1.345,874,4.122,33.08,-117.24,360404.0
5.6474,30,4.782,1.117,1101,3.464,34.19,-117.67,470004.5
6.9531,19,7.577,1.804,3237,3.102,38.44,-121.59,433191.7
1.0835,18,9.173,1.195,4159,2.319,38.76,-121.08,74948.9
2.1945,12,4.773,0.899,3302,3.35,36.75,-122.49,304168.2
6.6927,14,4.534,0.678,576,4.69,33.66,-118.49,350714.5
5.4947,11,6.475,1.053,411,3.496,33.71,-118.41,207315.2
6.9921,1,2.907,0.788,3,3.112,33.14,-117.24,305802.8
5.8248,15,5.336,1.098,1487,2.453,38.6,-122.17,180375.8
3.9817,25,5.885,1.43,2137,3.86,33.46,-117.57,281798.8
5.8281,44,6.554,1.499,834,2.616,33.34,-117.32,319783.3
3.7405,15,5.352,0.648,2424,4.217,38.93,-122.49,187650.2
6.1807,49,3.601,0.757,1236,2.37,36.86,-122.41,409880.8
7.3135,24,3.607,1.052,323,2.626,36.88,-122.39,334316.1
4.1719,13,1.848,0.5,529,1.988,37.71,-121.12,297533.9
3.0062,11,4.046,1.268,1824,2.56,39.93,-121.24,157862.0
4.4375,30,5.571,0.988,1354,4.423,37.66,-121.07,256047.7
1.7155,37,3.132,0.542,2134,2.401,39.22,-121.47,77920.4
6.726,48,4.081,1.31,3643,3.107,32.91,-117.51,286971.9
5.3691,41,4.085,0.795,849,3.081,33.94,-117.14,275283.7
6.6248,35,7.698,1.268,1076,2.811,36.88,-122.44,402199.0
1.1897,21,7.099,0.861,2723,2.712,35.3,-119.67,131860.0
5.1008,36,5.244,0.911,3,1,32.85,-118.48,186965.2
0.5,17,4.907,0.581,2678,3.585,39.76,-121.35,97370.3
7.8893,23,2.473,0.5,2296,3.305,34.32,-117.79,449124.6
6.1255,33,6.039,0.751,839,5.585,33.11,-117.03,335519.0
7.6208,24,5.502,0.934,2552,1,33.36,-117.99,407096.1
7.5005,33,4.19,0.669,1149,5.424,38.34,-122.08,455857.8
4.7389,28,4.341,0.524,1164,4.006,37.07,-121.73,399418.5
8.1222,3,5.04,0.968,2363,4.213,33.76,-117.69,398944.2
5.3974,16,4.164,,2086,3.423,33.47,-118.23,322471.8
6.6722,37,5.004,0.862,941,3.403,37.5,-121.89,367987.9
4.3195,29,9.338,2.58,33,3.292,32.96,-118.08,227198.1
5.9512,31,6.512,1.182,3,3.324,38.77,-121.93,205041.4
3.4213,21,2.812,0.5,2104,3.165,36.7,-122.26,293740.0
1.5975,24,5.871,,464,2.649,36.86,-119.62,80979.0
3.2293,25,5.833,1.274,3,1.52,36.26,-119.85,140383.8
5.2175,27,4.89,1.225,1973,3.904,37.94,-121.48,274736.7
0.5,22,4.279,0.78,906,1.102,39.63,-121.81,69310.8
6.5427,52,6.54,1.589,2121,4.234,34.22,-117.53,280451.0
4.7593,13,7.971,1.279,2617,3.212,37.69,-121.19,347602.2
6.5563,41,3.809,0.7,792,2.341,32.73,-117.67,258223.2
4.037,35,5.156,1.217,2338,3.806,36.26,-119.52,206313.0
8.2578,30,7.55,2.023,3,2.633,33.91,-117.59,395717.4
5.8123,35,6.728,1.953,2679,1.201,33.89,-117.75,474229.9
5.1823,1,4.394,1.196,1313,3.102,34.29,-118.21,310550.4
4.6163,22,3.284,0.5,1798,2.623,38.77,-122.43,192907.9
7.529,1,8.368,2.0,1612,2.677,33.71,-118.46,389662.4
6.3059,18,4.981,0.905,1103,3.116,33.59,-117.75,391502.2
4.4122,35,5.139,0.696,684,1.935,36.64,-122.35,272837.7
5.3511,35,4.801,0.714,3,,34.08,-117.91,274127.8
4.7367,52,7.391,1.287,1404,3.332,32.92,-117.3,251430.5
1.5432,18,1,0.5,1770,2.308,33.95,-118.48,125164.6
5.2399,50,6.085,1.2,481,2.116,33.79,-117.02,256601.1
8.4937,30,2.053,0.55,2048,4.582,36.67,-121.12,433925.7
6.9062,25,2.264,0.5,1490,3.395,36.52,-121.61,385447.6
3.6198,19,6.902,1.516,1563,2.105,33.13,-117.98,181528.0
5.0063,41,7.013,2.044,964,1.967,33.84,-117.73,370429.6
5.2319,12,6.409,1.41,1061,1.362,37.5,-121.81,322551.9
8.6783,22,2.317,0.51,1099,3.33,37.63,-121.72,422065.9
3.6887,23,6.034,1.382,1531,2.108,35.37,-118.47,164356.1
8.877,10,4.69,1.401,817,5.362,34.05,-117.61,459000.6
4.8463,42,3.518,0.69,924,1.133,32.54,-118.18,280074.0
6.9283,52,4.113,1.088,560,5.002,33.43,-117.39,287608.0
4.953,37,7.449,1.001,126,4.731,37.1,-121.78,357817.8
2.6122,28,5.199,0.85,3482,5.315,34.18,-118.69,179127.2
4.76,37,8.074,1.211,3,2.889,33.71,-118.16,358133.7
4.3234,5,4.543,0.876,743,3.242,33.95,-117.92,380608.3
1.81,1,6.485,1.226,2698,1.874,36.98,-120.49,57640.3
0.5,29,1.695,0.5,688,4.824,35.92,-120.62,49842.0
2.9609,27,8.469,1.569,1224,2.914,33.56,-117.93,191794.5
2.3542,29,4.965,1.198,1913,2.954,38.23,-121.2,313694.6
2.5342,25,4.423,0.776,357,5.778,33.72,-118.13,178028.9
2.6422,27,5.56,1.234,3,1.609,39.94,-122.37,136783.1
1.5819,18,9.857,2.196,3,4.008,35.79,-119.78,51477.6
5.1315,28,5.767,0.738,2028,4.987,33.36,-117.3,261331.8
6.3387,26,6.854,0.948,2274,2.373,36.5,-121.73,388202.5
3.1563,41,2.11,0.698,3306,2.547,34.34,-117.84,114602.2
0.8227,4,1,0.5,889,3.05,32.69,-118.38,162163.0
4.7943,32,4.96,0.986,322,2.952,37.86,-121.74,391246.1
2.6483,32,4.19,1.001,2124,4.117,35.29,-120.93,77465.6
6.9188,44,4.984,1.07,1089,3.93,38.17,-122.22,425958.0
0.6239,13,6.423,0.949,1222,2.632,35.22,-119.75,15000
3.5644,26,11.014,1.663,1643,3.619,35.14,-118.62,150685.6
3.2014,14,3.382,0.724,3313,2.759,36.14,-119.02,81655.9
5.146,41,6.336,0.84,1954,1.039,34.24,-118.25,217572.7
2.6306,2,6.716,1.281,550,2.764,39.88,-121.73,99597.7
0.5,7,8.73,,2919,3.868,34.32,-118.45,108144.1
5.7864,25,8.65,1.919,1131,3.206,37.82,-121.37,373088.7
4.0602,30,5.457,0.524,3451,1.883,34.47,-117.82,179833.2
5.0729,11,8.401,1.833,2795,3.056,34.85,-117.81,252090.3
2.9142,52,7.293,1.134,1560,3.809,38.96,-122.24,159868.2
2.576,19,7.678,1.414,2011,4.156,34.07,-118.04,105320.3
3.97,5,2.954,0.5,1492,3.289,33.92,-118.21,197254.7
6.5559,36,7.293,2.046,38,5.485,33.81,-118.26,409513.7
3.1196,32,6.98,1.298,2211,1,37.79,-121.25,276718.0
5.2148,12,4.813,0.953,1920,4.122,33.93,-118.4,266680.6
2.5017,28,1.505,0.5,1419,2.474,35.34,-118.28,133411.2
2.1668,38,3.204,0.772,2383,2.469,37.34,-121.77,256302.7
2.6659,19,4.433,0.792,2224,4.468,38.8,-122.48,182081.6
3.9639,48,6.896,1.236,479,3.469,38.98,-121.74,203433.0
4.7638,25,2.804,0.585,1514,5.341,33.51,-117.4,276847.4
2.7648,16,5.566,0.703,247,1.112,36.7,-120.15,112673.6
3.8013,30,7.226,1.124,2838,2.671,36.88,-122.02,264416.3
9.3889,24,6.402,1.325,2567,1.812,34.17,-118.01,463971.7
5.946,23,8.424,1.546,1543,3.743,38.22,-121.82,294000.6
3.5832,19,5.232,0.929,1029,2.575,32.85,-117.59,160186.3
7.7629,16,4.354,0.693,2099,3.326,37.48,-121.18,389371.1
2.4181,14,5.949,1.358,2264,4.422,38.59,-121.67,170245.7
7.1446,40,4.356,0.708,1362,3.882,35.33,-118.49,307145.9
7.2658,29,5.264,0.912,3,2.653,37.34,-122.3,389547.6
10.9431,10,4.75,0.832,3,3.243,32.92,-118.49,439173.3
6.7695,34,5.983,0.889,1420,2.664,38.06,-121.33,376087.7
2.7275,52,9.165,1.943,2240,1.563,39.12,-121.69,161659.8
5.409,18,7.171,,1846,1.388,33.35,-117.77,327768.7
8.3771,39,6.996,1.264,2012,2.387,33.91,-118.2,500001
6.6074,11,8.982,1.659,1871,2.831,38.05,-121.16,362920.1
0.5,25,4.933,1.056,690,3.609,38.64,-121.04,104054.2
3.3821,32,2.761,0.585,900,3.095,33.65,-117.42,160946.1
3.5799,23,7.018,1.348,405,4.491,36.89,-121.08,328055.9
10.9967,11,6.868,1.339,254,3.534,37.2,-121.82,493011.0
2.0407,18,8.136,1.49,2743,2.921,35.16,-119.0,144562.6
5.1261,27,3.523,0.515,1500,1.474,32.76,-117.14,265330.7
7.1615,43,5.317,1.166,1111,,33.48,-117.44,205967.2
5.7455,18,7.341,1.332,222,1.89,33.68,-118.11,230744.6
7.1146,43,7.206,2.034,2666,3.104,37.05,-121.48,387223.0
1.1633,27,5.23,0.709,435,4.235,39.53,-121.11,84521.7
5.924,35,4.851,0.983,3,3.649,37.61,-121.94,279830.6
8.372,20,3.419,0.517,1654,2.712,36.57,-122.15,425824.1
2.0797,1,5.004,1.109,1533,3.03,34.7,-118.23,161783.9
3.7758,38,3.27,0.706,1987,2.43,33.23,-118.35,361306.5
7.9185,1,8.316,1.661,3367,4.182,38.16,-122.0,445449.2
0.631,24,7.572,1.662,1278,4.852,35.09,-119.73,48239.1
6.5321,27,9.572,2.269,1660,4.24,38.19,-122.1,357485.6
2.1043,20,7.963,1.372,1735,3.276,39.6,-121.78,117895.3
4.2979,26,5.267,0.836,910,2.226,37.2,-122.14,277372.7
2.1944,32,7.789,1.904,641,4.532,34.15,-118.49,136756.4
4.8039,48,4.508,0.64,2182,1.667,34.05,-118.29,359738.3
3.6935,13,4.927,0.807,1975,3.596,38.04,-121.25,318528.6
3.6354,30,4.613,1.308,2691,4.236,38.2,-121.86,228452.2
4.6448,27,6.227,1.11,965,1.877,36.5,-119.78,150944.6
8.3447,21,4.254,0.631,568,1.732,38.06,-121.95,377289.3
6.1504,36,1,0.5,1759,2.995,37.28,-121.6,293958.3
7.3976,49,6.319,0.577,1694,1,34.29,-118.04,309004.6
7.3397,22,7.321,2.323,1124,3.408,36.59,-121.45,434764.8
4.5669,42,5.866,0.77,1846,2.896,35.06,-120.76,167340.7
6.7565,36,7.274,1.72,901,3.691,38.05,-121.52,409534.2
4.1472,36,5.134,1.185,714,3.291,37.54,-122.48,347995.4
6.3902,43,5.567,1.009,1806,4.292,32.56,-117.02,299407.7
4.8656,43,6.47,1.681,1250,,37.03,-121.28,232406.6
4.4169,24,8.514,1.676,1489,3.062,33.27,-118.11,291067.8
2.5867,10,5.043,1.279,1464,6.014,38.77,-121.59,165533.0
5.0891,7,9.732,1.908,2937,6.244,33.63,-117.01,287526.1
8.8923,25,5.089,1.095,1575,1.298,38.4,-121.51,480333.7
2.1088,25,5.363,0.553,3,,35.23,-120.91,79852.6
7.1849,6,7.091,1.336,1145,3.113,34.3,-118.44,478581.5
4.2727,24,5.447,1.442,962,4.588,37.7,-121.88,417841.6
2.9711,12,6.209,1.125,3,1.476,39.92,-121.37,28027.4
5.5366,41,1.359,,2352,1.002,37.59,-121.58,319294.1
1.1655,43,4.222,0.821,145,4.874,35.55,-119.89,101726.9
6.8834,48,5.424,1.015,1089,2.206,33.73,-118.24,350589.2
3.9585,36,3.246,0.5,656,2.999,39.19,-121.36,178346.1
7.4077,34,5.323,1.218,620,2.759,37.2,-122.42,379887.8
1.7068,1,4.761,1.217,247,4.84,35.01,-119.05,68234.1
7.6261,35,3.877,0.941,1697,1.807,38.28,-121.1,500001
8.1334,31,3.666,0.963,2046,4.245,37.18,-122.46,500001
1.0879,26,6.581,1.145,3832,2.613,33.87,-117.22,182083.8
6.1568,27,4.869,0.5,2283,,37.8,-122.15,452483.4
0.5801,11,4.111,1.019,1871,3.418,36.54,-119.36,15000
2.4309,22,3.62,0.69,2245,2.506,34.55,-118.91,137198.3
6.1517,26,3.718,0.981,2281,1.796,33.84,-117.62,361129.4
5.9131,52,6.087,1.442,3,2.342,38.25,-121.92,340932.6
1.0568,12,3.012,0.609,1414,4.398,34.7,-118.19,101594.2
1.5461,47,8.247,1.692,1743,2.745,35.47,-120.42,105856.8
7.6324,37,5.319,1.123,748,4.937,37.53,-122.07,423237.4
0.5,52,5.324,0.954,2207,1.691,33.17,-118.14,141741.9
1.193,10,2.542,0.566,386,2.415,32.88,-117.59,168166.4
3.0571,27,6.233,0.868,688,2.957,38.97,-121.36,122684.5
6.8773,31,5.243,1.136,2095,3.489,33.11,-117.91,301282.5
8.812,20,4.658,0.602,4363,2.974,34.35,-117.52,441854.6
5.255,12,6.38,,1988,3.367,33.77,-118.11,384134.5
4.2547,42,6.674,,3,3.64,36.91,-121.33,307012.9
3.439,27,3.914,0.776,165,2.903,33.67,-118.36,334554.8
6.4533,34,5.77,1.181,10,3.588,33.49,-117.45,293359.1
2.4465,15,12.777,2.667,2301,1.997,39.21,-121.21,92811.3
6.026,36,5.576,1.157,1597,2.187,33.84,-117.38,266613.9
5.0881,20,8.9,1.09,1756,,33.99,-118.23,357159.8
4.3725,8,3.94,0.779,1334,3.863,36.2,-119.65,84132.0
7.1094,24,4.601,1.206,1378,1,33.76,-118.43,489614.0
4.2113,23,3.713,0.737,3,2.348,33.63,-118.28,301474.4
5.7935,19,5.409,0.965,3,3.254,33.79,-117.9,452749.0
10.778,18,4.66,0.914,2197,3.05,36.58,-121.03,473628.7
0.7084,18,4.904,1.083,419,4.958,39.56,-121.64,122837.5
1.7983,31,9.473,1.55,5598,2.268,35.62,-119.16,57537.7
1.9221,43,5.842,1.261,1572,2.397,38.07,-121.57,234694.7
2.1673,18,3.846,0.955,2008,3.539,36.86,-119.15,83177.0
4.4932,32,3.838,1.048,788,2.994,35.3,-118.48,253364.7
4.7062,43,3.988,0.857,258,2.671,35.12,-120.33,142904.5
2.6059,46,3.746,0.667,1040,3.221,38.59,-121.68,183949.7
3.3185,28,4.767,1.429,432,3.451,34.13,-118.35,205537.3
3.8283,9,4.791,0.996,3456,2.402,34.33,-118.44,248055.8
6.7833,35,5.643,0.77,990,2.427,33.51,-117.13,328091.3
6.4152,20,6.081,1.177,2004,4.375,32.72,-117.43,331090.3
3.9254,41,6.531,1.928,325,3.838,34.75,-118.23,178688.7
3.2488,23,7.046,1.021,876,3.971,35.25,-119.62,158967.7
3.1436,36,5.402,0.99,3285,3.731,35.55,-119.44,132448.2
1.7466,41,5.234,0.81,2884,4.43,35.37,-119.45,68826.8
5.894,29,5.019,0.571,2066,1.649,39.72,-122.42,157995.6
3.0287,41,8.336,1.806,2681,4.225,38.83,-122.32,158752.1
5.8297,21,8.769,2.217,1024,4.185,38.47,-121.06,444859.5
1.8257,22,3.513,0.84,2665,1.485,34.44,-118.16,148788.4
5.6211,1,4.227,1.18,1066,3.618,33.82,-117.98,244992.2
2.4609,38,6.856,1.55,1936,3.544,32.55,-117.39,144489.6
6.4174,35,5.131,0.821,725,4.26,38.49,-122.13,364165.0
6.6092,20,5.599,0.902,1761,1.916,37.29,-121.35,329868.4
3.1257,16,6.62,0.892,651,4.837,38.03,-122.28,263221.2
2.556,27,7.243,1.646,910,4.284,34.55,-118.2,227533.0
5.2367,24,8.306,2.348,1645,1.888,38.32,-122.33,353349.2
6.098,29,4.918,0.815,808,2.61,32.94,-117.12,314064.4
5.4147,52,3.575,0.79,1667,3.983,35.29,-118.03,279702.8
4.0284,40,3.497,0.645,2547,3.477,35.11,-118.69,176336.2
6.7743,21,3.076,0.641,2388,,39.96,-121.25,282730.9
0.5,35,5.703,1.171,2446,1.821,38.73,-121.68,102290.7
6.8681,15,4.218,0.704,3,1.791,38.83,-121.73,255770.2
2.9627,20,6.772,1.064,99,2.057,35.33,-118.27,139111.9
0.5,41,5.932,1.628,2428,5.153,36.61,-120.22,44652.4
2.5848,1,5.087,1.06,2071,2.095,37.0,-122.26,299116.5
1.0163,28,7.033,2.152,2737,2.265,39.85,-122.15,116488.4
0.5,17,4.306,0.559,2965,1.114,39.23,-121.72,119389.7
3.5286,36,4.733,0.965,1676,2.833,32.68,-117.96,235833.4
5.386,34,3.761,0.784,494,2.249,33.73,-118.47,284238.0
8.6265,29,6.532,1.165,2973,2.658,34.26,-118.1,350800.4
2.7321,33,4.137,0.875,3,2.889,33.67,-117.94,201366.1
6.2632,35,4.105,1.107,948,4.356,38.8,-121.44,286905.6
6.2659,15,4.808,0.728,2642,1.888,33.92,-117.33,332318.2
5.2447,35,4.886,0.551,860,1.746,38.14,-121.56,363507.5
1.2967,32,3.216,1.096,1974,2.675,39.41,-122.11,23417.1
8.616,38,3.448,0.629,1958,1.93,37.78,-121.13,454029.6
9.1495,12,3.688,0.805,2141,2.716,34.47,-118.04,492621.9
6.6812,9,4.879,1.07,1650,4.506,39.8,-121.8,108418.6
0.5056,24,9.12,1.477,229,2.432,35.33,-117.7,120872.4
0.5,13,4.108,,214,3.515,39.41,-121.99,79636.6
1.8261,35,1,0.5,2964,1,33.14,-118.24,151624.4
3.9614,24,6.006,0.721,452,4.318,32.55,-117.91,181777.4
4.5226,25,5.911,1.689,1715,3.258,33.6,-118.4,332390.6
9.208,45,5.31,0.851,711,1,34.28,-118.12,460199.2
7.4658,25,4.046,0.772,2913,3.872,34.21,-118.37,356985.7
1.9667,39,6.565,1.319,2939,2.209,39.65,-122.3,122702.4
4.8928,12,4.45,0.607,1393,3.612,33.31,-117.91,230191.8
3.2416,21,3.96,0.77,1656,4.201,38.96,-121.76,224961.4
7.4663,45,3.297,,520,2.407,34.11,-118.47,500001
6.2073,29,3.126,0.724,2582,2.613,33.96,-117.62,373255.3
0.8068,52,3.559,0.683,3,2.541,39.81,-121.36,40199.0
6.4125,31,7.819,0.8,3545,2.276,37.03,-122.4,394003.0
3.69,34,3.066,0.524,626,3.433,39.88,-122.01,145506.4
5.2611,30,7.387,1.038,2382,5.858,34.47,-117.91,370679.6
1.8452,23,7.468,1.886,1112,3.548,34.33,-117.97,147447.4
5.4876,39,6.306,1.194,916,2.915,33.67,-117.34,242898.1
5.1402,45,5.85,,2641,2.973,38.4,-121.4,364028.2
4.8111,17,3.745,0.921,865,2.146,35.31,-119.89,181296.4
3.6599,7,5.751,0.902,316,2.881,34.77,-118.84,147780.3
4.7765,33,7.764,,2610,3.299,35.54,-119.57,174622.4
4.918,14,5.491,0.82,1026,2.74,32.98,-117.73,294667.2
5.1004,17,8.913,1.774,1494,3.516,38.26,-122.01,330577.7
5.1856,26,2.436,0.501,3,4.276,33.64,-117.16,286924.8
8.5391,39,4.298,0.967,2660,1.67,32.74,-117.76,421963.2
3.6252,44,5.54,1.411,952,,33.63,-117.12,237490.2
4.7248,15,6.724,1.316,3148,2.483,38.63,-121.56,215591.4
1.9817,27,6.976,1.073,4756,3.941,35.13,-119.11,76151.8
5.0452,7,6.002,0.811,216,2.511,37.28,-121.48,380665.5
4.502,28,3.381,0.505,2390,3.21,38.03,-121.41,309737.2
5.413,38,6.861,1.551,118,3.591,32.93,-117.49,216403.2
6.478,40,8.535,1.704,905,2.493,37.52,-121.57,379264.3
4.5925,1,7.884,1.841,3784,3.518,36.11,-119.84,114212.8
6.3988,48,6.684,1.129,921,3.302,38.27,-122.44,356520.7
0.5,35,5.136,1.102,2730,2.77,35.65,-120.8,15000
7.902,17,3.756,0.714,1709,5.704,36.79,-121.5,416607.6
1.3154,30,4.036,0.63,1076,4.794,39.22,-121.81,136465.7
1.4707,38,2.815,0.531,23,1.835,36.42,-119.25,122171.0
3.6985,1,4.012,0.5,3,3.274,36.72,-122.31,201510.8
5.7563,45,5.269,0.9,1906,2.169,33.42,-117.13,292207.2
6.0082,34,2.718,0.588,918,4.134,37.4,-121.26,344783.0
5.1662,28,4.114,0.881,510,3.728,33.66,-118.23,292661.8
4.4201,36,4.024,0.53,382,4.124,38.05,-122.48,389691.9
3.388,19,2.395,0.517,2591,3.757,39.56,-121.17,201944.6
0.5,38,4.265,0.5,532,1.57,39.3,-122.43,15000
5.3196,28,5.855,1.237,3,3.975,34.25,-118.57,131226.6
6.6687,30,3.663,0.813,3511,1,37.43,-121.43,410316.5
7.6385,52,6.419,1.094,1779,3.094,35.08,-118.88,306787.7
4.5732,24,6.334,1.116,1933,2.058,33.31,-117.46,312662.4
6.6614,19,3.879,1.114,1012,4.941,39.02,-121.79,286402.1
5.8201,17,4.773,1.131,3015,5.022,34.74,-117.99,230516.0
7.5698,16,3.805,0.656,822,1.223,38.08,-121.88,407361.4
5.8623,36,7.559,1.791,3045,2.878,36.54,-122.02,381227.5
0.5,38,5.793,0.661,1040,3.067,39.71,-121.9,111380.9
3.7247,9,1.553,0.5,3167,1,34.41,-117.64,204158.3
6.1917,22,4.449,1.305,1130,4.371,37.27,-121.76,392735.4
4.7677,17,5.909,1.279,612,1.304,33.5,-117.63,231874.9
1.3601,39,7.674,1.513,3165,3.286,37.92,-121.12,207266.0
2.3881,41,4.617,,582,2.31,34.29,-118.91,136260.4
4.5625,47,5.864,1.043,1154,3.509,33.79,-117.09,179955.0
3.0914,44,4.592,1.033,1749,4.026,38.13,-121.83,276574.1
4.8482,32,9.021,1.459,81,1.338,37.88,-121.11,322903.1
0.7597,26,1.924,0.5,974,6.932,38.63,-121.14,42710.7
4.8991,38,7.766,1.515,2894,3.328,38.34,-121.44,311291.2
0.7076,37,5.584,1.222,2641,2.586,36.16,-120.34,44616.6
4.2096,45,4.374,0.669,3,1.959,34.73,-118.19,197781.2
2.1467,29,7.974,1.239,1462,1.59,32.63,-118.33,204397.8
0.7468,19,6.342,1.233,3,2.312,38.82,-122.06,43065.9
4.5393,2,6.028,0.909,2470,4.976,33.33,-117.54,177016.6
8.3777,21,1.668,0.5,1585,,37.58,-122.15,435747.7
5.0382,32,4.495,0.759,229,4.386,34.44,-118.35,325367.4
4.122,14,4.487,0.981,3,1.518,38.81,-121.76,152485.1
1.366,10,4.372,0.909,1471,4.718,34.82,-118.5,81244.5
5.1554,26,7.81,1.546,929,2.28,33.41,-117.52,292924.9
2.1612,16,5.741,1.366,2427,4.074,33.57,-117.63,161986.2
3.0912,34,3.434,0.79,132,2.476,36.75,-121.45,267621.7
8.1906,52,9.904,1.088,1704,2.451,36.85,-122.31,451286.2
7.032,41,7.23,0.884,1824,3.618,33.6,-117.79,500001
1.2642,26,4.286,1.112,1240,3.113,39.42,-121.98,126979.7
5.3809,41,3.116,0.843,1582,3.724,34.49,-117.83,295933.0
7.8909,39,9.401,1.793,1365,3.2,34.22,-117.88,427316.5
0.5,52,4.315,0.733,1565,4.463,35.8,-120.3,42968.2
5.6587,1,5.276,1.206,3,4.079,36.8,-121.18,396484.7
3.0742,27,7.57,1.553,3,3.134,38.59,-121.01,24280.4
2.2978,32,5.868,1.005,1659,2.256,34.32,-118.08,175385.8
6.7541,33,4.32,0.5,678,3.287,34.87,-118.44,260523.1
6.961,33,1.088,0.5,932,1.139,34.39,-117.73,383017.6
1.991,12,3.406,0.743,1344,4.027,32.75,-118.15,174266.3
2.4628,38,3.978,0.619,1481,2.289,33.57,-117.4,185820.3
2.2932,18,5.955,1.767,2170,3.817,39.29,-121.73,155960.7
1.5096,52,8.205,1.039,2558,4.255,38.51,-122.3,83809.4
7.0402,44,4.941,1.048,2242,2.635,37.29,-121.21,368807.8
7.7307,20,6.759,1.751,3,2.191,33.67,-118.22,475460.9
5.2049,35,5.937,0.851,1493,3.472,34.6,-118.15,229375.4
4.1821,19,2.975,0.54,246,2.45,35.64,-120.61,161492.3
2.9122,36,3.796,0.802,2277,2.647,35.84,-120.13,135918.9
6.7536,24,6.376,1.391,921,1.744,38.06,-122.34,393245.2
2.987,24,2.826,0.767,615,2.763,38.25,-122.17,226874.1
4.8476,34,4.232,0.5,2530,2.363,37.88,-122.44,295179.6
6.9821,48,5.316,0.912,1983,2.724,33.02,-117.7,333199.8
6.4668,15,4.874,0.671,1923,5.676,36.52,-122.33,368362.7
6.9936,36,5.763,0.803,1542,2.369,37.87,-122.0,442897.1
4.1979,31,4.887,1.017,3469,1.507,34.77,-118.47,208462.4
4.2254,35,4.173,0.775,3,4.898,37.36,-121.84,301438.3
2.5394,37,4.787,0.778,257,1.41,35.41,-119.72,66651.8
8.9637,4,4.369,0.5,1422,2.051,37.76,-122.35,414980.2
5.7044,39,4.467,1.096,465,2.846,32.83,-117.78,289100.5
0.5,28,3.385,0.684,2551,2.787,36.31,-120.94,88934.4
7.5771,44,4.923,1.497,120,1,38.2,-121.07,396318.8
5.3194,21,6.429,1.225,3,4.002,33.47,-118.12,218371.7
2.3543,34,6.615,1.087,1814,5.299,36.59,-119.86,124257.1
6.3401,31,5.937,0.969,2663,3.748,34.34,-118.12,414266.0
3.8161,29,6.264,0.6,353,2.899,39.41,-122.26,240095.9
0.7918,30,4.375,0.811,2310,3.487,39.18,-122.21,15000
2.1286,22,1,0.5,1750,3.11,32.79,-118.11,181835.2
0.5,36,6.454,1.53,1015,4.95,35.21,-118.97,129767.0
6.6949,36,5.294,1.407,2275,3.854,33.61,-118.21,377488.9
3.4521,30,4.845,0.5,1366,2.133,36.55,-119.04,132669.3
3.5632,17,8.412,1.529,163,4.166,34.96,-118.85,230835.7
1.5757,35,3.171,0.833,560,5.17,34.64,-117.55,126665.8
3.5685,28,4.681,1.17,3,2.74,33.8,-117.65,231811.5
5.2693,29,4.068,0.5,1707,5.088,32.75,-117.3,249771.3
4.5676,31,5.068,1.534,1685,4.411,39.13,-121.3,148107.5
5.6356,42,6.291,1.076,177,2.736,33.97,-117.75,401071.9
5.7753,37,6.253,1.539,985,3.667,37.54,-122.48,360854.0
3.4328,41,6.977,1.429,1494,3.302,32.83,-118.46,169360.5
4.0251,50,4.89,1.352,3611,,35.8,-120.25,135938.5
4.3143,33,5.239,1.115,2231,3.931,37.13,-121.98,323598.4
1.3113,23,7.025,1.753,63,6.669,35.05,-118.48,144506.2
7.3035,40,5.572,0.585,1853,3.177,36.83,-122.48,387286.4
4.8865,12,3.894,0.915,1619,3.697,33.07,-117.22,306865.5
2.7073,30,5.94,1.572,3412,3.341,33.59,-118.07,284139.8
3.9251,31,2.551,,1686,3.893,33.5,-118.3,239096.6
9.1424,28,5.755,1.6,3,2.208,32.78,-117.68,396018.5
5.6596,17,5.229,0.926,120,1.267,34.07,-117.93,198796.8
2.6824,17,6.324,1.558,370,3.714,32.78,-118.4,181940.2
4.7349,49,5.439,1.023,1803,1.033,35.13,-118.79,189383.9
3.5372,34,9.524,1.858,684,3.691,33.55,-118.44,324553.0
4.8771,35,5.153,,2564,1.231,33.96,-117.23,303652.2
3.4771,25,6.391,0.88,142,2.459,36.64,-120.24,204234.5
1.7293,52,4.499,1.187,1368,2.894,34.0,-117.7,209046.1
8.5603,43,7.948,0.996,1286,2.711,33.64,-118.23,464902.8
2.5297,12,3.557,0.58,1028,3.103,38.75,-122.21,123165.8
0.6307,41,7.424,1.135,399,4.303,34.53,-118.61,61258.2
4.7882,32,7.246,1.151,2896,3.837,37.64,-121.8,392085.4
5.9994,32,4.527,1.278,1627,3.037,33.54,-117.98,405489.9
7.8225,40,2.259,0.5,1588,1.671,36.54,-121.99,383031.9
2.7532,30,4.431,0.5,2436,3.629,35.6,-119.99,70735.0
5.282,47,3.582,0.5,1739,3.69,33.28,-117.1,258338.4
1.0888,38,6.511,1.184,601,3.892,36.5,-119.42,146741.3
2.4554,38,6.001,1.514,1340,3.072,33.16,-117.63,163575.3
1.3922,24,6.267,1.072,2662,1.774,34.71,-118.51,120595.8
8.0963,43,5.459,0.858,2526,3.737,38.27,-121.21,409504.7
6.5187,32,1.698,0.5,937,5.517,34.55,-117.66,266896.1
7.3322,45,6.038,0.914,3496,3.335,36.7,-121.5,427974.9
8.1767,39,6.429,1.508,105,2.452,33.65,-118.16,487821.1
6.6201,16,4.976,0.701,37,4.05,34.01,-117.99,394502.2
4.9414,43,3.455,0.705,2232,1.128,36.51,-120.58,131092.3
5.8345,31,5.051,1.151,2298,1,37.88,-122.18,338308.4
2.5868,36,3.278,0.654,656,3.082,35.66,-119.31,103847.3
4.494,52,5.896,0.99,866,2.972,33.39,-118.16,207300.3
8.7555,33,5.105,0.954,3,3.3,33.63,-118.28,500001
1.4985,6,5.007,0.557,10,2.981,39.06,-122.11,213133.3
6.6074,29,3.46,0.936,1040,5.087,36.59,-121.67,310078.4
8.8911,16,8.27,1.301,3,2.981,32.61,-117.58,354650.6
3.0456,20,8.241,1.592,1135,3.386,32.83,-117.55,232012.2
2.7422,47,5.767,1.27,1765,4.071,34.79,-118.26,41168.3
4.9927,15,4.075,0.748,492,,38.11,-121.24,315442.8
3.6574,44,9.301,2.136,397,3.696,36.64,-122.36,314500.4
10.2708,19,6.767,1.338,2630,1.935,34.41,-118.23,462296.4
0.5,52,3.855,,2224,6.048,32.97,-118.37,110021.1
1.4201,27,5.959,1.038,1435,4.631,34.52,-117.58,140810.5
4.9711,3,4.369,0.686,1741,2.314,34.86,-118.38,177343.7
5.8384,31,1.67,0.5,38,3.205,36.27,-119.59,137649.5
0.5,22,6.098,0.935,1002,4.345,33.84,-118.18,142911.5
4.573,25,3.623,0.91,836,3.254,33.54,-117.81,224022.2
2.2202,23,5.882,1.295,3,3.179,35.51,-120.1,44781.7
6.4092,1,4.511,1.099,3,2.569,34.04,-118.38,362867.9
7.7437,24,8.357,1.449,927,3.319,33.26,-118.21,280346.6
4.2184,31,5.422,,2354,3.036,37.04,-121.27,367208.7
2.8281,15,4.114,0.75,1382,2.632,36.66,-122.16,225580.4
3.6605,30,2.213,0.5,1568,3.337,33.69,-118.4,223781.2
3.3077,23,4.805,0.727,2481,2.686,33.99,-118.14,166008.3
3.768,9,4.803,0.588,2013,2.393,32.77,-117.38,208619.1
3.025,14,7.723,1.311,1202,4.131,33.24,-117.4,178805.4
2.0562,52,4.143,0.95,3,2.348,37.31,-122.02,279974.1
5.8987,31,5.16,0.901,101,1.332,33.67,-117.26,368907.5
5.5083,43,6.445,0.987,658,2.449,33.05,-118.16,325552.3
2.1028,36,3.34,0.571,1312,1,33.2,-117.26,154050.9
2.112,31,6.355,0.977,1576,2.845,33.32,-117.86,161757.1
3.4898,25,1.971,,3,,33.65,-117.32,285204.2
6.109,35,3.213,0.5,1812,2.503,38.13,-122.4,359065.5
1.3669,44,2.823,0.5,2431,3.714,33.63,-118.44,196464.8
3.2999,9,8.082,1.156,1128,1.36,33.76,-118.41,278167.3
4.6651,38,4.121,0.701,383,3.287,37.74,-121.31,295296.9
3.3027,12,3.194,0.559,3,1.492,36.12,-120.16,130991.1
7.2715,41,4.795,0.965,2134,1.529,37.91,-122.28,454638.5
7.0544,8,5.993,1.176,2814,4.918,36.62,-121.56,378277.7
4.421,25,3.475,1.049,3,3.557,39.33,-122.17,243044.0
8.4988,45,4.909,0.863,2056,1.379,34.26,-117.8,500001
2.2743,33,3.292,0.768,2810,1.89,34.19,-118.03,216255.0
3.3939,52,3.108,0.5,3,3.826,33.82,-118.13,265018.2
2.6006,37,7.014,1.859,897,1.357,33.27,-118.1,249290.8
3.3684,38,7.175,1.477,3,1.866,38.61,-121.38,156980.6
4.7628,34,2.737,0.633,1444,1.831,37.78,-121.94,314290.0
4.7828,11,2.848,0.5,1128,4.787,35.31,-120.76,166685.6
2.584,4,5.357,0.673,939,2.01,34.37,-118.83,205000.9
2.9498,35,3.779,0.616,2502,2.775,34.59,-118.07,128666.0
6.2561,44,4.239,0.782,1196,3.967,37.53,-121.83,390956.6
7.9381,19,4.224,0.73,1021,1.817,33.79,-118.13,419168.0
4.1755,30,3.981,0.598,2106,1.844,32.83,-117.57,231265.5
4.3404,28,6.276,1.456,1940,4.666,39.34,-121.46,212342.9
2.5636,49,5.649,1.155,1952,5.069,39.51,-122.24,139577.6
4.6732,36,5.854,0.691,202,1.212,33.71,-117.01,270951.8
6.325,37,3.66,0.811,3833,3.553,37.4,-121.64,393893.3
7.0218,33,8.835,2.431,3113,2.31,33.18,-118.43,314440.5
3.0187,17,4.672,0.559,3088,3.545,39.99,-121.93,146170.6
3.0773,28,7.705,1.248,2280,3.346,38.82,-122.47,135067.1
1.6338,13,2.734,0.759,797,2.271,35.99,-119.87,96619.5
5.2477,28,7.351,1.6,269,1.72,38.29,-121.73,383002.6
6.3228,37,6.44,0.706,1076,2.776,37.15,-121.83,363347.1
3.5924,18,4.308,0.902,248,3.973,35.1,-119.6,148838.0
2.9721,38,4.753,0.95,3,4.079,33.41,-117.22,180652.9
2.4872,32,6.314,1.026,867,5.212,33.56,-117.76,181283.2
6.9882,52,9.191,2.385,1964,3.921,37.03,-122.12,358976.6
5.2566,16,5.715,0.896,2386,3.305,33.31,-117.86,253316.4
6.6847,22,5.618,1.054,3,2.53,38.43,-121.42,387827.7
5.3051,36,5.103,0.869,1787,2.5,33.25,-117.92,217476.8
0.5,27,8.371,1.558,1448,2.274,39.42,-121.7,114127.0
1.5839,21,1.675,0.5,1404,4.29,39.37,-122.41,180448.2
4.3272,44,4.239,1.003,2217,2.092,33.13,-117.76,228637.4
3.1907,43,5.075,1.054,1743,4.906,37.43,-121.57,259197.1
5.449,7,3.018,0.507,986,1.901,34.3,-118.09,405628.3
4.8481,17,6.44,1.556,507,1.298,35.56,-120.06,158815.6
4.1991,40,6.743,1.404,133,3.015,33.21,-118.22,262212.4
7.3194,22,7.996,,1618,2.448,37.54,-121.76,326433.3
1.8669,39,5.313,1.003,3,3.08,39.48,-122.29,67739.1
5.7682,1,6.677,1.551,1396,2.953,37.82,-121.61,412850.6
6.5635,33,5.576,1.089,2374,2.746,37.89,-122.31,376016.6
5.3717,29,6.155,1.377,648,1.255,36.98,-121.62,462777.0
3.3246,51,4.928,0.65,134,3.335,39.42,-121.37,151111.7
2.5084,34,7.611,1.277,3,3.814,32.52,-117.19,218298.4
3.0693,22,9.435,1.739,2422,3.395,36.73,-122.05,237879.8
1.0733,2,2.325,0.5,1918,3.667,39.29,-122.22,58989.3
5.4464,17,7.395,1.838,192,1,33.96,-118.09,440651.3
3.302,31,5.051,1.144,1740,1.923,33.29,-117.6,189246.9
3.9468,52,6.589,1.446,1190,3.383,33.09,-118.49,273476.9
4.8415,40,5.896,1.562,1464,1.965,33.51,-118.18,314345.6
5.3856,37,3.521,0.763,2955,2.08,34.81,-118.1,273692.5
6.483,11,5.454,0.864,3,4.305,33.05,-117.62,250601.3
3.7284,17,4.409,0.622,2040,2.254,33.7,-118.46,234008.8
4.4647,16,5.605,0.986,405,2.604,37.76,-121.04,356223.7
3.2494,17,7.018,1.504,723,3.136,36.16,-120.55,139656.6
4.8665,40,7.481,1.382,3,1.821,34.1,-118.14,331101.7
1.3872,50,5.257,1.566,3,2.56,35.41,-119.32,130230.4
5.7414,16,6.889,1.472,1877,4.287,36.5,-121.49,321482.5
2.1488,8,5.671,0.92,1223,2.708,33.58,-117.02,183657.4
4.4829,30,4.401,0.767,2042,4.197,35.52,-119.24,124632.9
3.6102,32,3.912,0.713,249,2.42,35.02,-120.62,186496.0
2.82,40,6.99,1.729,1846,2.16,32.68,-117.27,233048.5
6.7652,7,3.154,0.629,497,2.05,38.03,-121.13,353952.3
5.7301,45,4.406,0.898,1172,3.68,37.76,-121.81,314525.6
8.9938,26,6.483,1.445,3,4.186,38.12,-121.49,500001
4.3918,29,6.853,1.009,854,1.628,34.44,-117.62,332971.3
3.2137,39,5.194,1.072,353,3.521,38.49,-121.01,257570.0
4.3527,19,5.531,0.833,2948,2.12,35.33,-118.03,228173.3
6.152,33,4.575,0.749,1755,3.384,37.59,-121.08,317007.9
5.5422,16,6.259,1.749,3,1.289,34.05,-117.65,396200.4
4.7331,31,3.331,0.866,3,6.237,39.57,-121.85,213786.6
5.6665,28,3.239,0.792,845,2.914,34.02,-117.83,367578.3
3.2294,22,4.954,1.202,2360,2.447,34.04,-117.52,162335.9
2.9569,38,5.074,1.362,373,1.329,39.67,-121.18,156226.8
5.5517,6,4.334,1.373,2522,2.087,35.13,-117.51,267421.3
7.4944,47,5.649,1.206,3,1.826,37.79,-121.95,373222.3
6.3943,23,4.57,1.153,1867,3.366,37.8,-121.09,370409.7
6.3468,27,8.952,1.835,162,3.667,33.93,-117.66,430286.1
2.3065,28,6.9,1.077,1071,3.884,32.8,-117.72,194095.9
7.8588,30,4.794,0.92,3,4.517,37.14,-121.77,460595.6
4.8206,19,4.551,0.9,2564,1,35.58,-119.36,169574.8
6.5406,40,6.003,1.144,1117,5.259,39.37,-122.47,209098.1
4.1051,34,9.239,2.073,3198,1.921,34.35,-118.42,179922.2
4.793,26,2.5,0.5,2382,4.927,38.47,-122.08,305458.5
2.4611,26,4.036,1.089,3,1.183,34.96,-117.97,147223.6
3.1496,12,5.877,1.14,1840,1.539,37.47,-121.57,338841.1
4.6509,38,7.256,2.613,1210,,36.72,-119.97,228375.1
2.4351,34,2.613,0.5,707,4.227,34.93,-118.46,157385.1
4.5983,41,9.846,2.353,2317,3.441,34.35,-117.63,153266.6
4.9521,34,3.902,0.765,913,1.671,33.41,-117.39,268027.8
1.9678,27,4.111,1.166,1596,1.575,34.4,-118.29,150164.8
2.517,30,5.859,1.162,2863,5.774,39.9,-122.04,106928.2
2.9184,39,4.064,0.801,3,3.104,35.8,-119.26,186684.1
6.7643,41,3.132,0.546,90,1.858,38.02,-121.11,417410.9
3.6306,40,6.03,,1786,2.021,36.8,-121.52,278791.0
4.1345,16,6.065,1.05,2121,4.369,33.7,-117.59,343936.0
6.6973,38,6.682,1.521,2328,1.535,33.94,-118.23,357308.2
2.9602,26,3.876,0.628,863,2.601,35.52,-120.69,169710.7
1.7352,19,4.878,1.271,1361,6.188,34.74,-117.69,176445.3
4.7165,1,3.92,0.836,1603,2.455,32.56,-117.08,276042.8
0.5,44,5.079,0.994,971,3.324,36.37,-120.41,50655.0
2.717,25,6.752,0.866,2453,1,36.83,-120.85,24425.7
5.7976,27,7.128,1.756,883,3.73,38.27,-121.22,369349.1
1.3689,18,9.582,,4,2.984,34.12,-117.84,107343.1
3.4318,30,8.33,2.094,1590,2.708,35.21,-117.66,118001.2
3.1973,19,7.594,0.931,3102,1.621,34.17,-118.19,198050.5
6.4735,15,2.7,0.632,589,3.259,37.63,-121.39,434169.6
4.7357,34,4.938,1.185,1181,6.471,35.03,-120.38,126692.2
0.9509,31,7.802,1.972,1657,3.989,35.34,-119.44,93855.6
2.9254,46,3.121,0.871,1771,2.65,38.29,-121.08,218763.7
5.3913,43,7.478,1.059,3538,3.623,35.35,-118.49,299845.9
2.187,33,5.24,0.887,3326,1,36.94,-119.58,114111.5
3.7956,11,7.177,1.996,2490,2.301,37.28,-122.24,300379.8
7.7951,8,6.042,1.505,968,4.603,33.14,-117.8,342985.1
2.2386,24,4.573,1.042,742,3.424,39.58,-121.14,26881.3
2.0177,8,5.107,1.037,4116,2.821,36.22,-119.81,71704.5
2.6869,28,2.502,0.5,3,2.231,34.03,-117.92,147310.7
4.1158,11,4.499,0.879,1113,4.318,33.79,-117.96,246553.8
0.5,23,3.455,0.791,462,4.136,35.15,-118.09,60686.0
5.3862,21,6.964,0.608,1288,2.836,33.66,-117.51,278652.5
7.0204,34,6.534,1.388,2016,2.666,34.68,-118.9,282042.9
6.3355,41,3.897,0.978,1932,4.72,37.05,-121.98,386681.9
2.4054,31,6.076,1.216,59,3.809,39.8,-121.78,151180.9
7.9517,35,4.682,0.807,1046,2.32,33.69,-118.26,389544.0
3.4298,30,8.685,1.907,3676,2.635,38.83,-121.14,96343.4
2.3498,30,5.257,1.208,1950,5.17,32.79,-117.75,170463.0
5.3826,43,4.225,0.957,712,1.091,33.64,-118.02,298510.8
0.5,17,5.951,0.782,857,2.313,34.85,-118.22,124634.0
6.273,19,6.849,1.05,923,2.475,33.75,-117.93,436710.7
2.3054,15,5.57,0.71,481,5.265,33.49,-117.14,263621.8
7.9331,27,5.403,1.285,3,3.141,38.19,-121.79,357078.5
5.011,49,8.498,0.95,2901,3.488,37.95,-121.95,359590.1
1.558,37,6.612,1.06,3,2.761,38.24,-121.41,216325.4
4.6446,52,4.002,0.936,1740,2.91,33.66,-117.71,314232.9
2.8416,24,5.691,1.571,1598,2.134,36.81,-122.3,238877.2
2.0349,8,4.369,0.507,1305,2.848,38.75,-121.42,180608.2
4.6642,21,3.891,0.797,594,2.343,33.43,-117.58,258192.9
3.4994,35,4.653,0.55,716,3.074,38.97,-122.46,199828.6
6.879,48,5.531,1.264,1478,3.779,37.59,-122.17,449286.8
3.1498,19,3.585,0.702,1707,1.694,33.25,-117.59,145697.2
5.9891,31,5.101,0.81,2061,4.037,36.74,-121.07,380687.9
1.6181,35,5.549,1.04,1820,4.47,33.31,-118.44,181734.9
4.9021,52,5.241,1.139,2549,1.532,35.46,-118.99,231165.8
3.4528,6,3.636,0.584,266,2.443,36.91,-121.89,299214.5
0.5,8,9.04,1.758,1061,2.851,36.03,-119.86,15000
3.7237,15,7.012,1.425,1350,3.407,39.97,-121.67,157345.1
1.6889,17,3.67,0.812,3534,3.51,33.31,-118.21,168396.4
3.044,19,4.341,1.034,1416,2.26,34.39,-117.99,204066.7
4.4072,35,5.751,1.114,1951,3.753,33.82,-117.14,223951.6
4.5509,27,5.877,0.745,3564,3.975,35.36,-118.08,223660.8
6.2358,30,6.71,1.077,234,3.032,34.38,-118.26,283812.6
3.6867,9,3.385,0.921,2830,1.817,37.34,-122.26,251934.5
6.4534,12,3.684,0.828,2425,3.273,36.71,-122.36,330491.2
0.9529,24,3.938,0.611,2159,2.243,32.84,-118.02,205978.8
6.2126,28,5.351,1.157,558,2.361,33.12,-117.72,277954.8
3.7555,28,6.148,1.302,3537,2.196,34.49,-118.0,298817.2
2.2404,31,8.992,,3,1.645,39.68,-122.01,107296.1
3.6322,20,7.62,1.064,857,2.409,37.06,-121.66,312545.1
5.6087,35,6.963,1.189,386,3.859,33.74,-117.02,354716.2
2.6631,12,2.665,0.5,989,1,33.64,-118.46,237121.3
3.0516,33,3.469,0.74,1229,4.019,34.8,-118.83,248511.4
2.9481,26,6.877,1.636,2128,2.682,35.81,-120.94,63793.5
8.3923,26,8.867,1.522,388,3.608,37.22,-122.38,500001
3.8524,35,2.554,0.523,2198,3.199,33.23,-117.46,150733.4
1.2768,8,4.864,0.823,1540,1.242,38.8,-122.06,30818.4
2.7544,52,5.36,1.067,2093,2.416,38.28,-121.83,335087.3
5.2277,22,3.228,0.609,1099,3.546,37.2,-122.19,339412.8
2.1519,42,5.833,1.172,2882,1,36.24,-120.12,81537.2
8.1379,21,2.05,0.5,2296,2.424,37.53,-122.23,447365.4
5.885,20,4.978,1.239,2125,2.552,34.26,-117.99,355303.1
4.5974,33,5.735,0.5,2705,3.344,38.25,-121.45,330515.1
5.9076,18,3.587,0.814,2614,3.724,33.51,-118.0,360564.0
3.7635,17,4.66,1.135,2249,4.884,33.47,-117.23,255508.8
5.6249,1,4.967,0.869,1746,1.871,34.05,-118.27,374666.3
3.675,47,4.282,1.21,1231,2.689,34.41,-117.78,188257.3
6.6352,9,5.815,1.425,1904,2.41,34.52,-118.81,272488.7
5.1945,38,6.898,1.293,2637,4.614,33.24,-117.85,296044.1
4.1767,19,6.158,1.054,1514,2.108,34.97,-117.96,196668.5
3.7142,18,5.488,0.875,817,4.445,37.68,-122.12,352912.5
4.0385,30,2.856,0.5,3,2.112,33.98,-118.18,409708.8
7.0681,42,6.521,1.296,3973,2.166,33.61,-117.68,275701.4
3.9111,30,8.085,1.419,3,1.52,33.93,-117.59,253860.9
1.3802,31,4.579,0.798,2654,,39.99,-121.15,124729.5
4.8025,17,4.728,1.009,2287,3.297,33.92,-117.11,257460.7
3.7537,28,4.69,1.101,3,4.398,39.46,-121.11,245340.1
2.1142,28,3.443,0.615,3,3.136,36.84,-120.72,84187.3
1.5759,43,6.337,1.287,2866,2.228,33.77,-118.38,170021.4
2.386,20,4.969,1.0,1340,1.765,38.02,-121.97,322070.6
3.4878,9,5.248,1.175,3158,1.797,34.06,-118.63,210677.3
5.4204,4,5.874,0.633,3393,2.367,38.46,-122.19,317656.3
0.9681,27,2.922,0.631,423,4.591,36.05,-119.56,89399.6
3.719,32,6.837,1.128,2202,1.358,34.52,-117.97,146906.3
2.4764,36,1,0.5,70,2.019,39.5,-121.26,169943.6
6.5786,27,4.479,1.045,1037,1.539,38.61,-121.83,255004.8
3.623,27,1,0.5,253,4.308,35.22,-119.85,87516.6
5.6557,46,1,0.5,2884,4.684,34.0,-118.45,230514.9
4.1089,24,4.284,0.706,2258,2.861,33.38,-117.22,242847.7
2.5274,21,7.645,1.958,1333,2.005,33.02,-118.02,231659.6
3.2967,34,4.229,0.741,1166,2.769,36.86,-121.25,350522.4
3.8481,21,2.976,0.55,3383,3.592,33.52,-117.41,194144.4
1.4299,52,1.617,0.5,892,3.977,40.0,-122.41,153845.6
5.6251,23,5.613,1.034,3174,2.585,34.25,-118.57,159142.1
3.3527,50,8.153,2.124,1675,1,37.6,-122.04,325391.8
1.3856,19,4.743,1.08,1156,2.822,33.77,-118.09,168937.3
1.9317,16,4.441,0.884,780,2.269,36.05,-120.17,172019.8
3.9938,16,4.982,1.076,756,4.67,33.16,-117.42,207159.7
3.7082,20,6.517,1.105,1177,2.52,38.06,-121.11,378205.5
1.7204,49,5.52,1.073,851,5.286,34.82,-118.15,120100.2
5.568,28,4.148,0.774,1132,4.411,36.59,-122.31,374375.0
1.8945,26,6.603,1.165,1315,2.55,33.5,-117.35,131312.9
5.1971,22,3.989,1.101,141,3.323,34.2,-117.91,341968.8
3.1258,39,6.8,1.415,2657,6.407,36.62,-119.6,125121.6
2.9686,10,2.674,0.886,746,4.471,38.94,-121.01,164717.0
3.8663,25,4.102,0.682,1498,5.66,33.3,-117.75,211887.2
6.2256,52,4.708,1.468,556,3.255,37.09,-122.49,316888.9
2.1685,17,5.549,0.811,2814,1.936,35.99,-120.11,105068.0
7.0116,30,5.382,0.557,1617,2.686,37.18,-122.06,347510.1
4.2506,22,3.551,0.834,268,2.247,36.77,-121.35,294204.5
4.0065,30,4.898,0.591,781,5.21,39.67,-122.15,195396.4
4.2079,40,2.808,0.5,2922,3.551,34.88,-118.32,200123.4
3.5006,38,6.348,1.694,336,4.852,33.63,-117.51,223538.3
5.1727,38,3.91,1.319,1053,2.98,33.61,-117.64,216565.5
6.1651,32,6.496,1.325,2199,3.943,33.56,-118.31,357808.6
1.4095,24,1,0.5,517,2.817,37.83,-121.48,232600.1
2.1492,8,2.94,0.5,696,3.27,34.08,-118.26,172190.4
6.1256,30,8.074,1.804,2456,3.489,33.42,-118.44,372959.4
2.745,4,4.982,0.692,396,3.315,39.73,-121.14,158751.0
5.6031,27,4.911,0.916,1043,2.574,37.93,-121.84,371337.1
4.6207,17,1.629,0.5,1403,4.375,34.7,-117.78,261579.6
2.6202,38,7.436,1.099,3,2.44,33.54,-117.89,226290.6
1.7029,30,7.33,1.368,2268,3.466,34.1,-118.07,97936.7
6.8113,24,4.415,1.186,1517,2.363,36.55,-119.57,225880.3
2.0883,24,7.756,1.504,1062,4.995,36.68,-120.58,71730.4
5.2811,21,6.299,1.286,788,3.685,33.66,-117.61,301365.8
4.9803,7,4.996,0.976,2796,3.492,33.78,-117.32,251430.2
2.0148,16,4.698,0.995,2057,2.538,35.47,-119.88,53775.3
3.5846,5,6.823,0.682,2124,1.652,32.81,-118.48,251962.8
1.2748,15,4.044,0.542,2601,2.067,32.52,-118.1,131123.9
4.5939,31,6.634,1.247,1432,2.299,37.19,-122.1,296090.4
8.7629,17,6.157,1.406,1192,3.445,34.36,-118.13,474273.9
8.3957,20,6.241,0.879,1748,1.971,37.42,-121.4,401591.4
1.2922,29,4.151,0.924,1697,5.046,35.8,-119.96,71910.8
4.8242,26,5.518,1.086,3062,2.843,34.61,-118.84,279397.8
5.6466,37,4.236,1.209,3,2.348,37.45,-122.46,384675.6
3.6601,34,3.417,0.719,4005,2.836,33.13,-117.44,232677.1
4.2942,40,4.367,0.859,603,5.587,38.39,-122.11,348067.6
1.6124,16,3.513,0.65,356,4.79,36.1,-119.33,141779.6
4.7293,32,6.51,1.103,1405,1.043,35.33,-117.91,230764.0
2.2506,28,7.604,1.058,719,1.437,38.15,-122.08,258408.9
5.0988,31,5.557,0.954,1868,4.544,36.55,-119.91,141867.9
9.9962,25,7.207,,1754,1.571,36.52,-121.89,453655.5
5.6099,18,5.248,1.285,358,3.086,34.2,-118.04,390922.6
5.3458,32,6.053,1.243,1729,3.007,36.73,-121.42,378784.2
8.7384,18,5.232,0.829,257,1,37.85,-121.81,433896.9
1.7536,15,6.788,0.784,1344,1.426,33.96,-117.4,114280.3
2.7567,33,4.598,1.029,3,3.139,33.53,-118.41,234220.3
6.2809,24,7.074,1.762,2267,5.033,36.73,-121.19,388707.4
3.5989,17,7.476,1.902,266,2.862,37.12,-121.74,317792.1
0.5,43,6.283,1.026,683,3.62,35.01,-120.27,50541.0
6.9827,31,6.633,1.243,1841,4.567,33.79,-118.13,320923.1
0.5055,33,5.921,1.645,638,4.366,36.2,-119.53,24327.0
4.5508,19,4.547,1.121,2357,3.766,33.35,-117.46,297434.6
6.2907,36,4.196,0.717,1511,3.017,35.25,-118.44,226430.8
5.6887,29,5.014,0.999,816,5.428,33.91,-117.69,248807.4
5.7747,20,2.609,0.507,3,2.64,38.16,-122.2,358717.6
5.31,42,7.087,1.235,1083,1.711,33.5,-117.19,201182.5
5.7681,21,5.134,0.689,41,2.869,37.71,-121.64,390374.0
4.0885,30,5.333,0.847,3,3.075,39.6,-121.41,224467.2
4.2208,24,6.613,1.486,3,2.962,35.92,-119.28,132992.7
3.7075,26,4.266,0.714,2313,3.905,35.13,-117.86,161994.4
5.914,15,4.416,1.157,2508,2.353,33.59,-117.96,396216.7
1.5162,39,4.496,0.917,3013,2.281,34.04,-118.96,207099.9
4.2294,18,5.311,0.732,1747,1.466,33.7,-117.23,228671.8
5.5796,45,4.286,0.516,453,1.323,39.57,-122.36,167776.2
7.7798,21,5.813,,1309,4.349,33.49,-118.05,314504.5
6.3197,21,5.604,0.874,1163,5.471,38.29,-121.05,370641.0
1.2319,1,6.21,1.38,2184,,34.27,-118.02,93439.9
3.3527,1,4.661,0.854,1748,2.559,32.76,-117.64,283776.7
7.1331,25,3.816,0.641,3,1.473,36.94,-122.21,431522.3
4.2157,29,4.789,1.134,1029,2.047,33.08,-117.87,309607.6
3.8273,35,5.987,0.799,1996,2.444,38.54,-121.49,218093.9
6.6148,26,6.586,1.762,2071,2.581,37.39,-121.9,448193.1
4.2343,17,5.183,1.183,611,2.642,37.5,-121.49,308167.5
1.6316,29,6.509,1.0,415,2.477,32.84,-117.83,172193.3
6.1078,16,1,0.5,3459,4.804,33.57,-117.24,292335.9
5.2382,45,6.129,1.112,1644,3.822,33.05,-118.44,177577.0
2.677,30,5.487,0.951,12,3.214,34.65,-118.3,217954.3
1.385,29,6.618,0.5,71,2.385,33.81,-118.01,145580.3
3.6011,52,3.371,0.608,2336,4.381,36.77,-119.55,128769.7
2.8768,22,5.816,0.859,636,2.966,36.94,-120.11,150836.2
3.4295,35,4.093,0.799,2963,2.923,37.12,-121.73,230146.2
0.6218,15,7.662,1.44,1129,3.162,39.01,-121.69,108439.2
5.222,28,6.417,1.34,1067,1.502,33.8,-117.79,406932.0
4.636,45,5.815,1.362,2300,1.18,33.52,-117.88,282885.4
2.2603,27,6.467,1.157,3,3.424,34.1,-117.7,76019.2
4.8561,28,5.336,0.5,2780,3.507,32.92,-117.66,213893.6
2.7649,41,4.219,1.109,4024,4.351,38.71,-121.41,171083.2
5.6291,21,10.01,2.423,2170,1.676,36.94,-121.15,373375.7
6.2639,46,5.604,0.989,2386,1.379,38.42,-122.26,410726.2
4.9876,28,6.301,0.64,1155,2.001,33.29,-118.22,211153.4
4.8173,37,6.704,1.474,3220,3.824,33.7,-117.54,294542.5
7.2599,42,8.665,2.049,1278,2.311,33.92,-118.05,270354.4
3.6982,12,6.434,0.875,1759,1.509,38.54,-121.05,165801.1
1.3846,38,5.673,1.142,1409,3.174,35.69,-120.28,45056.2
0.5,45,7.425,1.686,1144,4.198,36.52,-120.75,57379.9
4.1932,40,5.967,0.986,2952,3.269,37.3,-121.65,272248.8
5.4391,30,7.916,1.705,2317,3.486,33.1,-117.1,293778.1
6.192,23,7.075,1.431,2565,4.546,36.96,-121.68,421097.4
4.0565,35,1.515,0.5,1889,3.925,35.08,-117.91,267084.0
4.7023,22,4.834,1.203,1885,1.104,38.83,-121.91,162783.9
2.4531,12,3.886,0.703,1396,3.578,35.04,-118.05,169513.4
3.9521,18,4.583,0.738,1949,4.343,35.13,-120.38,89126.8
5.752,19,4.01,0.934,3,1.27,33.84,-117.99,273548.6
2.3282,13,7.219,1.259,2115,4.457,37.67,-121.91,286155.2
2.804,20,5.925,1.166,2750,1.655,36.94,-121.35,313670.2
0.5,33,8.081,1.873,3249,3.957,35.12,-118.37,173417.9
5.0091,43,5.184,1.313,3,1.429,34.31,-117.72,330513.2
6.405,31,4.262,0.677,1859,,33.23,-117.94,348220.6
4.4355,48,6.137,1.145,1187,2.113,34.01,-117.56,218915.4
6.188,41,6.342,0.986,954,2.966,35.04,-119.3,248224.0
6.2373,42,3.988,0.769,3,1.679,33.81,-118.2,432099.2
1.5092,22,10.406,2.155,2555,1.386,36.43,-120.43,30021.9
4.0182,32,2.841,0.509,1932,3.942,32.98,-117.96,266200.0
5.8763,17,6.14,1.492,1222,1,37.15,-122.21,416946.7
5.0746,22,5.84,0.991,1241,1.741,33.6,-118.33,301122.6
5.0233,17,5.433,0.662,2556,1.82,33.29,-117.6,288263.6
6.7107,10,7.333,1.408,941,1.504,37.59,-121.76,414496.6
6.2959,48,7.677,1.382,1752,1.549,37.99,-122.18,362310.0
6.0274,27,5.454,0.653,1087,3.042,36.81,-122.04,319098.5
7.39,20,6.476,1.477,1145,,33.89,-117.49,335682.5
1.5999,26,3.432,0.808,1127,5.616,38.85,-121.1,43960.3
8.4477,36,5.117,1.128,2637,3.135,34.22,-118.08,466040.5
6.5142,21,5.717,1.435,2250,2.479,33.62,-118.08,381158.3
3.3254,24,5.855,1.078,3055,2.588,35.21,-118.08,191059.5
7.648,28,3.839,0.804,1491,1.668,38.04,-121.86,469799.4
5.39,31,6.075,1.279,1311,4.792,39.4,-121.06,215894.1
7.199,36,5.234,1.03,2269,2.303,38.95,-122.36,256493.6
2.5356,22,3.25,0.522,1187,4.199,39.49,-121.51,104107.4
1.884,52,7.115,1.596,3,2.441,37.12,-121.73,256555.1
2.9372,45,4.529,0.95,2165,4.319,37.21,-122.25,265876.5
6.1007,17,4.405,0.643,3,2.22,35.04,-117.74,220182.0
8.0681,38,6.397,1.33,937,3.224,33.61,-118.43,402499.8
4.0543,27,7.042,0.801,3007,3.514,34.24,-117.92,222944.8
6.6985,47,4.634,1.31,1885,2.99,34.47,-118.44,397043.4
0.7611,34,5.157,1.248,2865,3.019,34.28,-118.27,166279.1
2.2518,14,5.37,1.28,2260,2.237,33.23,-117.33,215017.8
4.545,48,3.958,0.975,1431,5.547,37.43,-122.22,252542.4
5.9275,15,4.705,0.725,1046,1,38.03,-121.04,372541.0
3.6784,26,7.517,2.488,3,4.178,39.08,-121.98,211458.9
3.2725,17,6.991,1.301,2767,4.173,35.47,-120.11,144711.0
5.6244,26,5.475,1.201,3127,3.27,32.93,-117.68,275656.9
3.8097,36,3.027,0.596,2600,3.331,36.63,-119.86,93360.6
7.5046,23,7.756,1.572,2069,1.665,34.34,-117.68,500001
2.6455,38,5.285,1.012,2496,3.151,32.71,-118.25,189988.4
7.7131,36,6.647,1.842,1928,4.156,38.12,-121.25,386670.7
6.2694,52,6.743,1.146,3,3.157,38.78,-121.23,221422.6
3.2012,10,4.387,1.002,791,1,34.04,-118.99,150317.7
5.5548,52,6.243,1.274,2380,3.502,33.98,-117.12,271933.1
1.9415,22,2.467,0.5,990,4.831,33.81,-117.5,151993.9
4.8305,4,5.352,1.331,3,4.189,33.16,-118.11,191648.0
6.7392,27,6.29,1.393,131,3.353,34.15,-118.04,452862.7
1.9303,1,5.118,1.113,2116,4.687,39.79,-122.28,29226.3
4.2152,1,6.157,1.216,3,2.205,37.77,-121.16,317532.6
4.5817,22,4.288,1.087,3053,3.156,37.06,-122.28,342872.4
6.885,23,5.298,0.851,98,4.817,34.07,-117.58,398001.0
9.8816,34,2.23,0.687,1132,1,33.54,-117.89,500001
5.4728,20,3.489,0.739,210,3.224,35.27,-117.81,303472.2
7.3504,31,3.832,0.825,1821,2.51,32.58,-117.04,240053.2
6.9478,36,5.841,1.496,3621,4.493,38.21,-122.28,344719.8
3.446,17,8.201,1.648,3,2.569,36.1,-120.32,134605.6
5.7394,38,4.547,0.875,3,3.668,37.46,-122.19,311494.7
0.5,50,8.007,1.943,2139,1.977,34.7,-118.39,88464.0
5.3144,28,5.721,0.802,1087,2.437,37.48,-121.52,301741.0
2.085,33,6.694,0.713,1998,2.358,33.97,-118.37,99677.7
4.602,8,6.562,0.696,1071,3.576,36.67,-121.65,264626.1
1.7729,19,4.906,1.286,1085,5.129,36.89,-120.23,151666.0
4.3557,34,5.982,1.269,3,1.74,38.17,-121.67,403276.8
3.6018,15,5.916,1.426,217,3.544,33.59,-118.4,253964.7
0.9429,34,5.691,0.865,2096,2.699,35.09,-120.11,66636.0
4.7527,22,2.855,0.667,3106,3.366,33.04,-117.43,271752.6
5.4547,32,4.335,0.587,1767,2.45,35.01,-118.81,179804.7
6.2399,16,3.195,0.557,3378,2.306,33.41,-117.75,229342.0
2.5534,28,4.115,1.117,1012,,36.05,-120.9,47486.5
3.978,22,4.332,0.5,2047,4.174,34.0,-118.12,324647.1
1.9198,27,7.682,1.567,623,2.149,36.41,-120.1,96277.9
3.5189,21,3.504,0.5,224,2.926,36.86,-119.05,117702.5
4.5702,20,5.015,1.383,3,3.02,37.4,-121.16,372580.7
2.7075,25,5.884,0.601,2053,3.059,33.28,-117.86,164604.6
4.8047,44,2.682,0.538,181,3.323,34.01,-117.75,349758.7
2.6924,20,1,0.5,175,3.002,35.27,-117.59,206587.2
2.2666,9,6.185,1.162,802,3.829,34.87,-118.52,171640.4
5.3333,41,6.708,1.821,1180,2.37,33.6,-117.45,234501.3
7.4719,30,6.447,0.71,390,2.686,37.94,-121.39,467517.3
3.1278,1,3.702,1.007,1264,3.012,35.79,-120.68,163299.5
4.7818,40,3.881,0.628,1758,5.282,35.08,-120.18,159920.3
4.9313,29,3.28,0.694,3,3.007,36.87,-121.51,292278.8
1.1957,19,5.344,1.094,1837,2.949,34.87,-118.17,100019.2
4.108,11,4.787,0.579,1889,3.649,38.85,-121.62,140309.8
4.8211,22,2.649,0.5,3,3.9,38.09,-121.96,394435.7
3.8059,17,2.59,0.699,1115,3.468,33.87,-117.62,363839.0
5.3595,17,10.113,2.604,333,1.974,32.97,-117.52,283137.7
4.6777,17,3.486,0.705,1260,3.66,39.01,-122.44,236915.7
4.0814,28,3.537,0.707,748,1.802,38.53,-121.4,126337.0
2.4648,29,5.134,1.306,1445,3.269,35.57,-120.75,115308.3
0.5,6,6.053,1.015,2510,4.717,34.53,-118.08,36670.4
1.0631,14,6.714,1.461,340,2.739,33.55,-118.12,117306.6
7.0554,23,7.166,1.236,1261,3.469,34.09,-117.92,458712.8
7.939,52,5.449,1.272,955,2.52,33.17,-117.37,365049.1
0.6998,29,6.836,0.932,1558,2.363,36.65,-119.05,121184.8
10.224,37,4.949,0.602,3,5.1,38.44,-122.08,450028.9
0.5,46,4.814,1.161,858,2.487,34.98,-117.98,100480.6
5.0301,26,6.365,1.413,1733,3.738,39.28,-121.72,147609.6
4.6622,41,4.333,0.61,2084,4.444,37.05,-122.19,338013.4
3.497,30,3.897,0.578,3,2.522,37.98,-122.35,353520.4
5.1085,16,2.674,0.538,1057,3.382,33.65,-117.35,272011.2
4.5248,18,4.62,0.736,421,1.856,35.3,-120.97,167739.5
9.3608,17,5.302,0.924,1585,3.295,34.49,-117.89,500001
1.4908,35,4.57,0.61,1559,2.77,39.87,-121.85,154890.5
3.9136,12,2.111,0.5,1682,4.973,36.85,-119.13,192431.9
0.5,28,3.027,0.564,1010,5.081,34.36,-117.93,110067.5
2.7915,33,7.437,2.064,1080,3.001,36.41,-119.86,192289.4
5.6688,52,9.377,2.065,842,4.511,34.2,-118.23,214452.4
3.2823,11,1.606,0.5,3,1,37.47,-122.14,357507.2
1.3749,48,5.795,1.227,493,2.752,35.25,-117.51,108615.8
4.2341,1,5.341,1.584,3,2.284,35.66,-119.26,127338.0
8.6329,30,6.915,1.714,3,2.828,36.54,-121.26,415129.1
5.3034,32,3.403,0.892,815,2.187,33.08,-117.78,262310.5
5.7012,16,5.492,0.581,167,3.677,34.16,-118.25,404563.6
5.0161,10,3.353,0.575,1398,4.288,37.39,-122.41,407104.0
5.5001,14,3.759,0.996,1348,2.987,32.84,-117.76,276180.3
5.3095,33,6.41,1.055,2219,4.554,33.73,-117.7,299747.5
1.8417,40,4.795,1.045,728,3.791,33.67,-117.54,154003.5
5.4046,20,6.929,1.387,2040,2.743,32.64,-118.23,288723.1
6.3175,46,6.964,1.517,2485,6.321,33.18,-117.57,267625.0
2.5483,13,4.203,0.737,2790,2.589,34.9,-118.29,226367.1
1.405,23,5.979,0.564,4744,2.598,38.84,-121.89,78162.9
3.3351,42,6.419,0.989,2685,1.874,33.14,-118.14,235580.8
6.1574,36,5.462,1.058,783,,33.66,-117.78,439268.1
4.5081,23,3.805,0.723,3,4.35,33.6,-118.44,371370.9
5.9075,33,5.169,0.521,3,3.74,32.72,-117.06,300504.1
4.7371,42,3.303,0.5,1840,4.918,34.4,-118.41,335328.7
7.3717,23,6.755,1.397,1824,3.124,33.35,-117.0,326002.2
7.0735,35,4.702,1.076,3,3.275,37.74,-121.09,430463.0
8.0853,19,4.134,0.7,244,2.063,32.62,-117.93,281500.9
4.5548,42,5.257,0.697,1924,3.72,37.88,-122.01,319840.3
2.9702,39,6.326,1.368,3611,2.818,33.17,-118.18,192666.5
4.0637,1,7.694,1.562,2117,4.731,32.51,-117.05,139281.7
1.8944,27,2.778,0.711,1373,1.557,34.66,-118.65,96602.0
7.0829,51,4.424,1.294,1658,1.214,34.1,-118.11,274519.4
4.2557,21,4.356,0.575,723,3.568,36.04,-119.95,111205.6
5.2396,35,6.942,1.259,972,1.901,36.73,-121.89,388084.5
2.0763,21,5.872,1.105,2140,3.327,39.04,-121.45,157835.9
5.6022,31,5.311,1.184,504,3.986,37.72,-122.32,329849.0
2.9342,18,4.965,1.072,1204,6.886,34.63,-118.76,223563.1
1.2074,24,2.502,0.568,2137,,34.34,-118.74,119031.4
3.5321,26,5.463,1.283,1944,4.76,36.62,-120.58,206843.9
8.2238,44,4.05,0.813,2187,2.306,34.25,-118.31,500001
4.2613,52,5.522,0.742,3,3.365,34.61,-118.8,252084.1
4.1785,19,7.257,1.606,1501,2.639,35.24,-118.34,190669.5
2.4397,27,8.162,1.485,2207,2.305,39.55,-121.98,150449.3
3.6519,38,6.997,1.549,1462,3.796,35.46,-120.81,126124.2
5.0217,29,4.086,0.944,1219,3.0,37.4,-122.09,330136.7
6.9305,47,6.068,1.277,3,1,33.78,-118.49,334854.4
3.2809,35,5.078,0.862,1365,4.798,39.78,-121.09,143553.5
3.9877,42,10.41,2.599,2269,1,33.8,-117.6,233685.4
7.7397,40,3.444,,1914,4.012,33.29,-117.21,330826.4
3.4087,44,3.327,0.835,970,1.417,36.75,-122.33,341456.7
2.6626,12,5.966,0.874,1872,2.521,33.88,-117.82,299792.4
4.1981,21,2.132,0.518,2053,2.603,33.06,-118.38,301507.2
0.6953,21,6.184,0.673,1672,4.825,38.64,-122.31,76457.5
3.5046,42,4.016,0.722,846,1.339,35.52,-120.52,92861.6
6.5619,22,6.171,1.576,3,4.753,38.24,-122.28,376098.3
3.2115,25,7.667,2.03,3,4.403,32.52,-117.6,241377.8
4.5986,34,3.46,0.809,3,1.687,34.31,-118.59,203862.6
6.1408,28,3.302,,3156,3.811,36.63,-121.76,430754.4
5.2083,29,5.972,1.409,562,4.66,34.32,-117.6,375286.9
5.9241,30,4.311,,2298,2.036,34.19,-118.38,393097.2
6.5114,28,6.925,1.323,2417,1.472,33.6,-117.74,303561.8
0.6755,47,4.346,0.857,1045,2.068,34.2,-117.54,76370.3
5.0447,52,6.081,1.689,1429,,33.0,-117.85,275835.1
6.0249,19,3.962,0.749,3,2.858,34.05,-118.2,393131.3
0.8306,44,4.459,1.178,1638,3.027,36.56,-119.33,57499.0
2.9311,22,4.382,0.576,3,2.765,37.13,-121.22,268933.4
1.2892,39,3.813,0.853,268,4.502,35.19,-118.36,108029.1
1.283,49,8.548,1.496,278,3.523,33.94,-118.04,100086.2
4.3746,18,4.833,1.075,1628,2.021,37.11,-121.36,310481.6
7.5172,17,5.887,1.631,2658,3.238,32.99,-118.07,381902.4
5.2786,18,6.098,0.869,3349,2.451,34.46,-118.42,228129.6
4.1922,26,5.722,1.222,3,4.732,35.5,-118.09,196875.8
6.8964,24,4.059,1.236,1162,4.779,37.64,-121.98,378335.7
0.5,1,7.134,1.857,1263,2.142,34.21,-117.61,96604.9
3.2456,28,4.802,1.247,914,1.354,33.52,-118.28,283524.1
5.6269,32,7.468,2.05,634,2.871,37.6,-121.3,366806.3
2.9002,1,6.703,1.214,2146,4.434,34.39,-117.76,247613.2
4.0155,52,5.626,1.014,252,4.265,35.53,-119.59,179586.3
1.9565,52,3.093,0.752,3,3.902,36.93,-119.22,63390.9
3.2624,25,3.072,0.5,2569,5.99,32.75,-117.68,201916.7
2.7334,25,2.692,0.5,1488,2.54,36.54,-120.62,83334.2
0.8246,39,4.269,0.945,1781,2.056,35.84,-120.29,37116.7
3.7464,45,4.82,0.949,355,2.881,35.51,-119.53,133948.8
4.3305,31,6.551,1.508,2463,2.992,38.36,-121.36,416791.1
1.4053,25,2.583,0.664,280,2.343,37.22,-121.92,218445.6
3.7393,38,3.299,0.5,1557,2.318,35.23,-118.1,189373.9
5.9486,52,5.069,1.206,1631,5.61,38.21,-122.19,288702.4
5.0426,27,4.719,1.093,2215,2.17,33.96,-118.27,269473.5
4.6402,39,5.902,0.934,2715,3.118,32.92,-117.24,266607.7
3.6364,30,3.96,0.875,3,,34.7,-118.62,162697.1
6.3578,32,3.007,0.876,1858,2.595,39.08,-121.33,286658.9
7.277,23,4.063,0.842,2620,3.379,33.4,-117.82,300050.4
8.2417,41,5.912,1.153,1680,1,33.13,-117.07,410689.8
1.0805,19,5.3,1.344,4087,2.124,35.28,-117.71,105747.6
3.352,32,4.029,0.72,1908,2.851,37.71,-121.92,363889.5
7.1674,25,7.992,1.765,2080,2.388,36.88,-120.91,226584.8
5.3014,38,6.306,1.621,427,2.218,35.41,-120.44,232361.2
2.3329,13,6.421,1.995,445,3.549,36.93,-120.06,62508.2
6.8203,33,6.289,1.106,1748,1.831,33.85,-117.85,434045.1
3.659,21,4.468,0.714,1972,3.727,36.79,-119.8,69233.9
6.6504,24,3.442,0.912,2229,2.543,37.58,-122.33,389579.6
1.9458,13,4.734,0.782,2869,1,35.07,-117.55,183319.7
2.9161,17,6.565,2.002,541,4.609,33.84,-117.1,133868.3
4.3672,6,3.749,0.928,701,3.969,37.47,-122.28,326589.2
5.4651,16,8.958,1.615,326,1.596,33.62,-118.43,322264.4
4.7793,29,5.696,1.043,2067,4.998,32.81,-118.42,280495.7
5.0759,18,1.482,0.5,878,2.522,33.24,-117.42,278492.5
8.0057,28,3.604,0.65,105,2.604,33.82,-117.51,481981.7
5.9469,14,5.198,1.207,2816,2.12,33.5,-118.43,229284.6
2.6187,52,4.127,0.712,3,4.878,32.87,-117.17,145448.1
2.9354,40,6.518,1.848,1893,3.509,37.06,-121.71,315889.1
2.3589,28,6.347,1.045,1659,1.752,34.56,-118.9,142249.2
5.7524,36,8.863,1.773,2998,1.301,33.19,-118.38,367137.9
9.0168,27,4.026,1.051,1450,2.456,32.51,-117.24,372040.0
3.9597,22,5.32,0.634,2153,3.739,37.6,-121.73,185685.0
5.5102,23,6.337,1.613,1946,1,38.13,-122.0,325804.3
6.2777,35,5.47,0.8,328,2.262,34.55,-118.05,233528.1
3.4477,16,6.13,1.544,3917,2.138,39.14,-121.17,122961.8
3.4645,3,4.533,0.99,2059,5.642,39.61,-121.16,178664.9
6.3912,34,7.032,0.562,1364,4.207,33.27,-117.16,305047.1
5.5743,24,7.906,1.92,3,1.834,38.34,-121.54,303200.4
4.4661,18,5.957,1.644,602,2.3,39.68,-121.19,190921.5
3.5315,34,5.781,1.259,1233,2.155,39.83,-121.96,218534.5
6.8376,12,6.819,1.413,1403,2.906,37.11,-121.23,416320.9
2.2361,33,1.669,0.5,1179,3.642,35.41,-119.45,78511.3
2.8186,15,7.115,1.199,2819,1.968,33.79,-118.38,190729.5
5.4301,31,2.978,0.688,163,1.82,38.34,-121.76,294697.0
4.8317,28,4.013,0.753,1144,2.341,37.76,-121.24,295130.0
5.521,24,3.601,0.568,392,1.301,33.55,-117.62,420888.8
8.63,17,6.497,1.453,2912,5.099,38.47,-122.22,492232.9
6.8686,35,6.619,1.108,595,1.109,34.27,-117.8,500001
6.1285,32,2.91,0.596,1302,3.338,32.61,-117.03,289657.0
1.4739,45,6.467,,1186,5.149,33.99,-118.19,170996.2
4.8576,16,3.337,0.688,2415,1.059,33.6,-118.08,267988.8
2.511,17,5.524,0.756,1156,3.014,38.55,-121.73,25766.1
6.3877,38,6.287,0.956,3,3.77,34.18,-117.78,308023.1
7.6431,19,3.527,0.5,1593,1.755,37.14,-121.06,366436.2
4.362,37,3.824,0.5,1977,4.682,34.24,-118.19,325883.5
0.5869,37,8.701,1.982,3018,2.225,35.4,-117.97,175629.8
2.1556,4,7.606,1.752,433,3.823,34.73,-118.01,160932.9
6.2696,20,3.346,0.702,1953,6.434,33.9,-117.72,446311.2
7.0556,10,6.008,1.363,644,2.814,38.45,-121.87,402021.1
4.3487,32,5.075,1.435,3426,3.27,37.47,-121.25,349096.5
5.1536,8,2.025,0.5,1304,3.145,33.47,-117.96,214934.5
4.4276,44,8.196,,2015,5.245,33.52,-117.48,206938.9
2.067,30,3.943,0.958,582,3.736,38.16,-121.36,200717.3
3.6805,12,4.05,0.618,2528,3.092,36.73,-122.08,236310.8
5.2612,52,4.746,0.88,969,3.07,39.1,-122.48,210509.7
1.6187,11,8.754,1.167,2592,1.683,34.0,-117.94,114437.3
3.4313,20,5.931,1.396,3,2.118,35.02,-117.56,154827.6
4.1182,23,7.52,2.056,3,3.353,34.06,-118.87,181409.3
1.1192,25,6.305,1.571,1202,4.745,34.66,-118.38,85928.9
3.3671,48,5.532,0.654,968,1.914,34.06,-117.93,177281.1
6.2848,24,5.1,0.685,1788,1.964,33.78,-117.78,424438.9
4.6997,32,5.821,0.934,300,2.697,37.04,-122.0,319745.3
2.7862,23,4.679,0.5,1160,4.547,37.03,-121.87,350744.7
3.0554,8,7.95,1.09,1353,3.559,38.25,-122.44,257484.0
6.1378,41,5.391,0.807,1694,,32.81,-117.79,330687.8
3.8735,23,5.526,1.321,1565,5.366,32.83,-118.08,209003.0
5.9121,27,4.894,0.802,1032,3.61,34.1,-117.89,397382.5
6.8993,39,5.917,1.226,359,1.766,38.13,-122.33,336984.1
2.5169,34,4.774,1.231,2300,3.282,39.8,-121.32,181165.7
2.0293,4,8.332,1.326,2650,2.974,35.47,-118.93,132784.2
4.217,48,6.515,0.807,1880,2.909,37.28,-121.36,369876.8
5.5779,26,5.204,0.835,1547,3.014,37.03,-121.44,277191.6
1.8455,21,5.457,0.611,1908,1.756,39.66,-122.46,220869.4
0.5115,21,5.355,0.896,2478,1.262,36.42,-119.28,15000
5.5873,11,5.804,0.85,1327,3.318,33.35,-118.28,243274.9
4.6169,38,6.304,1.482,1104,3.472,38.33,-121.55,329324.3
2.1769,48,3.364,0.685,3,4.255,38.81,-121.35,124320.4
2.7155,20,2.628,0.521,2003,2.842,35.51,-119.29,112863.2
7.8187,4,2.426,0.571,2406,3.002,33.99,-118.29,401078.9
3.521,35,7.238,1.732,2616,2.727,37.64,-121.79,288166.3
7.3521,40,4.466,0.995,541,2.536,37.98,-121.0,365477.0
5.1236,26,5.249,1.082,1752,3.712,33.8,-117.05,242823.0
3.6069,39,5.98,1.156,1412,4.246,37.69,-121.33,276124.6
6.1818,37,5.54,0.785,3,3.807,33.59,-117.33,311729.9
4.9604,27,5.24,0.566,2508,5.247,36.75,-122.34,312342.3
5.1016,10,6.269,1.103,2203,2.896,38.88,-121.13,210242.5
2.5491,52,10.548,1.399,2280,2.804,39.46,-122.08,190250.7
9.8428,22,5.357,1.3,2713,2.298,36.8,-122.11,500001
5.6261,30,3.979,0.5,1157,3.253,34.27,-117.87,215555.2
3.9308,23,7.416,1.59,1245,2.544,33.82,-118.14,259753.3
4.2046,16,5.403,0.798,1611,5.17,32.86,-117.32,255414.4
1.8651,20,3.482,0.813,3,1,35.35,-118.9,54647.1
3.7105,33,3.501,0.703,1011,4.752,34.91,-117.67,199725.9
5.2891,35,3.568,0.89,1080,3.46,34.45,-117.68,342934.1
4.4435,12,1,0.5,3658,2.787,34.31,-117.73,349411.4
7.1044,16,3.794,1.018,584,1.617,38.25,-122.1,379144.8
4.578,18,6.16,1.04,2186,1.283,32.95,-118.18,244112.7
5.1192,46,6.368,1.14,2242,2.965,37.82,-121.65,337998.8
6.8873,16,3.847,0.878,3,2.474,33.03,-118.0,369753.0
2.6372,36,6.321,0.886,1310,3.528,33.71,-117.75,226774.4
4.5627,17,7.592,1.943,1946,2.963,35.04,-117.61,176695.5
5.0774,24,4.459,0.957,1552,3.34,35.05,-118.01,220611.8
4.6514,30,7.341,1.736,2146,1.1,38.84,-121.24,255352.0
3.3235,31,3.29,0.678,625,1.699,39.06,-121.49,196874.7
4.4742,49,5.434,0.743,195,4.936,33.25,-118.16,254985.9
3.5338,34,4.203,0.97,1968,2.944,33.65,-118.09,364408.3
2.7262,25,6.15,1.919,339,3.478,38.5,-121.3,133323.7
1.8829,28,9.9,,114,3.663,35.03,-118.86,260771.8
1.9533,7,3.832,0.728,2777,4.301,33.93,-117.92,139167.5
4.7173,38,7.785,1.592,3,4.895,33.21,-118.49,276676.8
2.9475,47,7.334,1.268,197,1.899,35.09,-118.74,125590.0
8.4373,25,5.386,1.141,388,2.084,33.93,-118.38,397652.4
3.4145,52,4.028,0.766,110,,36.45,-119.85,123509.4
5.3315,37,5.875,1.408,3,1.941,32.64,-117.72,305184.1
4.229,33,7.783,1.353,1103,5.387,34.24,-117.74,223411.2
0.5,10,5.762,0.5,2065,2.338,35.76,-119.44,15000
3.9527,21,4.684,1.117,1375,4.738,33.57,-118.27,220332.2
5.0386,18,4.004,0.947,3,5.647,33.83,-117.98,373165.7
2.7878,36,3.941,0.963,3129,4.603,37.21,-122.48,220328.4
7.444,34,4.856,0.634,727,4.306,37.71,-121.5,473646.2
5.1201,10,4.019,1.215,795,2.714,33.67,-117.23,293494.0
4.5217,34,6.408,1.496,1762,3.304,32.7,-117.73,233733.8
1.6271,22,4.868,0.773,1476,2.835,34.35,-118.64,130604.8
7.899,18,5.282,0.919,4610,3.514,34.19,-117.56,274323.2
1.0964,37,2.01,0.551,1017,3.357,39.73,-122.35,106781.0
1.9807,45,3.71,0.753,885,3.332,34.92,-117.53,133963.0
8.2417,24,3.907,0.749,3,2.19,33.44,-117.3,414363.2
2.478,38,6.519,0.678,1055,3.563,38.79,-121.95,132981.6
2.5893,35,6.026,1.55,2868,2.169,32.56,-117.65,116635.9
3.3314,9,2.181,0.5,1274,2.798,33.38,-118.29,160211.2
6.4978,42,4.049,0.5,1852,3.701,34.69,-117.53,381232.7
5.6055,32,6.343,1.172,3931,3.254,38.2,-121.86,344809.8
5.6376,17,8.129,2.051,2309,2.517,33.86,-117.47,282606.7
0.8114,27,5.621,1.18,853,1.622,34.89,-118.14,73488.4
3.9184,12,6.85,1.388,1430,3.717,32.81,-117.65,200930.2
0.5,28,9.029,1.197,2118,4.231,36.26,-120.81,84703.9
5.5672,44,3.396,0.5,1784,2.899,33.54,-117.08,293818.6
1.4643,24,2.965,0.698,1498,1.674,35.28,-118.76,141633.7
3.0659,52,2.896,0.716,872,2.435,36.59,-120.58,83923.1
3.7834,43,6.009,0.5,3,2.206,39.12,-122.17,163393.8
4.1064,52,5.526,0.666,2068,2.595,33.72,-117.65,253516.6
1.9937,12,7.998,1.816,1629,4.692,33.68,-118.3,201520.1
4.3058,38,6.723,1.587,2642,3.518,38.72,-121.59,179381.8
4.4462,29,4.783,0.923,3,3.286,32.91,-117.47,254060.9
0.5,39,8.517,1.285,3,4.959,35.03,-120.49,115205.9
5.9972,42,2.6,0.501,1902,1,32.82,-118.36,253578.5
0.9453,27,7.943,1.43,1761,6.138,38.85,-122.34,132012.8
4.5972,38,4.075,0.9,3734,,33.76,-117.23,232625.8
0.5,14,5.437,0.981,572,1.782,35.03,-119.54,45649.8
6.0817,40,4.762,0.742,1464,2.167,37.28,-122.12,284451.9
2.9228,31,3.95,0.821,975,1.781,39.47,-121.48,137928.4
7.2465,25,3.785,0.932,3,4.321,37.65,-121.91,398805.1
4.4393,1,3.178,0.5,2003,1,32.73,-118.1,290100.6
8.8478,27,3.798,0.619,2047,2.327,37.93,-121.84,413070.0
2.7301,52,7.566,2.371,1631,2.689,34.24,-118.17,71386.3
3.6017,23,7.274,1.543,737,5.075,33.67,-117.24,249324.2
3.3794,52,7.26,1.67,1905,3.121,39.81,-121.76,248192.7
3.3984,26,6.753,1.441,3,3.074,33.72,-117.11,190515.5
4.9611,29,4.375,1.064,1870,5.264,36.31,-119.87,195221.1
7.2815,40,6.659,1.832,828,2.252,33.85,-118.44,457049.1
5.3139,26,3.774,0.804,1843,1.227,38.0,-122.39,383472.4
2.47,28,6.586,1.08,1805,2.89,35.1,-120.14,148447.6
5.7016,35,4.951,0.983,2594,2.232,36.98,-121.49,376635.6
4.3766,30,4.147,1.066,4788,2.283,34.13,-117.88,152909.0
7.224,34,7.209,1.782,1950,2.92,37.16,-122.44,391581.9
3.6403,5,8.543,1.933,2098,5.025,35.76,-119.13,179906.9
3.6274,17,5.479,1.282,3046,2.952,33.54,-117.5,321627.9
2.7355,40,7.216,1.486,344,3.621,36.68,-119.82,130351.3
1.0807,21,3.548,0.596,1894,4.008,33.22,-117.1,158887.7
2.928,18,5.937,1.059,223,3.464,35.46,-120.42,139938.1
2.5372,26,2.101,0.576,2920,6.064,37.24,-121.85,268372.0
4.4913,52,5.731,1.041,3049,3.823,36.57,-121.33,287549.9
7.6146,9,6.078,1.233,794,2.158,36.98,-121.24,465311.7
8.95,13,3.4,0.682,626,4.055,34.15,-117.83,500001
6.4776,10,7.749,1.105,479,4.479,33.92,-117.97,303561.5
2.3455,51,1.52,0.5,1711,4.597,34.21,-117.89,290953.2
6.4716,46,5.388,0.933,2168,4.142,37.93,-121.77,401572.2
3.2393,32,7.669,1.771,2684,2.281,33.32,-118.36,214493.3
3.5296,36,7.464,1.354,3,1,34.08,-118.87,125126.9
6.3893,17,6.652,0.977,1813,5.18,34.36,-118.32,432159.4
8.5652,20,5.454,1.256,652,3.01,33.69,-117.12,383898.1
4.1458,12,4.891,1.112,1681,3.692,39.25,-121.35,109812.4
0.935,42,3.789,0.64,1085,3.719,39.31,-121.71,91876.1
3.5946,14,5.683,1.217,2242,5.752,37.21,-121.73,293359.5
3.4599,38,4.03,0.981,1991,5.907,33.54,-118.21,223777.3
1.9696,32,3.602,0.696,1786,4.513,34.67,-118.31,173461.9
6.0854,24,7.472,1.645,3,1.86,33.04,-117.22,276056.5
3.0855,47,3.512,0.5,2007,3.851,39.08,-121.81,117359.4
0.5,51,5.773,1.208,166,2.441,35.62,-120.42,15000
5.1058,26,8.302,1.215,3,1,35.23,-120.52,129634.3
2.7795,35,2.616,0.5,1528,2.966,37.07,-121.03,243884.8
3.955,31,6.681,1.284,2485,3.126,38.44,-121.0,193626.2
0.5,50,6.466,0.788,2209,3.639,39.92,-121.88,22025.8
3.9541,2,6.816,1.014,2254,3.986,37.97,-121.08,299722.0
1.0357,33,5.508,1.592,3285,2.035,35.18,-120.11,52465.1
8.4652,4,6.141,1.072,1551,1.863,32.75,-117.3,360820.8
4.8232,47,6.323,1.51,1825,3.122,33.33,-117.88,337227.4
6.3941,34,6.997,1.037,1287,1.996,36.95,-122.19,384074.6
0.5,48,1.534,0.5,1710,1,35.24,-119.93,66235.0
6.2428,42,6.163,0.5,2382,2.439,39.85,-121.77,200413.4
2.1734,38,6.913,,3647,2.969,35.12,-120.15,82706.4
6.8939,31,2.842,0.807,1388,4.248,37.22,-122.23,378859.4
10.018,41,4.836,1.118,2842,3.288,36.93,-121.31,487483.4
5.3197,41,5.059,1.219,2364,1.869,33.5,-117.34,208974.0
4.6241,33,4.619,0.709,453,3.753,32.59,-117.71,225850.1
3.945,18,5.834,1.187,3,1.334,36.9,-121.06,403183.6
3.54,38,2.459,0.5,3,1.659,32.97,-118.36,184602.8
6.0256,24,6.008,1.172,474,2.367,37.45,-121.04,405966.9
5.7361,27,5.442,1.227,1294,3.389,36.96,-122.42,348220.1
6.3382,21,5.026,1.16,3,1.848,36.8,-121.45,403098.5
5.2972,39,1.444,,2151,1.593,39.79,-121.26,220657.5
3.2175,30,3.818,0.905,3,1.823,36.75,-122.39,289041.0
5.4288,38,8.252,1.625,2036,3.227,32.72,-117.04,389446.2
5.3913,19,2.915,0.703,1251,4.034,37.96,-121.63,305972.3
2.5645,36,5.113,0.68,1173,2.574,36.75,-119.94,98256.0
4.3761,52,3.349,0.562,1925,2.429,33.17,-117.48,285754.5
5.1113,37,5.519,0.611,3669,2.562,33.59,-117.14,257477.5
3.4211,44,2.881,0.527,2383,3.748,33.79,-117.42,155544.2
4.4913,28,3.703,0.908,1381,4.872,34.24,-118.39,313739.3
7.8573,15,7.178,1.408,2907,1.987,34.13,-118.87,316065.2
2.486,31,4.993,1.007,1797,2.079,33.75,-117.84,165886.4
7.6633,38,6.361,,3603,4.065,38.48,-121.31,357610.4
8.9692,34,3.64,0.765,1206,2.782,34.32,-118.15,498977.7
1.4433,12,5.836,0.865,1345,2.143,33.2,-117.81,144583.7
5.0773,12,7.705,0.887,2239,1.595,33.35,-117.23,287498.2
5.5991,10,2.684,0.558,1991,5.429,36.82,-119.17,155498.6
3.3213,50,4.251,0.55,746,3.436,34.69,-117.59,185930.5
5.1078,22,5.967,1.284,3,4.012,37.14,-121.51,387628.5
2.8537,41,6.479,1.019,883,4.835,39.55,-121.36,89291.4
6.54,39,5.148,0.954,1620,2.242,36.97,-121.27,273661.3
3.5071,25,3.962,0.785,316,2.358,36.65,-120.88,108140.5
1.816,36,6.1,0.925,3,2.227,39.69,-121.07,107474.1
5.1585,21,5.666,1.462,954,1.235,33.98,-117.7,279665.6
7.4554,27,5.347,1.222,651,3.336,32.56,-117.35,293423.0
5.6658,18,6.107,1.426,3,4.151,37.03,-121.85,332450.8
5.9141,28,3.393,0.5,1256,3.719,37.54,-122.19,414849.4
1.2196,17,5.883,1.073,1298,1.706,32.6,-117.8,150968.1
0.5,17,6.568,1.401,1864,2.646,36.55,-120.86,99023.2
6.9478,16,6.156,0.616,1959,3.756,33.03,-118.25,309654.5
5.3016,13,7.992,2.39,2160,2.477,38.15,-121.1,365290.5
4.7309,37,4.022,0.5,1213,1.482,32.87,-117.02,250244.9
2.8803,33,5.264,1.002,1866,1.478,35.22,-119.35,107238.8
2.8203,19,6.529,1.456,1249,2.453,39.02,-122.2,167698.6
4.8778,2,2.688,0.5,415,3.578,34.44,-118.07,268719.1
5.1759,34,7.155,1.538,1470,2.042,37.96,-121.67,349806.2
6.8066,20,4.365,1.09,2692,5.14,32.98,-117.69,369419.0
1.1599,29,4.69,1.177,2015,1.872,35.82,-120.0,46032.9
6.9516,41,2.282,0.684,1032,5.183,38.27,-121.61,378169.4
3.138,33,4.89,1.313,217,4.454,39.89,-121.12,155546.4
4.5433,23,9.072,1.555,2109,4.815,39.77,-122.34,147167.8
3.5959,6,6.571,1.349,3,3.742,38.78,-121.66,158213.3
4.4778,1,4.746,0.895,268,3.416,35.06,-119.66,182291.6
5.1106,23,6.36,1.3,1359,1.806,33.93,-117.98,369460.8
3.993,33,3.449,0.598,494,2.946,35.97,-119.76,187029.2
3.1018,27,4.288,1.189,749,2.839,39.23,-121.99,214097.9
1.9071,25,4.099,0.911,2326,3.652,39.68,-121.75,120795.0
3.7566,38,6.93,1.835,1972,4.109,37.91,-121.06,364781.9
8.8957,43,3.342,0.756,1867,2.794,34.01,-118.18,397610.1
7.2324,17,6.388,1.654,3,3.544,34.39,-117.96,242446.0
3.6275,15,7.891,1.014,2882,2.411,36.83,-121.3,211088.5
7.8478,31,4.562,1.26,3,2.197,33.94,-118.16,471280.4
4.137,48,4.02,1.034,2296,4.473,36.53,-122.13,306268.6
5.2296,48,8.302,1.424,1679,3.19,37.89,-121.05,349596.0
9.1398,14,2.723,0.597,1976,2.666,37.6,-121.8,486765.2
5.8454,52,6.198,,804,3.163,38.1,-122.31,365384.1
5.3065,24,2.706,0.5,2778,3.809,33.43,-118.18,284891.0
1.0101,1,5.561,1.243,1414,3.797,35.36,-119.36,38114.8
4.1633,9,7.976,0.821,2696,3.413,36.03,-119.08,144952.4
0.5,10,4.563,0.838,3,3.299,35.35,-117.74,112673.5
3.3282,17,5.878,1.656,2385,5.091,33.29,-118.27,247945.9
4.5634,52,5.369,0.902,1410,4.344,36.13,-119.71,148806.0
5.8526,40,5.619,1.652,3191,2.293,32.99,-117.4,308854.5
3.7279,32,5.183,1.034,2688,2.985,33.25,-118.49,302285.8
6.6181,30,5.332,0.895,3319,4.231,36.55,-121.38,368808.9
7.7824,7,3.031,0.689,1985,1.797,33.88,-117.72,327718.8
2.3987,22,5.23,1.045,1385,2.431,39.3,-122.44,85444.2
3.235,6,3.905,0.586,1648,5.556,36.09,-119.82,47120.4
2.9391,8,4.323,0.95,1825,,32.79,-117.07,127137.2
8.1762,27,3.747,0.774,1417,1.531,33.84,-117.04,318485.7
0.9851,32,6.355,0.666,1707,1.217,36.94,-120.62,46972.0
4.6985,24,7.709,1.714,2129,3.897,37.84,-122.2,303464.8
0.8477,52,3.666,0.663,737,1.661,38.67,-122.09,78407.6
6.0503,38,5.522,1.116,2571,1,34.6,-118.08,181722.6
0.6618,24,5.611,1.195,1773,2.612,36.71,-120.23,95528.8
2.6404,32,6.179,0.983,3652,2.68,34.54,-118.56,106093.3
4.2888,44,9.404,2.302,1293,4.748,32.96,-118.06,264050.6
0.993,30,6.067,0.962,675,4.635,32.84,-118.45,139022.9
3.1282,33,2.91,0.769,3,1.939,34.64,-117.9,130927.6
4.3836,48,7.482,1.899,463,4.195,34.12,-118.15,388584.4
5.8298,10,7.894,2.234,303,4.345,38.17,-122.29,315139.8
6.1731,26,6.927,2.053,1892,1,33.25,-118.18,314955.0
6.405,27,5.531,1.411,2816,2.828,33.62,-117.54,389062.7
3.5938,28,1.847,0.5,1334,3.522,33.91,-117.33,187170.0
1.0257,33,2.356,,152,4.026,33.41,-117.89,139220.2
4.8279,52,6.039,1.228,1946,3.73,33.08,-118.34,221212.7
5.6691,29,9.332,1.585,3,4.003,32.7,-118.07,340896.7
9.7606,30,4.285,0.836,2206,4.221,38.27,-121.57,500001
4.0101,42,4.669,1.08,3,2.503,33.7,-117.51,305021.7
6.2128,26,4.578,1.024,1427,2.541,33.77,-117.61,318228.5
2.5992,23,4.008,0.53,3,5.184,39.69,-121.4,136477.3
4.922,23,1.884,0.5,1854,2.844,34.35,-118.32,245179.9
0.5,21,6.076,1.257,1169,2.731,36.85,-119.56,30886.8
2.5249,34,7.501,1.473,3,2.227,39.77,-122.42,227657.1
3.3499,27,3.277,0.687,1206,3.335,37.34,-121.19,302444.0
7.2678,28,5.232,1.211,450,4.869,36.93,-121.05,429840.6
0.5,52,5.395,0.983,2356,3.684,34.25,-117.99,100446.6
4.6225,50,6.121,1.023,3499,2.741,33.08,-117.3,322482.0
1.817,45,3.502,0.643,3,1.325,35.06,-120.53,40528.7
1.666,29,7.491,1.88,1904,,34.27,-117.66,138283.6
6.4668,30,7.094,1.549,1566,3.388,37.82,-121.39,317921.3
7.9184,31,5.879,0.994,3662,2.253,33.51,-118.04,457194.2
4.7541,20,1.833,0.531,1208,1.147,34.33,-118.55,213000.1
1.5832,18,3.044,0.776,1931,3.638,35.31,-118.32,98715.1
5.892,21,3.361,0.658,658,2.046,37.96,-121.53,376911.9
5.2058,35,3.808,1.021,3,1.473,38.15,-122.47,387665.1
5.8574,52,2.491,0.514,1115,3.98,33.65,-118.29,430022.6
6.2497,49,5.26,,3,3.412,36.57,-122.48,332168.0
7.0411,47,3.532,0.658,1932,,33.66,-118.28,410244.3
4.0026,27,4.59,0.828,2569,3.703,38.61,-121.62,136544.6
2.573,9,3.687,0.5,1266,3.716,33.27,-118.3,184593.1
3.2465,14,10.91,1.798,1068,1.959,36.25,-119.03,182659.2
7.0123,26,5.313,0.746,1798,3.091,38.34,-121.34,427529.5
3.4201,23,12.296,1.766,2569,5.0,33.49,-118.2,225501.2
4.5631,22,6.27,0.962,1751,3.96,32.62,-118.29,291807.3
3.2153,23,4.997,0.534,3253,4.059,33.51,-117.97,127636.0
6.5042,37,4.604,,1389,3.894,33.92,-118.1,468024.7
4.1901,6,3.148,0.774,1542,2.946,39.43,-121.17,190808.9
5.7763,14,3.856,0.746,1619,3.473,32.63,-117.19,248108.8
6.2057,41,4.636,1.204,1733,3.642,32.82,-117.97,279816.1
4.7963,41,3.693,0.651,1685,3.384,33.71,-117.5,394004.8
4.3126,37,2.688,0.704,365,3.888,34.49,-118.96,241785.2
5.1337,33,7.152,1.36,1244,1.163,33.87,-117.69,261959.9
2.6265,22,5.514,1.057,3,2.73,34.23,-118.36,154159.3
5.9891,23,4.265,0.829,2787,2.659,36.85,-121.03,339573.0
4.9627,9,5.747,1.223,189,2.755,33.02,-117.39,271348.0
1.2288,11,5.151,1.49,1316,4.523,34.77,-117.7,164170.7
6.3429,33,5.858,1.39,1783,4.794,38.41,-121.21,327881.5
2.4353,24,4.095,0.5,3708,3.011,34.77,-118.67,87669.6
3.5266,40,5.817,1.333,1336,1.896,39.38,-121.2,149635.2
1.6784,30,5.766,0.849,2807,1.53,34.33,-117.74,119164.1
6.0904,3,3.45,0.567,460,3.921,33.71,-118.05,381921.9
6.1284,39,3.198,0.5,2229,2.372,34.27,-117.52,359403.3
6.5072,8,4.487,0.753,1348,3.045,38.22,-121.85,326673.8
7.1077,32,3.656,0.869,1585,2.851,33.77,-117.56,314410.9
5.2637,27,4.214,0.703,3,4.674,39.49,-121.23,256603.1
2.9593,20,3.98,1.167,3,1.537,36.1,-119.17,166534.5
3.5198,16,6.287,0.803,3111,4.299,39.94,-122.5,169665.6
4.0796,14,4.454,0.692,827,2.526,36.76,-121.69,306755.3
6.4553,23,7.367,1.268,3,1,33.65,-117.05,308671.8
2.4205,43,3.543,0.5,773,2.814,35.13,-119.57,107549.0
0.8819,27,6.799,1.525,1847,2.817,35.27,-119.8,99514.3
7.7402,39,3.94,0.679,605,,33.47,-117.88,343844.2
1.9541,27,4.342,0.828,61,3.319,33.02,-117.32,258585.2
3.2986,22,5.343,0.704,1476,3.464,33.86,-117.65,248135.8
7.2868,52,6.788,,1681,3.292,34.78,-117.57,331656.0
6.1029,23,5.803,1.244,3389,2.881,33.94,-117.67,365452.6
3.4834,33,4.475,0.91,1606,3.273,38.59,-121.47,216540.7
3.6373,11,6.891,1.076,606,3.564,33.07,-118.33,177390.0
3.1194,26,6.199,1.238,3,4.186,39.36,-121.97,52579.8
4.8228,15,6.797,1.71,3199,2.692,32.75,-117.46,249721.0
7.8556,22,2.912,0.742,70,2.896,37.39,-121.27,415253.7
8.3933,45,4.113,0.871,1849,,33.65,-118.27,422096.3
1.3509,35,8.715,2.298,2066,1.716,39.31,-122.01,102267.6
2.348,35,5.335,0.759,2309,3.92,36.69,-119.42,88277.9
5.6763,30,8.142,2.014,3749,5.349,37.44,-121.98,387865.6
2.4783,22,5.095,0.5,671,3.386,34.59,-118.38,128070.4
5.3799,31,4.462,0.997,1430,1.012,32.92,-117.83,290278.8
4.602,37,3.485,0.909,2451,2.184,35.35,-118.03,179692.9
3.5382,1,7.109,1.408,2248,6.017,36.53,-121.25,279861.6
2.636,14,5.103,0.816,2042,2.921,33.45,-117.7,143091.2
4.9756,42,3.697,0.884,1342,4.674,33.28,-117.8,311654.3
2.9129,11,7.845,1.02,869,3.599,32.57,-117.92,142860.4
5.0066,38,6.051,1.226,2049,3.879,39.49,-121.15,176856.0
1.0349,32,5.831,1.0,2688,3.861,35.41,-120.01,82111.4
1.9471,41,4.693,1.138,1467,,38.73,-122.09,57622.9
7.8906,29,6.854,1.185,2189,4.416,36.87,-121.5,486853.4
0.5,33,5.563,1.039,779,4.157,35.18,-120.32,15000
3.6588,29,4.227,0.998,1773,1,37.65,-122.32,286603.5
1.1755,16,4.267,0.791,3165,1,35.58,-120.08,84733.6
2.3104,31,6.66,2.12,1234,3.671,39.93,-121.77,99721.7
6.5208,23,6.648,0.644,967,3.099,34.5,-117.77,407501.8
6.0737,26,8.412,2.009,2280,2.979,33.67,-118.17,433841.0
6.5548,26,5.239,1.299,740,3.016,33.28,-117.08,284582.2
2.2132,28,2.019,0.602,468,4.008,34.29,-117.73,180138.7
1.6457,52,2.796,0.618,875,3.473,36.57,-119.07,15000
5.4773,28,7.833,1.383,3221,2.578,35.1,-118.86,192327.4
1.0551,27,6.765,2.107,568,2.264,36.02,-120.78,118676.6
6.2909,6,6.449,1.064,1454,6.506,37.58,-121.02,318311.3
5.0034,45,9.622,1.279,577,4.589,34.8,-117.5,187013.4
8.1394,25,5.022,1.03,2545,2.284,33.42,-117.7,374439.7
3.8224,45,5.311,1.063,2241,2.402,33.29,-117.98,282227.6
2.1047,29,6.872,1.643,2630,3.226,37.42,-121.55,227375.8
3.34,26,5.028,1.181,1682,3.404,33.99,-118.15,254422.3
3.9067,20,3.718,0.74,2126,3.964,38.42,-121.46,344452.1
5.1585,46,3.496,0.754,3010,1.582,33.93,-118.22,220131.6
6.6542,32,6.891,1.451,989,1.694,36.54,-121.74,421354.9
6.8101,33,2.533,0.632,497,3.145,33.83,-118.05,365897.2
1.7053,28,5.197,0.782,1365,2.519,35.2,-119.81,111983.9
7.4205,39,6.095,1.107,644,2.198,38.05,-121.91,436347.1
1.3942,20,4.867,1.272,2015,3.69,36.82,-120.35,56862.9
6.3096,43,5.917,1.319,509,3.909,33.86,-118.14,389836.5
0.5,43,6.708,0.889,1165,1.35,39.3,-122.24,83115.5
3.8949,32,6.603,0.773,908,4.576,37.59,-121.4,255833.5
3.5188,1,8.831,2.134,2048,3.42,36.76,-122.25,346867.9
3.6017,40,3.192,0.641,2332,4.254,38.4,-121.5,217653.7
3.4609,42,3.393,0.589,3,4.899,33.16,-118.18,181021.2
7.1454,21,4.086,0.78,3414,5.271,33.71,-118.45,350163.8
2.9396,9,4.183,0.553,962,2.261,32.82,-118.47,200600.7
2.5829,29,4.5,1.074,2059,1.898,35.41,-119.76,95109.0
5.0192,23,5.433,1.409,305,3.856,37.57,-122.05,318270.7
2.857,52,7.354,1.167,1019,2.049,39.13,-121.41,78162.6
5.5221,27,6.244,1.208,3,4.023,32.84,-117.27,319363.9
9.456,20,3.643,0.769,1838,2.513,33.19,-117.52,468580.9
4.6281,38,5.726,1.155,629,2.694,34.55,-117.61,203721.2
6.6593,17,8.135,2.021,3,2.688,34.01,-117.52,233432.3
0.5,51,6.635,1.138,1359,2.944,39.0,-121.26,67573.3
4.1101,38,7.546,1.472,1069,1.951,33.71,-117.37,287257.2
6.9016,27,4.448,0.631,294,3.733,34.01,-117.99,318875.1
3.6199,27,5.642,1.118,324,4.654,35.47,-117.53,170567.6
8.5976,20,7.258,1.193,362,3.372,34.28,-118.01,473663.0
4.6082,1,4.289,0.582,2023,2.387,38.7,-121.28,252714.8
5.0897,20,6.466,1.094,2032,4.514,33.7,-117.6,326060.3
3.4722,29,6.76,1.194,3309,1.434,33.9,-117.16,121337.9
4.5682,41,5.798,1.135,1870,2.933,39.7,-121.39,237765.8
5.1529,28,7.189,1.534,3277,4.562,32.53,-117.12,271563.7
5.2488,18,4.826,0.565,3219,3.626,36.54,-121.67,365497.0
1.1256,24,4.632,0.776,251,1,35.19,-118.0,104048.5
4.0178,40,6.132,1.178,3,3.334,32.69,-117.65,196932.9
4.9729,15,3.402,0.806,2156,3.448,38.01,-122.01,344086.6
5.5919,13,6.691,1.452,718,2.2,34.31,-118.27,371206.0
2.53,29,4.725,0.896,3,,36.24,-120.38,141888.0
1.8632,23,3.099,0.769,4092,6.557,37.79,-121.92,200924.8
5.8403,29,5.15,1.06,2133,2.286,37.57,-121.53,417394.3
3.9418,41,4.71,0.777,2951,4.882,33.99,-117.67,237054.3
5.8678,40,5.439,1.107,753,4.063,33.62,-117.98,325711.9
6.204,19,5.528,1.068,296,1.063,33.08,-118.28,311207.0
5.1568,46,6.303,0.943,1783,5.176,34.07,-117.67,266135.6
3.5268,28,4.412,0.543,2192,2.337,34.09,-117.73,129994.2
0.5,33,5.274,1.093,3676,2.689,36.7,-119.52,26126.5
0.9959,52,4.443,1.247,2029,2.201,37.03,-121.57,178529.6
7.6178,30,3.992,0.786,2556,3.491,37.51,-121.24,448276.4
3.1017,17,6.348,1.14,2388,4.985,33.99,-117.78,151685.3
6.5304,28,4.095,0.895,1904,4.26,37.29,-121.01,375047.6
4.6408,22,5.827,1.696,3,3.018,37.97,-122.5,270149.3
6.0433,6,6.806,0.855,700,2.592,34.14,-118.14,444939.9
5.8411,30,4.82,0.913,396,4.056,36.71,-121.41,347724.5
4.5364,19,5.589,1.405,583,2.746,36.57,-121.93,309730.0
3.6053,26,2.609,0.5,1411,1,36.82,-119.54,156796.9
5.2023,36,3.085,0.565,359,2.225,37.77,-121.33,358946.2
2.5323,22,5.239,1.436,3179,3.753,38.59,-121.43,160991.1
7.3232,36,2.818,0.659,75,1.455,38.06,-121.87,475288.1
5.487,29,5.438,0.746,161,3.595,33.7,-118.39,271134.3
3.6896,39,5.185,1.283,2424,5.155,35.35,-119.33,53095.4
5.3203,17,3.136,0.674,1371,3.387,32.86,-117.52,205915.1
3.9532,8,2.474,0.5,2690,2.668,37.62,-121.88,262547.7
4.5269,38,7.098,1.463,3,5.867,39.56,-121.35,249983.5
4.4936,1,10.506,1.728,2042,3.268,34.98,-118.44,172721.3
6.3572,28,6.806,1.447,582,3.279,39.05,-121.95,312085.3
5.7074,38,7.009,1.018,2186,3.69,37.14,-122.03,343906.8
5.7623,37,5.216,1.225,1003,2.58,37.2,-122.09,333934.4
5.8381,30,4.911,1.386,1164,4.114,37.25,-121.82,331807.1
4.7725,6,4.304,1.004,1414,5.08,36.73,-120.73,150097.4
2.7094,8,5.079,1.041,1146,1.837,33.4,-118.38,221653.3
7.9195,30,4.353,1.05,448,3.454,34.22,-117.5,405962.7
5.277,14,3.104,0.865,1961,3.909,33.11,-117.51,269490.6
1.8795,37,8.623,2.406,506,1,39.19,-122.01,117797.2
6.9107,43,8.91,1.506,2456,1.87,33.88,-118.33,379673.6
3.66,31,6.785,1.825,1136,3.063,33.53,-117.87,286915.0
6.4398,14,4.948,0.966,723,4.712,37.27,-121.41,391743.6
3.1097,26,4.371,0.829,1829,1.183,39.38,-121.11,181104.7
5.0662,32,7.781,1.524,3093,3.622,33.74,-118.38,356348.7
1.2502,50,3.672,,3,3.772,39.79,-121.96,178087.3
7.2156,15,2.827,0.699,2503,3.102,33.1,-118.0,236218.3
8.1638,46,5.826,0.68,715,2.582,33.33,-118.19,358793.8
3.2333,34,4.324,0.688,1051,1.668,33.54,-118.32,177607.3
7.6466,51,7.288,1.872,1221,3.132,37.63,-122.3,461201.5
4.5862,30,6.351,0.805,1077,5.031,36.99,-120.83,181627.7
5.5467,41,7.324,1.549,3,3.028,37.65,-121.31,344282.9
5.0904,17,6.283,1.489,1289,4.893,34.11,-118.71,230728.0
3.5655,27,4.303,0.944,2289,3.554,39.56,-122.48,180687.3
9.3263,38,4.101,0.827,3047,3.358,38.5,-122.01,462442.4
3.7006,16,2.716,0.707,1977,,35.34,-118.37,177065.1
4.5329,16,6.017,1.151,2643,1.936,36.46,-119.38,184939.8
3.3599,24,3.824,0.801,2488,3.169,39.85,-121.79,198873.2
7.2502,50,1,0.5,1910,2.852,35.43,-118.19,354688.0
3.3086,24,3.175,0.748,2079,2.964,36.11,-119.07,168403.3
3.0025,19,7.041,1.486,2381,2.013,34.59,-117.55,242807.2
1.4603,39,4.983,0.693,3414,4.721,36.07,-119.91,56195.6
8.6766,34,8.326,0.854,2840,2.306,36.51,-121.21,467141.3
7.087,39,4.483,1.087,338,3.337,38.45,-121.98,434375.8
0.5,31,4.449,0.813,1720,2.115,35.38,-117.94,15000
5.6048,4,5.113,1.654,1269,4.566,34.85,-117.51,290937.6
4.8118,37,5.991,0.698,3,1,38.07,-121.9,427898.3
9.388,36,4.009,0.613,3090,3.692,32.68,-118.15,310218.2
4.305,29,4.754,0.992,1561,3.001,36.93,-121.33,344166.5
4.5441,43,2.263,0.5,1407,3.51,39.66,-122.1,160623.4
6.0877,19,5.362,0.772,3,2.17,38.24,-122.32,396298.8
5.0151,36,3.182,1.07,2932,5.109,36.03,-119.65,152497.9
0.7082,36,3.757,1.04,2545,3.541,39.89,-122.15,17913.8
2.0242,29,7.474,1.071,3,2.41,35.99,-119.4,15000
5.906,25,3.899,1.024,2107,1.452,39.55,-121.86,222416.3
4.8773,42,1.476,0.5,824,3.866,32.91,-118.46,230967.8
4.9563,24,5.548,1.425,3825,3.86,32.58,-118.44,325092.1
6.1451,35,7.604,0.667,1482,3.054,38.37,-121.28,400419.5
5.8051,31,5.445,0.866,2416,3.121,33.44,-117.86,270506.5
6.2557,37,4.296,1.113,1047,3.791,33.21,-118.48,253934.9
4.5225,29,5.324,0.837,1104,4.222,33.25,-118.19,318227.4
4.248,52,8.123,1.778,586,1.643,34.03,-118.89,219007.1
4.9895,1,4.987,1.008,2434,2.027,33.77,-117.94,278664.0
5.97,36,3.061,0.636,623,2.866,34.48,-118.34,391858.5
1.2517,20,5.523,,3,3.249,36.59,-121.98,227636.2
4.9617,26,2.0,0.5,1725,1.969,36.54,-122.25,276013.0
3.398,32,9.033,1.461,49,5.004,39.94,-121.21,105270.0
8.3885,33,4.906,1.109,1755,1.724,34.06,-117.72,500001
3.8446,46,7.031,2.474,196,3.151,33.64,-117.78,211069.9
3.5088,18,5.145,0.87,2021,1,35.57,-120.65,78118.7
6.8663,1,3.078,0.5,1714,4.478,34.2,-118.2,399306.8
7.2539,39,4.528,1.039,2367,2.558,33.46,-118.08,281793.2
1.3132,16,6.528,1.6,3975,1.65,35.97,-120.72,85237.4
0.5,7,2.687,0.504,3,3.325,36.93,-119.32,15000
3.0113,30,5.847,1.391,3096,4.378,36.59,-121.19,251391.6
4.0719,16,7.943,2.208,382,2.674,35.27,-118.12,245891.1
1.161,23,6.92,1.209,184,3.802,35.42,-117.73,88986.5
7.2566,37,5.701,1.135,2438,2.499,36.65,-121.29,391955.1
2.6748,31,4.327,0.956,3,3.271,35.57,-120.69,119699.9
5.3081,8,2.843,,1159,3.202,34.7,-118.69,290156.2
6.2709,38,4.389,1.174,1562,5.629,34.41,-118.48,328082.2
4.6217,50,4.53,0.532,1000,3.371,33.9,-117.99,309763.0
4.409,27,8.146,1.515,3144,4.752,32.92,-117.73,292934.8
2.1793,31,6.182,1.232,1339,3.701,33.03,-118.29,124260.5
0.5,27,4.975,1.192,1244,4.476,35.09,-119.76,40832.5
3.8839,31,7.518,1.691,2908,3.162,35.1,-118.91,179000.6
8.6936,11,3.876,0.785,919,,32.7,-117.58,318357.4
0.5,28,8.526,1.532,1051,4.798,39.46,-122.5,79985.3
3.7809,34,5.929,0.752,1457,3.46,36.14,-120.65,117242.7
8.8878,14,3.78,0.662,745,3.832,33.99,-117.94,500001
3.2119,20,4.212,0.625,2313,3.812,35.16,-120.51,159412.7
4.4841,17,1.728,0.5,465,4.321,34.61,-118.73,242137.5
6.9093,16,5.364,0.923,3,4.495,33.88,-118.26,448529.2
5.5782,36,5.175,1.344,198,2.051,37.51,-122.45,370863.9
5.7453,14,4.806,1.244,493,3.754,36.75,-122.15,372608.8
4.0316,25,5.217,1.198,1819,,35.15,-119.93,156828.0
4.0469,34,2.918,0.66,2330,4.112,38.91,-121.1,155391.7
4.7056,25,7.662,0.978,1142,2.788,35.08,-120.77,214850.8
3.4984,23,5.601,1.791,2413,4.394,39.55,-121.25,110969.3
3.9303,18,9.595,1.607,894,1.704,35.27,-119.25,105116.2
6.8438,33,6.2,0.917,1478,2.638,36.42,-120.24,232895.8
3.9211,30,2.331,0.593,3,5.02,34.16,-118.99,194098.1
5.9126,48,6.681,1.498,1265,5.666,35.48,-118.87,292168.6
7.377,23,2.786,0.713,3,1.25,38.1,-121.76,428008.4
0.6853,12,7.408,1.898,95,2.162,35.26,-120.55,24502.6
7.1972,8,6.07,0.965,1484,1.477,33.7,-117.41,308335.9
2.8101,33,4.934,1.176,1811,3.334,33.53,-118.13,190951.2
1.3671,26,7.33,,3,2.958,33.35,-118.06,145584.3
8.4315,41,5.207,0.714,1666,4.185,36.93,-121.27,438990.5
3.6598,21,4.032,0.913,2543,1.681,35.67,-119.05,124666.3
3.1121,24,4.345,0.969,295,,34.18,-118.6,137891.2
5.8568,35,7.617,0.912,510,3.859,38.81,-121.96,196969.1
3.6169,32,5.504,1.433,2291,3.473,36.83,-121.47,247570.8
5.1841,22,5.223,1.208,3379,4.066,34.16,-118.26,273390.4
7.1625,36,5.671,1.452,1441,3.669,36.88,-121.52,409952.1
3.8642,33,4.347,1.133,1793,4.804,33.15,-117.96,251821.5
2.9229,8,6.261,1.059,1529,4.183,34.76,-117.93,144723.4
1.8657,20,4.158,0.785,1852,1.883,33.84,-117.41,148865.9
3.5438,23,4.686,1.223,1879,1.88,32.59,-118.35,246984.9
3.8929,13,5.918,1.369,345,,33.89,-117.8,242035.0
4.5079,13,4.996,,400,2.6,33.78,-117.89,211908.6
2.9644,7,1.102,0.5,378,3.452,34.55,-117.62,161855.2
9.6737,14,4.371,,1322,1.014,37.02,-122.08,483442.2
1.266,28,6.548,1.425,2565,3.887,36.95,-119.77,15000
3.8768,16,1,0.5,975,3.128,37.24,-121.95,237191.7
4.0064,12,4.424,,1085,3.557,37.57,-122.18,284074.4
4.7658,1,6.302,1.12,3005,2.589,34.09,-117.87,210725.6
2.7512,10,6.804,1.345,735,3.426,34.84,-118.84,134893.7
0.5,29,7.531,1.763,961,1.571,38.7,-121.83,103698.8
5.206,28,5.812,0.921,1027,2.17,37.26,-121.17,403542.6
4.5805,24,4.745,1.044,38,4.118,38.46,-121.16,274228.1
2.8541,14,5.342,0.866,1675,3.876,35.04,-117.66,149370.9
6.2942,37,9.692,2.689,900,1.875,35.07,-120.61,235925.0
2.1272,28,3.738,0.84,443,3.083,34.44,-118.17,168802.8
2.3089,21,7.611,1.662,2400,1.826,34.4,-118.01,179373.0
4.1667,25,2.977,0.652,2412,3.573,36.68,-119.95,183423.7
5.844,18,7.875,,3,3.898,33.88,-118.12,418213.8
2.6924,29,5.035,1.364,2191,2.43,33.14,-117.11,205410.4
2.9662,49,4.835,1.041,1236,1.207,34.49,-118.78,101921.5
4.6694,24,5.678,1.492,1702,1.231,37.55,-121.29,307940.6
3.5405,52,8.806,2.237,3067,2.476,39.84,-122.32,192101.4
1.0033,25,3.901,0.535,3,3.219,35.25,-119.86,15000
2.9091,37,4.208,0.963,1924,1.656,39.13,-122.29,127070.1
4.7111,43,4.564,0.709,2127,3.849,37.82,-122.07,386844.8
4.4679,32,5.148,1.095,666,3.166,33.4,-118.18,260096.5
1.0266,2,6.524,1.25,1234,5.016,36.06,-119.48,114838.5
5.5606,25,3.491,0.572,1992,4.05,34.48,-117.91,414033.7
5.817,9,4.883,0.963,1831,3.079,38.03,-122.36,293553.3
4.912,37,4.659,0.945,1763,4.104,35.6,-119.73,264387.1
1.7526,1,4.6,0.999,2173,5.466,36.57,-120.36,111964.1
1.8283,37,3.928,0.605,3308,2.622,32.79,-117.9,210054.6
4.8765,52,5.37,0.62,2240,3.332,38.87,-122.43,233375.0
4.513,19,4.866,1.238,1566,2.024,39.2,-121.56,164030.8
5.4825,32,3.514,0.691,1236,2.319,34.43,-118.36,390603.2
4.2991,32,8.744,1.206,346,4.174,34.39,-118.65,153171.4
5.8335,41,5.919,1.428,1020,3.659,33.87,-118.26,390333.2
3.4109,22,8.568,1.969,283,4.028,35.5,-118.16,187253.1
5.3661,49,6.638,0.556,126,2.463,37.41,-122.41,346173.1
4.552,29,9.409,1.834,2309,2.9,37.37,-121.91,358040.7
4.6888,27,1.037,0.5,826,3.65,33.62,-117.1,244682.0
6.5994,29,5.202,1.594,1882,2.638,36.71,-122.12,312916.6
4.4,26,4.173,1.341,3,1,33.43,-117.93,232966.0
2.1919,22,4.821,1.063,3,3.264,37.44,-122.06,308296.6
3.22,15,2.777,0.671,2161,3.857,34.15,-118.75,186792.2
5.4182,33,3.827,1.01,808,1,34.69,-117.68,252833.0
7.8496,1,8.727,1.68,3559,4.213,37.77,-121.36,448437.7
4.2713,35,9.282,2.304,526,2.259,38.19,-122.36,356344.0
7.5934,1,8.063,1.365,726,1.779,34.17,-117.92,450393.9
5.017,32,4.675,0.898,905,2.251,35.34,-119.21,135395.2
5.1642,28,6.021,1.104,3091,3.252,38.25,-121.82,369233.8
3.0131,22,4.11,,3945,3.077,38.38,-121.59,238805.0
2.6536,18,6.159,1.918,1282,3.29,36.5,-122.03,258157.8
4.4402,34,4.001,0.769,2095,2.134,36.02,-119.42,136101.1
0.5,5,3.589,0.813,771,2.712,39.63,-121.21,87958.5
2.383,29,6.268,0.577,1103,1.205,34.34,-118.29,154437.4
3.2038,1,3.52,0.79,3041,3.938,38.95,-121.66,68018.4
4.5699,38,2.997,0.647,272,4.207,32.8,-117.89,208158.0
3.7671,19,6.478,1.13,3309,4.001,38.34,-121.24,353934.2
0.8744,15,4.948,0.538,1291,3.317,35.03,-118.69,39024.3
3.4246,22,7.439,1.123,3,2.503,35.79,-119.23,122981.3
4.6757,46,5.43,1.783,2023,3.193,34.27,-117.91,182015.3
4.6141,45,1,0.5,3,1,36.62,-121.43,268697.8
6.2684,4,2.277,0.5,992,5.026,37.63,-121.59,333144.3
4.1528,39,7.423,1.477,1525,3.219,38.14,-121.22,293810.7
3.8331,14,6.564,0.996,2276,1.403,33.87,-117.58,239284.5
1.8287,28,3.287,0.995,1333,1.417,38.16,-122.26,208917.6
4.7628,43,3.509,0.718,397,7.062,36.95,-121.02,370942.4
5.1214,18,3.911,0.883,2125,4.48,32.73,-117.33,251524.7
4.9053,4,2.115,0.5,1724,3.742,37.99,-121.43,324302.9
1.1339,5,3.537,0.928,1980,2.578,39.04,-121.72,92573.2
7.2186,20,8.848,2.103,991,2.465,36.65,-122.4,352353.2
2.3011,39,9.5,2.68,3,3.718,39.38,-122.06,112890.4
2.4426,29,3.643,0.577,2602,3.38,32.63,-117.76,193948.3
0.5,40,6.602,1.567,1067,1.58,39.62,-121.76,15587.4
2.0486,29,2.22,0.521,921,4.29,39.14,-121.27,120216.0
0.5,40,5.328,0.731,2001,3.282,36.95,-120.07,84739.5
3.9816,27,4.347,0.908,1559,3.163,33.51,-118.49,395107.1
3.1219,14,7.781,1.671,11,4.691,34.35,-118.88,117648.1
4.7551,18,6.63,0.917,1002,3.53,39.28,-122.36,248468.0
4.4182,50,7.28,1.747,3069,2.113,35.06,-118.7,205217.5
3.5077,29,7.642,1.758,1372,1.619,37.92,-122.44,237985.6
7.8838,11,3.772,0.764,914,2.539,34.17,-118.23,463305.1
4.6794,21,4.886,1.239,1974,4.374,32.79,-118.12,300272.0
5.4284,25,5.812,1.234,1503,4.1,38.17,-122.09,365664.8
5.3002,17,5.187,1.58,2593,3.693,34.42,-118.99,229542.4
6.1053,34,6.188,1.533,796,3.302,37.19,-122.14,387123.5
3.5322,14,3.04,0.5,886,2.823,38.2,-121.42,294053.7
2.0309,34,5.39,1.355,3,1,39.09,-121.45,108816.1
5.5077,15,8.096,1.424,1354,3.154,34.2,-117.63,332708.4
4.3686,35,4.12,0.873,736,1.207,38.45,-121.77,270400.1
6.6228,29,4.537,0.893,1360,4.528,36.53,-121.89,371349.0
2.3911,44,3.412,0.73,1354,4.488,35.27,-118.91,155631.1
6.9602,35,3.93,0.651,3397,2.59,38.3,-121.97,387112.7
1.8077,52,3.504,0.683,1526,2.77,34.31,-118.39,127426.9
5.598,44,2.951,0.515,1208,5.901,32.56,-118.3,265564.3
5.4016,40,3.821,0.5,1399,1.276,38.32,-121.54,324248.3
4.7316,31,4.389,0.929,1546,2.53,37.36,-122.02,313969.7
2.7684,25,5.094,1.262,3,2.897,39.82,-122.43,136457.2
2.2796,22,2.494,0.527,3,4.217,33.01,-117.24,169566.7
4.231,34,5.601,1.206,3,3.123,35.56,-119.69,224824.0
2.1237,17,8.27,1.409,1938,3.316,38.95,-121.49,116475.5
0.5,6,4.815,0.914,1460,1.798,34.81,-118.72,118528.3
2.5452,21,3.877,,2138,2.332,37.59,-121.87,208405.8
5.6974,14,5.857,1.502,738,2.969,37.01,-122.25,388591.7
3.6663,37,2.537,0.5,2559,3.922,32.93,-117.13,280465.5
2.7462,21,3.556,1.015,1457,4.452,34.4,-117.87,147180.8
5.945,12,6.42,0.666,1530,3.518,33.28,-117.12,239250.8
2.8227,37,4.445,0.764,2225,3.965,39.99,-121.75,191975.7
3.0945,25,3.198,0.871,2410,5.18,35.46,-117.98,149503.0
3.59,15,5.47,1.189,2859,2.964,34.66,-117.88,150027.2
5.813,19,3.901,0.752,535,3.847,36.82,-121.63,408079.6
4.6417,39,5.35,1.059,2924,2.049,38.05,-121.05,313157.2
7.7815,5,5.389,1.045,1220,3.259,37.65,-122.29,376108.5
5.951,37,3.206,0.695,2112,2.452,34.37,-117.86,442179.3
0.5,52,7.575,2.137,3,2.975,35.11,-120.95,124101.3
2.8693,16,4.224,1.013,1053,1.993,37.94,-122.17,282113.2
8.5046,36,7.844,1.581,1863,5.4,33.73,-117.7,396219.0
7.8851,20,5.508,1.318,1196,2.088,36.77,-121.2,383646.6
2.3813,15,6.802,0.817,1053,3.159,39.66,-121.41,130541.8
4.8848,29,5.593,1.29,1708,2.611,34.1,-117.98,255727.9
7.0316,20,6.733,1.593,1182,3.906,33.95,-117.31,339453.5
2.4247,45,4.376,0.966,2054,2.776,39.94,-122.02,183453.0
4.4979,34,5.358,0.689,1352,1.945,33.15,-117.12,317278.5
5.4185,16,7.942,1.66,736,2.488,33.44,-118.46,310826.0
4.1914,15,3.379,0.7,1352,4.279,32.6,-117.29,207581.7
0.5,11,3.823,0.739,3,4.386,36.74,-120.79,15817.6
5.3285,38,7.166,1.715,1837,3.295,37.51,-122.38,346121.0
2.9402,36,5.247,1.116,2498,3.125,38.21,-121.34,323692.7
3.3604,11,6.782,1.263,3,4.239,35.6,-120.16,172850.9
5.0762,48,8.304,1.633,1106,1.63,36.9,-121.47,380978.7
5.5862,18,5.544,1.325,1561,3.784,37.8,-122.27,321716.2
5.9931,26,5.755,0.815,2688,2.265,37.97,-122.12,370464.3
4.4546,23,5.188,0.985,3,1,39.99,-121.29,155487.6
7.3838,24,2.127,0.5,541,1.721,37.15,-122.23,423915.5
5.5341,29,4.694,1.372,1806,1,34.39,-117.62,384240.2
2.9958,23,4.035,0.7,122,3.531,33.64,-117.94,234515.3
4.807,24,9.462,1.778,2142,1.372,34.11,-117.52,334040.7
8.06,52,6.131,1.412,3,1.967,37.49,-122.15,451043.7
5.2961,32,6.366,1.334,312,5.261,38.63,-122.3,144448.8
5.3246,23,7.549,1.541,1831,2.088,32.78,-118.47,314770.9
1.632,36,7.021,1.385,1008,1,32.67,-117.23,155851.0
6.407,38,5.271,1.087,2597,1.706,38.63,-121.75,268307.7
3.2773,31,6.249,1.694,3222,3.535,32.6,-117.17,133636.7
6.7659,31,3.98,0.718,3478,3.067,32.9,-117.1,353520.0
4.0856,32,4.884,0.947,1109,1.872,32.69,-117.2,176410.5
4.7201,42,5.227,1.435,591,4.917,32.59,-117.45,199256.8
3.8434,11,6.23,0.998,3,3.091,37.51,-121.57,201352.1
1.154,5,4.326,0.5,1818,1.92,36.09,-119.52,87048.1
8.485,21,5.349,1.513,852,2.804,33.87,-117.98,445399.4
1.7944,51,3.651,0.904,2724,3.094,35.34,-118.41,79407.4
6.1531,29,7.158,1.897,1942,1.081,33.94,-117.98,424218.3
4.6902,23,7.459,1.917,2406,2.785,37.3,-122.0,329040.0
1.3649,35,2.825,0.656,1497,2.464,38.63,-121.76,120257.1
4.7832,48,6.818,2.197,399,2.96,36.03,-120.1,153197.5
5.3306,48,7.913,1.878,1965,2.347,37.0,-121.8,300821.4
4.5614,20,4.479,0.948,1325,2.851,34.0,-117.74,355771.2
1.1835,40,6.719,0.822,3,3.646,33.71,-118.14,177514.9
1.0242,16,5.226,0.801,3132,2.895,36.74,-119.19,34959.6
5.6955,29,6.935,1.113,681,3.857,33.67,-118.22,251113.9
10.1055,18,5.617,1.443,1174,2.465,37.1,-121.19,500001
6.1193,30,6.234,1.806,782,3.137,33.91,-117.64,421851.1
5.7196,13,5.66,1.146,757,3.693,34.49,-118.4,375223.2
6.0376,23,1.369,0.5,1137,3.518,37.77,-121.18,348064.5
3.7933,32,7.797,0.974,1852,4.083,33.7,-117.99,223239.7
5.7504,52,6.205,1.804,923,5.227,32.53,-118.36,284623.3
5.6872,19,5.108,1.138,3,1,32.98,-117.56,347665.9
8.718,32,5.295,1.098,111,3.829,34.04,-117.72,462006.1
0.6393,51,4.764,1.398,3020,2.529,34.48,-118.97,114544.1
1.7556,16,4.073,0.9,1764,1,38.76,-122.3,149292.4
6.9823,25,6.238,1.237,949,1.426,33.61,-118.3,435869.0
2.0744,27,5.573,0.855,735,3.27,33.11,-117.94,236048.7
2.2585,23,3.97,1.099,3,4.094,35.05,-118.51,176206.6
2.6598,43,7.553,1.573,2826,2.966,33.49,-117.82,235913.5
5.5482,1,6.451,1.494,980,4.453,34.39,-117.6,196403.2
0.9703,28,5.909,1.056,2887,2.733,39.1,-121.13,103564.5
1.1112,8,3.659,0.793,3058,3.395,38.56,-122.49,72523.1
5.5799,29,8.574,1.821,323,3.516,36.81,-121.21,334614.2
2.1628,16,8.749,1.657,1119,3.718,36.8,-120.83,60695.5
6.0321,40,5.747,0.85,1613,3.218,34.3,-117.92,368761.4
6.966,21,4.743,1.265,951,2.615,37.05,-121.58,378723.7
6.3007,32,3.851,0.826,1345,3.766,33.63,-117.36,284435.7
3.4606,12,7.335,1.527,1091,3.821,38.24,-121.41,312403.7
5.2524,33,6.149,1.633,1179,4.182,37.89,-121.29,324078.8
2.6117,1,6.003,1.604,1125,5.369,32.68,-117.95,132855.7
4.3549,21,6.504,0.669,3192,4.134,34.28,-118.29,319567.3
3.1499,26,11.51,1.374,1012,2.578,33.94,-117.27,239716.1
8.3152,52,5.341,1.143,1473,4.038,33.87,-118.48,496518.9
4.6937,34,5.915,0.808,2745,3.864,39.02,-121.2,184993.7
