date,ticker,sector,open_price,close_price,daily_return,volume,market_cap_B,pe_ratio,dividend_yield,sp500_return
2024-01-02,AAPL,Technology,170,169.61,-0.002307,4251887,2800,22.83,0.0226,0.014979
2024-01-02,MSFT,Technology,380,380.81,0.00213,5961119,2900,21.26,0.0187,0.014979
2024-01-02,JNJ,Healthcare,155,160.65,0.036472,4586145,380,6.97,0.0134,0.014979
2024-01-02,PFE,Healthcare,28,28.22,0.007907,3928520,160,7.61,0.0095,0.014979
2024-01-02,JPM,Financials,185,188.75,0.020273,3682948,540,20.53,0.0272,0.014979
2024-01-02,BAC,Financials,33,33.62,0.018904,5986071,260,26.58,0.0313,0.014979
2024-01-02,XOM,Energy,105,106.43,0.013635,3826837,450,27.29,0.0226,0.014979
2024-01-02,CVX,Energy,155,156.69,0.010933,4911369,300,27.2,0.0158,0.014979
2024-01-02,PG,Consumer,160,162.04,0.012738,10324141,380,38.97,0.0281,0.014979
2024-01-02,KO,Consumer,60,61.04,0.017388,2775948,260,13.14,0.011,0.014979
2024-01-03,AAPL,Technology,169.61,174.46,0.028597,1351653,2800,26.15,0.0048,0.008666
2024-01-03,MSFT,Technology,380.81,379.83,-0.002567,6923883,2900,9.7,0.0227,0.008666
2024-01-03,JNJ,Healthcare,160.65,166.91,0.038974,6616800,380,18.14,0.0293,0.008666
2024-01-03,PFE,Healthcare,28.22,28.17,-0.001928,2187105,160,17.47,,0.008666
2024-01-03,JPM,Financials,188.75,187.06,-0.008938,8464834,540,17.78,0,0.008666
2024-01-03,BAC,Financials,33.62,33.28,-0.010206,4815494,260,16.44,0.0138,0.008666
2024-01-03,XOM,Energy,106.43,103.84,-0.024321,3724627,450,22.24,0.0034,0.008666
2024-01-03,CVX,Energy,156.69,157.05,0.002266,3325887,300,34.57,0.02,0.008666
2024-01-03,PG,Consumer,162.04,164.39,0.014518,1429911,380,13.44,0.0313,0.008666
2024-01-03,KO,Consumer,61.04,61.15,0.001785,1764187,260,14.31,0.0212,0.008666
2024-01-04,AAPL,Technology,174.46,170.81,-0.020929,9182421,2800,23.41,0.0109,-0.025145
2024-01-04,MSFT,Technology,379.83,360.3,-0.051423,3981057,2900,28.72,0.0137,-0.025145
2024-01-04,JNJ,Healthcare,166.91,161.87,-0.030191,3378595,380,16.26,0.0089,-0.025145
2024-01-04,PFE,Healthcare,28.17,27.64,-0.018913,3910804,160,11.5,0.0045,-0.025145
2024-01-04,JPM,Financials,187.06,177.27,-0.052313,5909017,540,25.25,0.0284,-0.025145
2024-01-04,BAC,Financials,33.28,32.54,-0.022121,4247840,260,19.99,0.0165,-0.025145
2024-01-04,XOM,Energy,103.84,98.39,-0.052479,8568571,450,10.61,0.0168,-0.025145
2024-01-04,CVX,Energy,157.05,153.67,-0.021543,4762134,300,18.69,0.0144,-0.025145
2024-01-04,PG,Consumer,164.39,163.35,-0.006312,2808898,380,12.18,0.025,-0.025145
2024-01-04,KO,Consumer,61.15,61.35,0.003301,6113598,260,10.55,0.0349,-0.025145
2024-01-06,AAPL,Technology,170.81,172.48,0.009759,5153664,2800,17.1,0.0178,-0.00393
2024-01-06,MSFT,Technology,360.3,356.6,-0.010255,1585492,2900,10.71,0.0248,-0.00393
2024-01-06,JNJ,Healthcare,161.87,163.41,0.009506,7619713,380,18.08,0.0078,-0.00393
2024-01-06,PFE,Healthcare,27.64,27.0,-0.023056,4729469,160,18.35,0.036,-0.00393
2024-01-06,JPM,Financials,177.27,177.9,0.003529,4287815,540,17.8,0.0238,-0.00393
2024-01-06,BAC,Financials,32.54,31.87,-0.020449,3730885,260,29.32,0.0129,-0.00393
2024-01-06,XOM,Energy,98.39,100.0,0.01635,1144567,450,20.31,0.0311,-0.00393
2024-01-06,CVX,Energy,153.67,151.98,-0.011012,5591782,300,5.69,0.0105,-0.00393
2024-01-06,PG,Consumer,163.35,160.14,-0.019651,7016055,380,22.78,0.0257,-0.00393
2024-01-06,KO,Consumer,61.35,60.25,-0.017947,5355429,260,9.54,0.0274,-0.00393
2024-01-07,AAPL,Technology,172.48,174.96,0.014359,4823135,2800,19.22,0.0314,0.001719
2024-01-07,MSFT,Technology,356.6,371.93,0.042983,3684256,2900,22.03,0.0255,0.001719
2024-01-07,JNJ,Healthcare,163.41,160.37,-0.018632,2325846,380,44.11,0.0153,0.001719
2024-01-07,PFE,Healthcare,27.0,26.19,-0.03018,3954050,160,30.92,0.0337,0.001719
2024-01-07,JPM,Financials,177.9,174.77,-0.01762,4550021,540,24.05,0.0127,0.001719
2024-01-07,BAC,Financials,31.87,31.48,-0.012146,1416074,260,11.4,0.0346,0.001719
2024-01-07,XOM,Energy,100.0,99.35,-0.006533,7070787,450,30.06,0.0318,0.001719
2024-01-07,CVX,Energy,151.98,148.38,-0.023688,3552663,300,24.43,0.0295,0.001719
2024-01-07,PG,Consumer,160.14,157.38,-0.01723,6676110,380,28.68,0.0218,0.001719
2024-01-07,KO,Consumer,60.25,59.76,-0.008062,3725777,260,23.77,0.032,0.001719
2024-01-09,AAPL,Technology,174.96,179.6,0.026549,6297864,2800,15.62,0.0284,0.005306
2024-01-09,MSFT,Technology,371.93,374.2,0.006114,4873686,2900,33.86,0.0156,0.005306
2024-01-09,JNJ,Healthcare,160.37,162.45,0.012957,5805026,380,21.12,0.0105,0.005306
2024-01-09,PFE,Healthcare,26.19,26.15,-0.00159,6654300,160,23.34,0.0139,0.005306
2024-01-09,JPM,Financials,174.77,172.45,-0.013297,6881559,540,32.23,0.0301,0.005306
2024-01-09,BAC,Financials,31.48,31.98,0.01591,5114647,260,23.6,0.0155,0.005306
2024-01-09,XOM,Energy,99.35,103.13,0.038001,3004041,450,16.83,0.0205,0.005306
2024-01-09,CVX,Energy,148.38,151.4,0.020332,3757298,300,25.98,0.019,0.005306
2024-01-09,PG,Consumer,157.38,157.14,-0.001507,100000,380,21.81,0.0208,0.005306
2024-01-09,KO,Consumer,59.76,59.7,-0.001039,4298841,260,17.26,0.015,0.005306
2024-01-10,AAPL,Technology,179.6,178.51,-0.006048,6204166,2800,20.57,0.0005,-0.010658
2024-01-10,MSFT,Technology,374.2,375.51,0.003494,6028912,2900,16.41,0.0266,-0.010658
2024-01-10,JNJ,Healthcare,162.45,165.59,0.019318,4487627,380,19.5,0.0386,-0.010658
2024-01-10,PFE,Healthcare,26.15,26.04,-0.004361,2334526,160,24.13,0.0173,-0.010658
2024-01-10,JPM,Financials,172.45,167.86,-0.026624,4333161,540,24.49,0.0253,-0.010658
2024-01-10,BAC,Financials,31.98,31.64,-0.010609,3209665,260,23.17,0.0189,-0.010658
2024-01-10,XOM,Energy,103.13,100.26,-0.027833,6496432,450,12.98,0.0201,-0.010658
2024-01-10,CVX,Energy,151.4,149.97,-0.009435,5139712,300,24.22,0.0313,-0.010658
2024-01-10,PG,Consumer,157.14,152.23,-0.031226,3449431,380,20.92,0.0247,-0.010658
2024-01-10,KO,Consumer,59.7,60.27,0.009588,8576753,260,30.21,0.0217,-0.010658
2024-01-12,AAPL,Technology,178.51,181.33,0.015789,5800547,2800,30.51,0.0141,0.009102
2024-01-12,MSFT,Technology,375.51,386.05,0.028069,7077755,2900,14.77,0.0303,0.009102
2024-01-12,JNJ,Healthcare,165.59,167.32,0.010475,5084645,380,25.32,0.0131,0.009102
2024-01-12,PFE,Healthcare,26.04,27.01,0.037259,100000,160,23.16,0.0188,0.009102
2024-01-12,JPM,Financials,167.86,170.54,0.015959,2961210,540,27.5,0.0292,0.009102
2024-01-12,BAC,Financials,31.64,31.89,0.007934,5224156,260,26.6,0.0172,0.009102
2024-01-12,XOM,Energy,100.26,99.79,-0.004726,8357040,450,17.03,0.024,0.009102
2024-01-12,CVX,Energy,149.97,151.42,0.009664,1770887,300,28.5,0.0157,0.009102
2024-01-12,PG,Consumer,152.23,156.32,0.026836,4526649,380,24.29,0.0077,0.009102
2024-01-12,KO,Consumer,60.27,61.94,0.027663,4728228,260,22.1,0.0165,0.009102
2024-01-13,AAPL,Technology,181.33,184.35,0.016628,5812752,2800,25.26,0.0185,-0.000202
2024-01-13,MSFT,Technology,386.05,386.63,0.001507,7514388,2900,27.23,0.0239,-0.000202
2024-01-13,JNJ,Healthcare,167.32,168.45,0.006727,4868878,380,27.89,0.0281,-0.000202
2024-01-13,PFE,Healthcare,27.01,27.49,0.017828,2956526,160,38.11,0.0237,-0.000202
2024-01-13,JPM,Financials,170.54,170.78,0.001409,1513606,540,26.96,0.0257,-0.000202
2024-01-13,BAC,Financials,31.89,31.06,-0.025995,2273095,260,31.18,0.0305,-0.000202
2024-01-13,XOM,Energy,99.79,98.07,-0.01725,217840,450,19.95,0.0306,-0.000202
2024-01-13,CVX,Energy,151.42,154.61,0.021078,5003320,300,18.98,0.0385,-0.000202
2024-01-13,PG,Consumer,156.32,155.23,-0.006961,7850662,380,22.41,0.0188,-0.000202
2024-01-13,KO,Consumer,61.94,61.46,-0.007761,2756483,260,21.69,0.0134,-0.000202
2024-01-15,AAPL,Technology,184.35,182.77,-0.00856,2505905,2800,29.47,0.0152,0.01082
2024-01-15,MSFT,Technology,386.63,388.75,0.005479,2875015,2900,9.48,0.0163,0.01082
2024-01-15,JNJ,Healthcare,168.45,169.61,0.006908,6080859,380,19.03,0.0127,0.01082
2024-01-15,PFE,Healthcare,27.49,27.77,0.010042,3247942,160,12.31,0.0247,0.01082
2024-01-15,JPM,Financials,170.78,170.29,-0.002858,3785591,540,22.79,0.0264,0.01082
2024-01-15,BAC,Financials,31.06,31.93,0.027951,8086294,260,21.64,0.0224,0.01082
2024-01-15,XOM,Energy,98.07,99.98,0.019519,5654693,450,12.23,0.0228,0.01082
2024-01-15,CVX,Energy,154.61,157.02,0.015582,6398096,300,35.84,0.0289,0.01082
2024-01-15,PG,Consumer,155.23,159.0,0.024265,7040615,380,16.92,0.0043,0.01082
2024-01-15,KO,Consumer,61.46,63.08,0.026382,2741554,260,24.13,0.0234,0.01082
2024-01-16,AAPL,Technology,182.77,179.94,-0.015466,5216157,2800,5,0.0285,-0.011925
2024-01-16,MSFT,Technology,388.75,373.2,-0.040009,7177543,2900,25.94,0.0356,-0.011925
2024-01-16,JNJ,Healthcare,169.61,165.61,-0.023567,8034053,380,12.63,0.0244,-0.011925
2024-01-16,PFE,Healthcare,27.77,27.53,-0.008591,6173244,160,11.22,0.018,-0.011925
2024-01-16,JPM,Financials,170.29,166.53,-0.022079,4782042,540,25.35,0.0059,-0.011925
2024-01-16,BAC,Financials,31.93,31.36,-0.01777,3425252,260,30.4,0.0153,-0.011925
2024-01-16,XOM,Energy,99.98,99.54,-0.004363,3024074,450,,0.0261,-0.011925
2024-01-16,CVX,Energy,157.02,155.72,-0.008296,6400073,300,21.31,0.0191,-0.011925
2024-01-16,PG,Consumer,159.0,159.37,0.002336,6728039,380,35.7,0.0082,-0.011925
2024-01-16,KO,Consumer,63.08,61.4,-0.02669,3831181,260,17.23,0.0144,-0.011925
2024-01-18,AAPL,Technology,179.94,184.99,0.028092,5451307,2800,32.62,0.0208,0.016483
2024-01-18,MSFT,Technology,373.2,378.93,0.015362,2140383,2900,16.77,0.0392,0.016483
2024-01-18,JNJ,Healthcare,165.61,164.24,-0.008296,3629691,380,17.12,0.0213,0.016483
2024-01-18,PFE,Healthcare,27.53,28.09,0.020318,7071928,160,16.19,0.0108,0.016483
2024-01-18,JPM,Financials,166.53,174.07,0.045251,3330588,540,24.18,0.0366,0.016483
2024-01-18,BAC,Financials,31.36,32.45,0.034816,2014802,260,21.71,0.0191,0.016483
2024-01-18,XOM,Energy,99.54,101.87,0.02336,3943160,450,8.55,0.0283,0.016483
2024-01-18,CVX,Energy,155.72,157.66,0.012457,8944119,300,38.33,0.0132,0.016483
2024-01-18,PG,Consumer,159.37,161.27,0.011914,5037413,380,19.67,0.0283,0.016483
2024-01-18,KO,Consumer,61.4,60.46,-0.015243,6588859,260,29.91,0.0437,0.016483
2024-01-19,AAPL,Technology,184.99,187.01,0.010925,1707960,2800,8.72,0.0215,0.000649
2024-01-19,MSFT,Technology,378.93,383.69,0.012565,4711272,2900,22.27,0.0212,0.000649
2024-01-19,JNJ,Healthcare,164.24,162.5,-0.010586,4339625,380,22.12,0.0078,0.000649
2024-01-19,PFE,Healthcare,28.09,28.52,0.015311,6676057,160,18.48,0.0294,0.000649
2024-01-19,JPM,Financials,174.07,171.97,-0.012086,8485712,540,13.22,0.0409,0.000649
2024-01-19,BAC,Financials,32.45,32.71,0.007986,100000,260,27.59,0.0071,0.000649
2024-01-19,XOM,Energy,101.87,102.06,0.001846,4566226,450,12.78,0.0121,0.000649
2024-01-19,CVX,Energy,157.66,158.28,0.003914,3042206,300,26.3,0.0207,0.000649
2024-01-19,PG,Consumer,161.27,159.65,-0.010047,6901645,380,19.0,0.0103,0.000649
2024-01-19,KO,Consumer,60.46,61.02,0.009321,5849401,260,14.24,0.0177,0.000649
2024-01-20,AAPL,Technology,187.01,185.06,-0.010438,6106235,2800,26.28,0.0188,-0.000738
2024-01-20,MSFT,Technology,383.69,379.52,-0.010859,10419743,2900,27.28,0.0134,-0.000738
2024-01-20,JNJ,Healthcare,162.5,161.12,-0.008518,3457725,380,30.21,0.0172,-0.000738
2024-01-20,PFE,Healthcare,28.52,28.3,-0.007631,6041806,160,8.51,0.0241,-0.000738
2024-01-20,JPM,Financials,171.97,171.73,-0.001388,5538994,540,32.34,0,-0.000738
2024-01-20,BAC,Financials,32.71,32.37,-0.01031,4447218,260,14.4,0.0342,-0.000738
2024-01-20,XOM,Energy,102.06,100.19,-0.018305,8111604,450,27.08,0.0264,-0.000738
2024-01-20,CVX,Energy,158.28,159.49,0.007672,3962930,300,18.41,0.0212,-0.000738
2024-01-20,PG,Consumer,159.65,159.96,0.001972,5867619,380,13.78,0.0402,-0.000738
2024-01-20,KO,Consumer,61.02,61.3,0.004662,5354682,260,25.22,0.013,-0.000738
2024-01-22,AAPL,Technology,185.06,183.73,-0.007175,7905119,2800,22.13,0.0207,-0.006348
2024-01-22,MSFT,Technology,379.52,395.34,0.041673,8696713,2900,12.94,0.0409,-0.006348
2024-01-22,JNJ,Healthcare,161.12,161.87,0.004634,6338303,380,8.05,0.0282,-0.006348
2024-01-22,PFE,Healthcare,28.3,28.87,0.02029,5981383,160,25.78,0.0046,-0.006348
2024-01-22,JPM,Financials,171.73,167.8,-0.022864,4171790,540,25.4,0.0164,-0.006348
2024-01-22,BAC,Financials,32.37,32.21,-0.005,4844748,260,17.26,0.0323,-0.006348
2024-01-22,XOM,Energy,100.19,100.0,-0.001927,8381235,450,17.87,0.0041,-0.006348
2024-01-22,CVX,Energy,159.49,158.38,-0.006961,3353432,300,5.26,0.0396,-0.006348
2024-01-22,PG,Consumer,159.96,160.38,0.002636,3920965,380,31.1,0.022,-0.006348
2024-01-22,KO,Consumer,61.3,60.8,-0.008133,5626996,260,21.81,0.0115,-0.006348
2024-01-23,AAPL,Technology,183.73,186.22,0.013574,3292780,2800,30.99,0.0138,0.007972
2024-01-23,MSFT,Technology,395.34,400.51,0.013076,6604183,2900,12.81,0.015,0.007972
2024-01-23,JNJ,Healthcare,161.87,163.89,0.012478,3716119,380,19.57,0.0341,0.007972
2024-01-23,PFE,Healthcare,28.87,28.44,-0.014787,3535081,160,28.34,0.0173,0.007972
2024-01-23,JPM,Financials,167.8,169.98,0.013003,7336177,540,16.88,0.0178,0.007972
2024-01-23,BAC,Financials,32.21,33.02,0.025114,2220360,260,14.67,0.0036,0.007972
2024-01-23,XOM,Energy,100.0,101.5,0.015014,7089566,450,18.84,0.0265,0.007972
2024-01-23,CVX,Energy,158.38,164.2,0.036764,4743006,300,5,0.0256,0.007972
2024-01-23,PG,Consumer,160.38,155.89,-0.028021,3941018,380,18.0,0.0188,0.007972
2024-01-23,KO,Consumer,60.8,63.1,0.037823,8141886,260,18.32,0.03,0.007972
2024-01-25,AAPL,Technology,186.22,185.58,-0.003447,4409246,2800,20.05,0.0085,-0.002913
2024-01-25,MSFT,Technology,400.51,398.58,-0.004818,5006820,2900,18.35,0.0142,-0.002913
2024-01-25,JNJ,Healthcare,163.89,164.76,0.00529,5609261,380,22.58,0.0224,-0.002913
2024-01-25,PFE,Healthcare,28.44,27.76,-0.02379,4521103,160,30.71,0.0364,-0.002913
2024-01-25,JPM,Financials,169.98,164.87,-0.030064,10236984,540,21.54,0.0147,-0.002913
2024-01-25,BAC,Financials,33.02,32.75,-0.008079,1883646,260,12.71,0.0254,-0.002913
2024-01-25,XOM,Energy,101.5,102.5,0.009896,8360944,450,7.67,0.0119,-0.002913
2024-01-25,CVX,Energy,164.2,166.52,0.014118,6108749,300,19.06,0.0249,-0.002913
2024-01-25,PG,Consumer,155.89,153.1,-0.017902,5128843,380,38.52,0.0236,-0.002913
2024-01-25,KO,Consumer,63.1,62.27,-0.013186,2656625,260,17.22,0.0249,-0.002913
2024-01-26,AAPL,Technology,185.58,190.94,0.028859,5515161,2800,16.39,0.0226,0.0086
2024-01-26,MSFT,Technology,398.58,398.66,0.000203,3504121,2900,31.15,0.0426,0.0086
2024-01-26,JNJ,Healthcare,164.76,166.61,0.011215,1964398,380,29.99,0.0143,0.0086
2024-01-26,PFE,Healthcare,27.76,27.95,0.0069,6606934,160,29.03,0.0149,0.0086
2024-01-26,JPM,Financials,164.87,170.26,0.032709,9324458,540,25.56,0.0373,0.0086
2024-01-26,BAC,Financials,32.75,33.48,0.022318,4703306,260,19.57,0.0089,0.0086
2024-01-26,XOM,Energy,102.5,106.17,0.035763,4951883,450,24.18,0.0125,0.0086
2024-01-26,CVX,Energy,166.52,171.28,0.028576,5891536,300,9.2,0.0271,0.0086
2024-01-26,PG,Consumer,153.1,150.98,-0.013839,4422080,380,20.74,0.0364,0.0086
2024-01-26,KO,Consumer,62.27,63.68,0.022657,4993603,260,10.01,,0.0086
2024-01-28,AAPL,Technology,190.94,196.81,0.030768,5291195,2800,15.72,0.028,0.012475
2024-01-28,MSFT,Technology,398.66,407.92,0.023239,3318498,2900,20.32,0.0123,0.012475
2024-01-28,JNJ,Healthcare,166.61,170.88,0.025603,4796855,380,13.8,0.0154,0.012475
2024-01-28,PFE,Healthcare,27.95,28.11,0.005787,5675108,160,22.91,0.015,0.012475
2024-01-28,JPM,Financials,170.26,169.77,-0.002868,5220918,540,31.09,0.0155,0.012475
2024-01-28,BAC,Financials,33.48,34.23,0.022374,6449752,260,27.33,0.0204,0.012475
2024-01-28,XOM,Energy,106.17,106.52,0.003294,5054092,450,17.77,0.0235,0.012475
2024-01-28,CVX,Energy,171.28,171.62,0.001986,4462320,300,20.5,0.0116,0.012475
2024-01-28,PG,Consumer,150.98,156.8,0.038552,8211788,380,30.23,0.0191,0.012475
2024-01-28,KO,Consumer,63.68,64.2,0.008136,7012065,260,14.1,0.0421,0.012475
2024-01-29,AAPL,Technology,196.81,200.8,0.020292,1899374,2800,23.07,0.0183,-0.006733
2024-01-29,MSFT,Technology,407.92,413.79,0.014392,4646587,2900,23.4,0.0297,-0.006733
2024-01-29,JNJ,Healthcare,170.88,168.18,-0.015805,5691485,380,,0.0115,-0.006733
2024-01-29,PFE,Healthcare,28.11,27.63,-0.017171,910902,160,22.8,0.022,-0.006733
2024-01-29,JPM,Financials,169.77,168.51,-0.007437,8894306,540,28.29,0.0211,-0.006733
2024-01-29,BAC,Financials,34.23,33.86,-0.010829,2690725,260,24.31,0.0219,-0.006733
2024-01-29,XOM,Energy,106.52,104.63,-0.017707,5289991,450,20.39,0.0217,-0.006733
2024-01-29,CVX,Energy,171.62,165.23,-0.03723,7345617,300,18.31,0.0175,-0.006733
2024-01-29,PG,Consumer,156.8,155.86,-0.005976,4179321,380,30.98,,-0.006733
2024-01-29,KO,Consumer,64.2,62.99,-0.018817,6838227,260,26.37,0.0195,-0.006733
2024-01-31,AAPL,Technology,200.8,199.83,-0.004848,6912583,2800,20.36,0.0341,-0.011277
2024-01-31,MSFT,Technology,413.79,415.53,0.004194,6372223,2900,42.04,0.0276,-0.011277
2024-01-31,JNJ,Healthcare,168.18,168.56,0.002238,4273539,380,6.6,0.0081,-0.011277
2024-01-31,PFE,Healthcare,27.63,27.69,0.002135,7100505,160,19.18,0.0182,-0.011277
2024-01-31,JPM,Financials,168.51,166.55,-0.011603,607034,540,5.48,0.0172,-0.011277
2024-01-31,BAC,Financials,33.86,34.64,0.023068,5128371,260,21.05,0.0241,-0.011277
2024-01-31,XOM,Energy,104.63,102.49,-0.020463,4391483,450,28.0,0.0044,-0.011277
2024-01-31,CVX,Energy,165.23,163.23,-0.012084,4152918,300,22.9,0.0247,-0.011277
2024-01-31,PG,Consumer,155.86,151.24,-0.029638,7504776,380,15.74,0.0159,-0.011277
2024-01-31,KO,Consumer,62.99,62.59,-0.006275,4770317,260,5,0.0174,-0.011277
2024-02-01,AAPL,Technology,199.83,203.91,0.020426,2090108,2800,27.27,0.0068,-0.001532
2024-02-01,MSFT,Technology,415.53,392.43,-0.055596,7350917,2900,26.16,0.0161,-0.001532
2024-02-01,JNJ,Healthcare,168.56,166.76,-0.01067,5005007,380,23.84,0.0224,-0.001532
2024-02-01,PFE,Healthcare,27.69,26.95,-0.026863,4286200,160,20.67,0.0192,-0.001532
2024-02-01,JPM,Financials,166.55,163.91,-0.015852,3453433,540,15.63,0.0164,-0.001532
2024-02-01,BAC,Financials,34.64,34.48,-0.004754,7189620,260,9.51,0.0347,-0.001532
2024-02-01,XOM,Energy,102.49,104.37,0.01833,1787569,450,18.82,0.0101,-0.001532
2024-02-01,CVX,Energy,163.23,164.12,0.005425,3116706,300,27.52,0.0057,-0.001532
2024-02-01,PG,Consumer,151.24,152.03,0.005255,5748527,380,22.86,0.0161,-0.001532
2024-02-01,KO,Consumer,62.59,61.34,-0.020023,6584068,260,15.52,0.0153,-0.001532
2024-02-03,AAPL,Technology,203.91,203.8,-0.000553,6794216,2800,5.53,0.0006,-0.003638
2024-02-03,MSFT,Technology,392.43,383.75,-0.022106,7531099,2900,20.77,0.0281,-0.003638
2024-02-03,JNJ,Healthcare,166.76,167.22,0.002755,6330007,380,19.91,0.0365,-0.003638
2024-02-03,PFE,Healthcare,26.95,26.4,-0.020315,2337721,160,14.14,0.0248,-0.003638
2024-02-03,JPM,Financials,163.91,166.24,0.014245,8486888,540,26.92,0.0018,-0.003638
2024-02-03,BAC,Financials,34.48,34.81,0.009634,3480357,260,26.93,0.0393,-0.003638
2024-02-03,XOM,Energy,104.37,106.24,0.017953,6284632,450,21.89,0.0126,-0.003638
2024-02-03,CVX,Energy,164.12,164.47,0.002158,5847117,300,12.29,0.0079,-0.003638
2024-02-03,PG,Consumer,152.03,151.61,-0.002795,5215339,380,30.59,0.0206,-0.003638
2024-02-03,KO,Consumer,61.34,61.36,0.000387,7962844,260,38.04,0.0117,-0.003638
2024-02-04,AAPL,Technology,203.8,205.89,0.01027,3908283,2800,16.81,0.0341,0.002897
2024-02-04,MSFT,Technology,383.75,394.82,0.028856,4197812,2900,23.15,0.0109,0.002897
2024-02-04,JNJ,Healthcare,167.22,165.84,-0.00823,4684908,380,31.94,0.0134,0.002897
2024-02-04,PFE,Healthcare,26.4,26.29,-0.004287,4813436,160,37.14,0.0066,0.002897
2024-02-04,JPM,Financials,166.24,163.98,-0.013618,4855092,540,40.1,0.0158,0.002897
2024-02-04,BAC,Financials,34.81,34.92,0.003218,5392128,260,13.98,0.0206,0.002897
2024-02-04,XOM,Energy,106.24,107.24,0.009434,3204786,450,14.77,0.0439,0.002897
2024-02-04,CVX,Energy,164.47,166.07,0.009752,3994088,300,19.06,0.0265,0.002897
2024-02-04,PG,Consumer,151.61,151.37,-0.001563,7050145,380,10.66,0.0224,0.002897
2024-02-04,KO,Consumer,61.36,62.09,0.011976,5598712,260,20.51,0.0178,0.002897
2024-02-06,AAPL,Technology,205.89,206.57,0.003322,6059122,2800,24.19,0.0246,0.008303
2024-02-06,MSFT,Technology,394.82,404.12,0.023563,6088967,2900,13.48,0.0147,0.008303
2024-02-06,JNJ,Healthcare,165.84,170.59,0.02865,2371321,380,32.28,0.0255,0.008303
2024-02-06,PFE,Healthcare,26.29,25.95,-0.013067,720340,160,16.54,0.016,0.008303
2024-02-06,JPM,Financials,163.98,167.71,0.022721,8294791,540,22.84,0.0213,0.008303
2024-02-06,BAC,Financials,34.92,34.63,-0.008275,2110206,260,23.34,0.0321,0.008303
2024-02-06,XOM,Energy,107.24,109.29,0.019093,7678595,450,5.57,0.0331,0.008303
2024-02-06,CVX,Energy,166.07,169.14,0.018505,6824526,300,33.18,,0.008303
2024-02-06,PG,Consumer,151.37,155.58,0.027825,6379463,380,29.5,0.0349,0.008303
2024-02-06,KO,Consumer,62.09,61.73,-0.00586,2485125,260,20.49,0.0067,0.008303
2024-02-07,AAPL,Technology,206.57,202.68,-0.018815,4671308,2800,13.56,0.0368,-0.003487
2024-02-07,MSFT,Technology,404.12,408.8,0.01157,6071766,2900,28.01,0.0192,-0.003487
2024-02-07,JNJ,Healthcare,170.59,165.65,-0.028976,3120407,380,10.1,0.0239,-0.003487
2024-02-07,PFE,Healthcare,25.95,26.36,0.015897,4455030,160,23.45,0.04,-0.003487
2024-02-07,JPM,Financials,167.71,166.92,-0.004704,3212529,540,15.33,0.0137,-0.003487
2024-02-07,BAC,Financials,34.63,34.78,0.004349,6724215,260,26.72,0.0118,-0.003487
2024-02-07,XOM,Energy,109.29,107.64,-0.015107,2831803,450,27.78,0.0238,-0.003487
2024-02-07,CVX,Energy,169.14,172.49,0.019803,7164787,300,10.28,0.0191,-0.003487
2024-02-07,PG,Consumer,155.58,155.75,0.001061,3978489,380,9.91,0.0134,-0.003487
2024-02-07,KO,Consumer,61.73,61.78,0.000842,1982303,260,14.84,0.0232,-0.003487
2024-02-08,AAPL,Technology,202.68,201.53,-0.005688,7079666,2800,11.39,0.0264,-0.005508
2024-02-08,MSFT,Technology,408.8,415.67,0.016793,4438050,2900,16.73,0.021,-0.005508
2024-02-08,JNJ,Healthcare,165.65,160.29,-0.032354,3651914,380,9.19,0.0193,-0.005508
2024-02-08,PFE,Healthcare,26.36,25.74,-0.02359,4138734,160,20.53,0.0208,-0.005508
2024-02-08,JPM,Financials,166.92,163.76,-0.018928,6228578,540,33.63,0.0193,-0.005508
2024-02-08,BAC,Financials,34.78,34.26,-0.014985,6664428,260,22.04,0.0242,-0.005508
2024-02-08,XOM,Energy,107.64,105.89,-0.01622,6253275,450,26.88,0.0199,-0.005508
2024-02-08,CVX,Energy,172.49,167.92,-0.026505,3549959,300,14.27,0.0198,-0.005508
2024-02-08,PG,Consumer,155.75,153.63,-0.013588,6461049,380,16.35,0.0316,-0.005508
2024-02-08,KO,Consumer,61.78,62.85,0.017354,9108737,260,16.39,0.0245,-0.005508
2024-02-10,AAPL,Technology,201.53,202.35,0.004051,1678891,2800,17.71,0.0307,-0.00045
2024-02-10,MSFT,Technology,415.67,419.86,0.01008,5686395,2900,18.36,0.0131,-0.00045
2024-02-10,JNJ,Healthcare,160.29,156.3,-0.024865,3962520,380,31.4,0.0461,-0.00045
2024-02-10,PFE,Healthcare,25.74,25.75,0.000457,5070111,160,23.75,0.0257,-0.00045
2024-02-10,JPM,Financials,163.76,164.86,0.006731,4267391,540,9.32,0.0113,-0.00045
2024-02-10,BAC,Financials,34.26,34.11,-0.004304,2663993,260,8.98,0.0111,-0.00045
2024-02-10,XOM,Energy,105.89,105.71,-0.001735,7775895,450,10.79,0.0274,-0.00045
2024-02-10,CVX,Energy,167.92,171.03,0.018523,3389682,300,20.92,0.0092,-0.00045
2024-02-10,PG,Consumer,153.63,149.51,-0.026812,3846132,380,13.3,0.0101,-0.00045
2024-02-10,KO,Consumer,62.85,62.91,0.000895,5810238,260,30.15,0.0189,-0.00045
2024-02-11,AAPL,Technology,202.35,203.4,0.005204,3336197,2800,20.47,0.0056,-0.008477
2024-02-11,MSFT,Technology,419.86,419.99,0.00031,4751109,2900,25.41,0.0233,-0.008477
2024-02-11,JNJ,Healthcare,156.3,154.2,-0.013433,2725816,380,22.41,0.0349,-0.008477
2024-02-11,PFE,Healthcare,25.75,25.54,-0.007988,4983512,160,18.0,0.0421,-0.008477
2024-02-11,JPM,Financials,164.86,159.14,-0.034668,4957414,540,17.44,0.0176,-0.008477
2024-02-11,BAC,Financials,34.11,34.27,0.004607,7210356,260,22.83,0.0278,-0.008477
2024-02-11,XOM,Energy,105.71,104.45,-0.011931,3038337,450,14.33,0.013,-0.008477
2024-02-11,CVX,Energy,171.03,169.87,-0.006759,2160345,300,29.61,0.0179,-0.008477
2024-02-11,PG,Consumer,149.51,149.84,0.002231,4154970,380,20.8,0.0319,-0.008477
2024-02-11,KO,Consumer,62.91,63.92,0.016127,7814414,260,15.08,0.0073,-0.008477
2024-02-13,AAPL,Technology,203.4,203.97,0.002811,3775946,2800,20.11,0.0203,0.022183
2024-02-13,MSFT,Technology,419.99,420.08,0.000207,2539996,2900,22.72,0.0127,0.022183
2024-02-13,JNJ,Healthcare,154.2,154.51,0.002035,3654977,380,35.41,0.0143,0.022183
2024-02-13,PFE,Healthcare,25.54,26.31,0.029985,4666168,160,19.88,0.0184,0.022183
2024-02-13,JPM,Financials,159.14,157.13,-0.012619,8349885,540,37.29,0.0175,0.022183
2024-02-13,BAC,Financials,34.27,35.17,0.02639,7519695,260,16.25,0.0187,0.022183
2024-02-13,XOM,Energy,104.45,103.25,-0.011502,8402847,450,20.56,0.0157,0.022183
2024-02-13,CVX,Energy,169.87,169.79,-0.000458,5570048,300,17.99,0.016,0.022183
2024-02-13,PG,Consumer,149.84,152.98,0.020984,3913790,380,29.13,0.0227,0.022183
2024-02-13,KO,Consumer,63.92,65.55,0.025478,6711560,260,8.84,0.0296,0.022183
2024-02-14,AAPL,Technology,203.97,209.5,0.02713,3236987,2800,25.58,0.0293,0.006639
2024-02-14,MSFT,Technology,420.08,420.87,0.001871,5679472,2900,13.88,0.0229,0.006639
2024-02-14,JNJ,Healthcare,154.51,154.6,0.000588,6658858,380,19.97,0.0037,0.006639
2024-02-14,PFE,Healthcare,26.31,26.57,0.009863,5093267,160,18.99,0.0068,0.006639
2024-02-14,JPM,Financials,157.13,156.05,-0.006891,2782939,540,18.72,0.0406,0.006639
2024-02-14,BAC,Financials,35.17,34.9,-0.007539,3258485,260,10.88,0.0172,0.006639
2024-02-14,XOM,Energy,103.25,101.76,-0.014394,3876002,450,34.36,0.0322,0.006639
2024-02-14,CVX,Energy,169.79,166.7,-0.018214,4961561,300,28.18,0.0095,0.006639
2024-02-14,PG,Consumer,152.98,152.35,-0.004129,2316132,380,21.03,0.0179,0.006639
2024-02-14,KO,Consumer,65.55,66.85,0.019808,4357583,260,17.81,0.0242,0.006639
2024-02-16,AAPL,Technology,209.5,206.54,-0.014136,9580467,2800,35.35,0.006,0.013031
2024-02-16,MSFT,Technology,420.87,434.31,0.031926,5300391,2900,23.58,0.0201,0.013031
2024-02-16,JNJ,Healthcare,154.6,155.39,0.005123,5853649,380,27.54,0.018,0.013031
2024-02-16,PFE,Healthcare,26.57,27.23,0.024653,6240535,160,20.07,0.0276,0.013031
2024-02-16,JPM,Financials,156.05,155.9,-0.00094,5107974,540,23.66,0.0044,0.013031
2024-02-16,BAC,Financials,34.9,35.14,0.006851,4294763,260,32.33,0.0364,0.013031
2024-02-16,XOM,Energy,101.76,98.19,-0.035035,3114060,450,21.77,0.0092,0.013031
2024-02-16,CVX,Energy,166.7,169.21,0.015031,5562542,300,29.63,0.0128,0.013031
2024-02-16,PG,Consumer,152.35,157.75,0.035473,6078420,380,27.06,0.0077,0.013031
2024-02-16,KO,Consumer,66.85,69.32,0.036942,4996228,260,17.33,0.0287,0.013031
2024-02-17,AAPL,Technology,206.54,208.07,0.007406,4769245,2800,25.44,0.0299,0.005705
2024-02-17,MSFT,Technology,434.31,427.26,-0.016223,2091841,2900,16.47,0.0253,0.005705
2024-02-17,JNJ,Healthcare,155.39,158.54,0.020262,3939642,380,22.83,0.0201,0.005705
2024-02-17,PFE,Healthcare,27.23,27.41,0.006488,9097309,160,16.62,0.0094,0.005705
2024-02-17,JPM,Financials,155.9,156.24,0.002194,6151319,540,28.28,0.02,0.005705
2024-02-17,BAC,Financials,35.14,35.33,0.00544,3829129,260,28.82,0.0143,0.005705
2024-02-17,XOM,Energy,98.19,98.41,0.002278,1685239,450,11.25,0.0071,0.005705
2024-02-17,CVX,Energy,169.21,167.32,-0.011162,2949847,300,,0.0131,0.005705
2024-02-17,PG,Consumer,157.75,157.75,1.2e-05,7382106,380,35.05,0.0235,0.005705
2024-02-17,KO,Consumer,69.32,71.03,0.024602,3538857,260,31.59,0.0199,0.005705
2024-02-19,AAPL,Technology,208.07,212.15,0.019629,6944249,2800,10.84,0.022,0.01264
2024-02-19,MSFT,Technology,427.26,426.83,-0.001015,3906172,2900,16.29,0.0334,0.01264
2024-02-19,JNJ,Healthcare,158.54,158.17,-0.002334,9380831,380,18.56,0.0146,0.01264
2024-02-19,PFE,Healthcare,27.41,28.14,0.026759,3960993,160,10.62,0.0123,0.01264
2024-02-19,JPM,Financials,156.24,158.4,0.013823,5932167,540,12.7,0.0214,0.01264
2024-02-19,BAC,Financials,35.33,35.91,0.0164,6666111,260,26.71,0.006,0.01264
2024-02-19,XOM,Energy,98.41,96.08,-0.023647,5961747,450,12.77,0.0347,0.01264
2024-02-19,CVX,Energy,167.32,169.63,0.013788,1568593,300,21.78,0.0071,0.01264
2024-02-19,PG,Consumer,157.75,160.28,0.016018,1580565,380,25.37,0.0157,0.01264
2024-02-19,KO,Consumer,71.03,71.87,0.01185,5848032,260,22.76,0.0318,0.01264
2024-02-20,AAPL,Technology,212.15,214.93,0.01312,2912244,2800,18.91,0.0052,-0.002454
2024-02-20,MSFT,Technology,426.83,415.13,-0.027405,1998790,2900,22.9,0.0105,-0.002454
2024-02-20,JNJ,Healthcare,158.17,158.98,0.005138,2896856,380,16.51,0.0084,-0.002454
2024-02-20,PFE,Healthcare,28.14,27.23,-0.032328,1422403,160,13.17,0.0094,-0.002454
2024-02-20,JPM,Financials,158.4,158.81,0.002593,6577708,540,11.54,0.0102,-0.002454
2024-02-20,BAC,Financials,35.91,36.32,0.01144,4351314,260,29.8,0.0215,-0.002454
2024-02-20,XOM,Energy,96.08,98.08,0.02084,4196371,450,18.21,0.0236,-0.002454
2024-02-20,CVX,Energy,169.63,169.24,-0.002301,1458282,300,27.84,0.0183,-0.002454
2024-02-20,PG,Consumer,160.28,158.93,-0.008406,1684533,380,25.4,0.025,-0.002454
2024-02-20,KO,Consumer,71.87,72.53,0.009126,8928407,260,15.52,0.016,-0.002454
2024-02-22,AAPL,Technology,214.93,219.55,0.021476,6797389,2800,,0.0275,0.009957
2024-02-22,MSFT,Technology,415.13,425.48,0.024944,5996592,2900,25.29,0.0158,0.009957
2024-02-22,JNJ,Healthcare,158.98,161.16,0.0137,5383861,380,24.96,0.0104,0.009957
2024-02-22,PFE,Healthcare,27.23,27.5,0.009737,7038161,160,12.27,0,0.009957
2024-02-22,JPM,Financials,158.81,157.25,-0.009807,2513832,540,16.1,0.0216,0.009957
2024-02-22,BAC,Financials,36.32,37.29,0.0267,4777579,260,22.21,0.0026,0.009957
2024-02-22,XOM,Energy,98.08,99.8,0.017552,6213060,450,11.84,0.0187,0.009957
2024-02-22,CVX,Energy,169.24,169.05,-0.001134,5230943,300,16.43,0.0212,0.009957
2024-02-22,PG,Consumer,158.93,159.65,0.004561,3800560,380,25.25,0.0298,0.009957
2024-02-22,KO,Consumer,72.53,74.75,0.030638,4085150,260,8.13,0.0261,0.009957
2024-02-23,AAPL,Technology,219.55,221.01,0.006647,7300651,2800,22.0,0.0068,0.00687
2024-02-23,MSFT,Technology,425.48,420.75,-0.011119,4001152,2900,11.81,0.0064,0.00687
2024-02-23,JNJ,Healthcare,161.16,164.07,0.018079,5423224,380,22.21,0.037,0.00687
2024-02-23,PFE,Healthcare,27.5,27.97,0.017208,4544334,160,29.14,0.033,0.00687
2024-02-23,JPM,Financials,157.25,161.5,0.027022,3963917,540,20.63,0.0276,0.00687
2024-02-23,BAC,Financials,37.29,37.89,0.016207,2565399,260,37.58,0.0101,0.00687
2024-02-23,XOM,Energy,99.8,102.51,0.02711,1458267,450,28.54,0.0272,0.00687
2024-02-23,CVX,Energy,169.05,168.17,-0.005213,5001732,300,18.39,0.0464,0.00687
2024-02-23,PG,Consumer,159.65,161.71,0.012911,5242360,380,30.51,0.0373,0.00687
2024-02-23,KO,Consumer,74.75,74.67,-0.001106,5444593,260,15.92,0.0329,0.00687
2024-02-25,AAPL,Technology,221.01,210.58,-0.047211,2750643,2800,25.15,0.0084,-0.023567
2024-02-25,MSFT,Technology,420.75,415.69,-0.012034,1313698,2900,18.71,0.0208,-0.023567
2024-02-25,JNJ,Healthcare,164.07,155.45,-0.052515,3522701,380,24.08,0.0139,-0.023567
2024-02-25,PFE,Healthcare,27.97,27.57,-0.014166,2522530,160,20.69,0.0111,-0.023567
2024-02-25,JPM,Financials,161.5,158.29,-0.01989,3516312,540,26.67,0.0404,-0.023567
2024-02-25,BAC,Financials,37.89,36.42,-0.038683,5491019,260,21.81,0.0332,-0.023567
2024-02-25,XOM,Energy,102.51,100.2,-0.022488,4529283,450,22.12,0.0138,-0.023567
2024-02-25,CVX,Energy,168.17,162.72,-0.032421,5243225,300,12.79,0.03,-0.023567
2024-02-25,PG,Consumer,161.71,165.54,0.023695,7321793,380,14.63,0.0257,-0.023567
2024-02-25,KO,Consumer,74.67,72.68,-0.026634,5128860,260,22.64,0.0293,-0.023567
2024-02-26,AAPL,Technology,210.58,206.33,-0.020171,4458539,2800,14.89,0.0096,0.004414
2024-02-26,MSFT,Technology,415.69,426.63,0.026325,8635154,2900,10.1,0.0381,0.004414
2024-02-26,JNJ,Healthcare,155.45,156.25,0.005136,7126073,380,18.78,0.0136,0.004414
2024-02-26,PFE,Healthcare,27.57,27.74,0.00609,4930515,160,13.06,0.0128,0.004414
2024-02-26,JPM,Financials,158.29,159.42,0.007167,5460071,540,22.22,0.0132,0.004414
2024-02-26,BAC,Financials,36.42,35.71,-0.019512,4460708,260,12.98,0.0212,0.004414
2024-02-26,XOM,Energy,100.2,101.98,0.017723,8117243,450,19.73,0.0321,0.004414
2024-02-26,CVX,Energy,162.72,168.72,0.036876,4032307,300,7.59,0.0249,0.004414
2024-02-26,PG,Consumer,165.54,167.22,0.010145,5662138,380,30.05,0.0335,0.004414
2024-02-26,KO,Consumer,72.68,71.78,-0.012337,2138558,260,12.87,0.0327,0.004414
2024-02-27,AAPL,Technology,206.33,210.67,0.021024,8157854,2800,17.24,0.0307,0.002404
2024-02-27,MSFT,Technology,426.63,432.72,0.014272,4814484,2900,25.4,0.017,0.002404
2024-02-27,JNJ,Healthcare,156.25,159.27,0.019332,3463011,380,14.92,0.0265,0.002404
2024-02-27,PFE,Healthcare,27.74,27.68,-0.002233,5448388,160,24.51,0.0127,0.002404
2024-02-27,JPM,Financials,159.42,158.48,-0.005896,6525773,540,35.08,0.0062,0.002404
2024-02-27,BAC,Financials,35.71,35.9,0.005217,6195659,260,30.73,0.03,0.002404
2024-02-27,XOM,Energy,101.98,100.56,-0.01393,3460673,450,24.63,0.0257,0.002404
2024-02-27,CVX,Energy,168.72,167.21,-0.00892,8761313,300,33.21,0.025,0.002404
2024-02-27,PG,Consumer,167.22,168.4,0.007083,5330572,380,21.32,0.0128,0.002404
2024-02-27,KO,Consumer,71.78,71.24,-0.007462,4816172,260,5,0.0365,0.002404
2024-02-29,AAPL,Technology,210.67,211.14,0.002222,4580435,2800,22.88,0.0244,0.012742
2024-02-29,MSFT,Technology,432.72,437.28,0.010539,3166822,2900,10.21,0.0386,0.012742
2024-02-29,JNJ,Healthcare,159.27,162.23,0.018605,4838433,380,18.24,0.0291,0.012742
2024-02-29,PFE,Healthcare,27.68,28.55,0.031477,5114481,160,17.91,0.0018,0.012742
2024-02-29,JPM,Financials,158.48,161.76,0.0207,5613825,540,14.1,0.019,0.012742
2024-02-29,BAC,Financials,35.9,36.16,0.007372,7442570,260,32.43,0.0358,0.012742
2024-02-29,XOM,Energy,100.56,103.01,0.02439,6276667,450,26.96,0.0462,0.012742
2024-02-29,CVX,Energy,167.21,178.0,0.064546,10110371,300,9.32,0.0235,0.012742
2024-02-29,PG,Consumer,168.4,169.12,0.004293,2322127,380,20.01,0.011,0.012742
2024-02-29,KO,Consumer,71.24,72.92,0.023549,5988781,260,22.04,0.0088,0.012742
2024-03-01,AAPL,Technology,211.14,209.56,-0.007496,5821157,2800,24.6,0.0025,-0.013893
2024-03-01,MSFT,Technology,437.28,422.6,-0.03357,6091784,2900,38.04,0.0404,-0.013893
2024-03-01,JNJ,Healthcare,162.23,161.04,-0.007319,4760872,380,8.01,0.029,-0.013893
2024-03-01,PFE,Healthcare,28.55,27.9,-0.022727,5020411,160,27.69,0.0451,-0.013893
2024-03-01,JPM,Financials,161.76,159.54,-0.013724,438441,540,34.9,0.0087,-0.013893
2024-03-01,BAC,Financials,36.16,35.37,-0.021859,4816519,260,32.6,0.0287,-0.013893
2024-03-01,XOM,Energy,103.01,102.64,-0.003565,6275613,450,16.6,0.0255,-0.013893
2024-03-01,CVX,Energy,178.0,173.1,-0.027529,4885971,300,25.71,0.0253,-0.013893
2024-03-01,PG,Consumer,169.12,163.91,-0.03083,7125926,380,23.03,0.0274,-0.013893
2024-03-01,KO,Consumer,72.92,72.89,-0.000471,6819379,260,26.58,0.0187,-0.013893
2024-03-03,AAPL,Technology,209.56,216.69,0.034044,4369144,2800,17.69,0.0207,0.014437
2024-03-03,MSFT,Technology,422.6,424.63,0.004807,6246509,2900,17.3,0.026,0.014437
2024-03-03,JNJ,Healthcare,161.04,161.97,0.005783,5132487,380,17.71,0.0358,0.014437
2024-03-03,PFE,Healthcare,27.9,28.99,0.0392,7117689,160,32.23,0.0161,0.014437
2024-03-03,JPM,Financials,159.54,158.09,-0.009101,3626801,540,12.28,0.0138,0.014437
2024-03-03,BAC,Financials,35.37,36.14,0.021724,8834707,260,24.64,0.0222,0.014437
2024-03-03,XOM,Energy,102.64,101.99,-0.006289,6764013,450,25.9,0.0245,0.014437
2024-03-03,CVX,Energy,173.1,176.23,0.018106,2541753,300,8.43,0.0233,0.014437
2024-03-03,PG,Consumer,163.91,164.81,0.005483,8109906,380,23.46,0.0328,0.014437
2024-03-03,KO,Consumer,72.89,72.42,-0.006415,2799627,260,26.81,0.0218,0.014437
2024-03-04,AAPL,Technology,216.69,227.02,0.047653,6267651,2800,29.78,0.016,0.006552
2024-03-04,MSFT,Technology,424.63,435.85,0.02642,4913271,2900,19.53,0.0167,0.006552
2024-03-04,JNJ,Healthcare,161.97,160.76,-0.007466,6655022,380,25.04,0.0287,0.006552
2024-03-04,PFE,Healthcare,28.99,29.22,0.007831,6942484,160,10.09,0.0065,0.006552
2024-03-04,JPM,Financials,158.09,155.9,-0.013858,3110994,540,19.9,0.0196,0.006552
2024-03-04,BAC,Financials,36.14,36.46,0.008831,5402466,260,19.35,0.0246,0.006552
2024-03-04,XOM,Energy,101.99,103.24,0.012208,2834555,450,16.22,0.023,0.006552
2024-03-04,CVX,Energy,176.23,176.9,0.003775,6320313,300,21.79,0.0059,0.006552
2024-03-04,PG,Consumer,164.81,163.94,-0.005307,6818612,380,17.58,0.0215,0.006552
2024-03-04,KO,Consumer,72.42,72.54,0.001619,4366729,260,12.24,0.012,0.006552
2024-03-06,AAPL,Technology,227.02,221.66,-0.023608,4610092,2800,24.39,0.0214,-0.010518
2024-03-06,MSFT,Technology,435.85,450.61,0.033867,5588931,2900,33.81,0.0198,-0.010518
2024-03-06,JNJ,Healthcare,160.76,160.73,-0.000166,2907600,380,19.64,0.0178,-0.010518
2024-03-06,PFE,Healthcare,29.22,29.69,0.016045,4104875,160,20.47,0.0405,-0.010518
2024-03-06,JPM,Financials,155.9,153.66,-0.014399,100000,540,17.31,0.0127,-0.010518
2024-03-06,BAC,Financials,36.46,35.47,-0.027108,7996991,260,14.19,0.0354,-0.010518
2024-03-06,XOM,Energy,103.24,102.3,-0.009096,5779466,450,12.38,0.0254,-0.010518
2024-03-06,CVX,Energy,176.9,175.82,-0.006089,2820624,300,17.9,0.0001,-0.010518
2024-03-06,PG,Consumer,163.94,162.02,-0.011735,4737305,380,,0.0402,-0.010518
2024-03-06,KO,Consumer,72.54,70.23,-0.031844,2699657,260,33.24,0.0129,-0.010518
2024-03-07,AAPL,Technology,221.66,224.48,0.012731,1338669,2800,20.3,0.0089,0.006658
2024-03-07,MSFT,Technology,450.61,456.78,0.013691,6068692,2900,23.15,0.0048,0.006658
2024-03-07,JNJ,Healthcare,160.73,160.65,-0.000483,7775966,380,33.74,0.0241,0.006658
2024-03-07,PFE,Healthcare,29.69,29.84,0.005037,2997756,160,24.31,0.0202,0.006658
2024-03-07,JPM,Financials,153.66,154.74,0.007031,6931518,540,15.63,0.0168,0.006658
2024-03-07,BAC,Financials,35.47,35.31,-0.004457,7238417,260,26.52,0.0177,0.006658
2024-03-07,XOM,Energy,102.3,103.69,0.01359,4785239,450,22.55,0.0236,0.006658
2024-03-07,CVX,Energy,175.82,174.11,-0.009719,2718626,300,36.95,0.0235,0.006658
2024-03-07,PG,Consumer,162.02,161.11,-0.005598,5731605,380,23.43,0.0041,0.006658
2024-03-07,KO,Consumer,70.23,71.71,0.021015,2375983,260,33.36,0.0231,0.006658
2024-03-09,AAPL,Technology,224.48,223.91,-0.00253,8164888,2800,30.73,0.0071,0.00119
2024-03-09,MSFT,Technology,456.78,454.72,-0.004516,5333412,2900,17.73,0.0227,0.00119
2024-03-09,JNJ,Healthcare,160.65,160.04,-0.003774,5975672,380,26.08,0.0413,0.00119
2024-03-09,PFE,Healthcare,29.84,29.78,-0.002065,3477230,160,31.5,0.0252,0.00119
2024-03-09,JPM,Financials,154.74,155.92,0.007639,2952750,540,7.95,0.0262,0.00119
2024-03-09,BAC,Financials,35.31,35.73,0.011776,3225335,260,12.8,0.0085,0.00119
2024-03-09,XOM,Energy,103.69,103.05,-0.006137,4393151,450,13.82,0.0099,0.00119
2024-03-09,CVX,Energy,174.11,177.99,0.022304,7747184,300,24.26,0.0222,0.00119
2024-03-09,PG,Consumer,161.11,161.81,0.004361,5729484,380,16.83,0.028,0.00119
2024-03-09,KO,Consumer,71.71,70.09,-0.022554,5712203,260,32.61,0.0123,0.00119
2024-03-10,AAPL,Technology,223.91,227.92,0.017894,10896734,2800,14.31,0.0341,-9.5e-05
2024-03-10,MSFT,Technology,454.72,449.61,-0.011248,2197167,2900,25.86,0.0247,-9.5e-05
2024-03-10,JNJ,Healthcare,160.04,158.13,-0.011909,3269242,380,16.29,0.0195,-9.5e-05
2024-03-10,PFE,Healthcare,29.78,29.44,-0.011523,6450214,160,12.32,0.0058,-9.5e-05
2024-03-10,JPM,Financials,155.92,153.46,-0.015809,4107440,540,17.46,0.0432,-9.5e-05
2024-03-10,BAC,Financials,35.73,36.92,0.03333,7426941,260,35.15,0.024,-9.5e-05
2024-03-10,XOM,Energy,103.05,102.27,-0.007529,6120092,450,26.37,0.0294,-9.5e-05
2024-03-10,CVX,Energy,177.99,179.17,0.006654,10646735,300,13.33,,-9.5e-05
2024-03-10,PG,Consumer,161.81,163.03,0.007529,4208699,380,30.01,0.0108,-9.5e-05
2024-03-10,KO,Consumer,70.09,67.82,-0.032334,1044851,260,11.42,0.0152,-9.5e-05
2024-03-12,AAPL,Technology,227.92,226.01,-0.008364,6777363,2800,15.0,0.0068,-0.002535
2024-03-12,MSFT,Technology,449.61,430.67,-0.042135,5138612,2900,27.16,0.0232,-0.002535
2024-03-12,JNJ,Healthcare,158.13,156.61,-0.009586,6452715,380,21.98,0.0266,-0.002535
2024-03-12,PFE,Healthcare,29.44,29.53,0.003089,6138480,160,18.32,0.0144,-0.002535
2024-03-12,JPM,Financials,153.46,151.43,-0.013257,8095298,540,16.38,0.0241,-0.002535
2024-03-12,BAC,Financials,36.92,36.34,-0.015831,3230298,260,20.19,0.0302,-0.002535
2024-03-12,XOM,Energy,102.27,101.73,-0.005297,5811548,450,27.16,0.0114,-0.002535
2024-03-12,CVX,Energy,179.17,179.77,0.00337,3568912,300,25.51,0.0349,-0.002535
2024-03-12,PG,Consumer,163.03,160.03,-0.01842,4073977,380,32.9,0.0233,-0.002535
2024-03-12,KO,Consumer,67.82,66.83,-0.014624,4365702,260,26.09,0.0107,-0.002535
2024-03-13,AAPL,Technology,226.01,219.69,-0.027971,2722591,2800,30.83,0.026,-0.015719
2024-03-13,MSFT,Technology,430.67,423.93,-0.015654,6339652,2900,21.11,0.0207,-0.015719
2024-03-13,JNJ,Healthcare,156.61,156.86,0.001573,6544204,380,15.62,0.0244,-0.015719
2024-03-13,PFE,Healthcare,29.53,28.51,-0.034401,4384310,160,23.83,0.0399,-0.015719
2024-03-13,JPM,Financials,151.43,151.25,-0.001173,5034340,540,12.43,0.0118,-0.015719
2024-03-13,BAC,Financials,36.34,36.52,0.004838,1797958,260,32.01,0.0256,-0.015719
2024-03-13,XOM,Energy,101.73,99.24,-0.024496,3909621,450,28.5,0.019,-0.015719
2024-03-13,CVX,Energy,179.77,181.3,0.00849,2379119,300,27.96,0.0159,-0.015719
2024-03-13,PG,Consumer,160.03,155.31,-0.029497,7374076,380,12.57,0.0226,-0.015719
2024-03-13,KO,Consumer,66.83,67.49,0.009917,3898502,260,33.78,0.0174,-0.015719
2024-03-15,AAPL,Technology,219.69,219.83,0.000635,3476887,2800,30.12,0.0245,0.003326
2024-03-15,MSFT,Technology,423.93,425.5,0.003697,5868176,2900,35.99,0.0161,0.003326
2024-03-15,JNJ,Healthcare,156.86,161.08,0.026901,4525762,380,33.95,0.0174,0.003326
2024-03-15,PFE,Healthcare,28.51,27.82,-0.024122,8418920,160,22.98,0.0092,0.003326
2024-03-15,JPM,Financials,151.25,150.92,-0.002168,4542247,540,31.57,0.0088,0.003326
2024-03-15,BAC,Financials,36.52,36.99,0.012897,6223578,260,34.64,0.0207,0.003326
2024-03-15,XOM,Energy,99.24,100.55,0.01316,7712202,450,35.15,0.0156,0.003326
2024-03-15,CVX,Energy,181.3,178.93,-0.013058,3346324,300,34.77,0.0115,0.003326
2024-03-15,PG,Consumer,155.31,151.68,-0.023383,4133540,380,20.52,0.0353,0.003326
2024-03-15,KO,Consumer,67.49,67.51,0.000279,6939265,260,20.06,0.0142,0.003326
2024-03-16,AAPL,Technology,219.83,221.76,0.00878,4461085,2800,12.14,0.0308,0.026491
2024-03-16,MSFT,Technology,425.5,432.32,0.016018,4607076,2900,34.54,0.0199,0.026491
2024-03-16,JNJ,Healthcare,161.08,163.46,0.014799,5240993,380,32.12,0.0253,0.026491
2024-03-16,PFE,Healthcare,27.82,28.51,0.024635,1968063,160,34.81,0.0071,0.026491
2024-03-16,JPM,Financials,150.92,159.17,0.054684,2484988,540,14.43,0.0235,0.026491
2024-03-16,BAC,Financials,36.99,38.61,0.043831,7155286,260,11.29,0.0275,0.026491
2024-03-16,XOM,Energy,100.55,102.41,0.018506,10582189,450,24.13,0.0348,0.026491
2024-03-16,CVX,Energy,178.93,182.81,0.021666,1730795,300,14.74,0.0049,0.026491
2024-03-16,PG,Consumer,151.68,154.59,0.019181,2719186,380,15.47,0.0342,0.026491
2024-03-16,KO,Consumer,67.51,70.67,0.046846,5205122,260,29.76,0.0245,0.026491
2024-03-17,AAPL,Technology,221.76,216.87,-0.022043,2724166,2800,22.12,0.025,0.007029
2024-03-17,MSFT,Technology,432.32,430.98,-0.003102,6103108,2900,22.49,0.0365,0.007029
2024-03-17,JNJ,Healthcare,163.46,165.08,0.009937,8924408,380,19.1,0.0098,0.007029
2024-03-17,PFE,Healthcare,28.51,29.01,0.017522,5407565,160,27.02,0.0384,0.007029
2024-03-17,JPM,Financials,159.17,157.25,-0.012047,6376374,540,26.24,0.027,0.007029
2024-03-17,BAC,Financials,38.61,38.17,-0.011516,7587566,260,25.55,0.0136,0.007029
2024-03-17,XOM,Energy,102.41,104.98,0.025086,8039003,450,29.26,0.01,0.007029
2024-03-17,CVX,Energy,182.81,183.62,0.004417,4190688,300,29.99,0.0154,0.007029
2024-03-17,PG,Consumer,154.59,157.27,0.017341,5663768,380,30.17,0.0339,0.007029
2024-03-17,KO,Consumer,70.67,69.56,-0.015737,4829390,260,27.88,0.0093,0.007029
2024-03-19,AAPL,Technology,216.87,218.55,0.007737,3197709,2800,45.45,0.0092,-0.017661
2024-03-19,MSFT,Technology,430.98,421.47,-0.022064,7211813,2900,18.78,0.0337,-0.017661
2024-03-19,JNJ,Healthcare,165.08,163.82,-0.00765,4499827,380,11.3,0.0379,-0.017661
2024-03-19,PFE,Healthcare,29.01,28.44,-0.019521,4442309,160,8.55,0.0147,-0.017661
2024-03-19,JPM,Financials,157.25,157.72,0.003,6087199,540,18.65,0.0341,-0.017661
2024-03-19,BAC,Financials,38.17,37.4,-0.020148,5822197,260,24.15,0.0062,-0.017661
2024-03-19,XOM,Energy,104.98,100.54,-0.042306,5654235,450,18.14,0.0256,-0.017661
2024-03-19,CVX,Energy,183.62,181.56,-0.011199,6232197,300,8.49,0.0246,-0.017661
2024-03-19,PG,Consumer,157.27,154.55,-0.017321,6062195,380,24.99,0.0129,-0.017661
2024-03-19,KO,Consumer,69.56,68.84,-0.010327,5518157,260,25.33,0.0365,-0.017661
2024-03-20,AAPL,Technology,218.55,218.79,0.001091,3779721,2800,19.58,0.0235,-0.006626
2024-03-20,MSFT,Technology,421.47,424.44,0.007057,2718469,2900,27.55,0.0282,-0.006626
2024-03-20,JNJ,Healthcare,163.82,161.6,-0.01355,2984676,380,17.98,0.0173,-0.006626
2024-03-20,PFE,Healthcare,28.44,29.01,0.019879,798968,160,12.54,0.0141,-0.006626
2024-03-20,JPM,Financials,157.72,156.96,-0.004829,6122547,540,26.06,0.0148,-0.006626
2024-03-20,BAC,Financials,37.4,37.58,0.004901,6978302,260,13.37,0.0267,-0.006626
2024-03-20,XOM,Energy,100.54,100.06,-0.004802,656962,450,21.57,0.0102,-0.006626
2024-03-20,CVX,Energy,181.56,182.82,0.006955,6311834,300,30.16,0.018,-0.006626
2024-03-20,PG,Consumer,154.55,155.02,0.003014,4808835,380,27.22,0.0274,-0.006626
2024-03-20,KO,Consumer,68.84,67.62,-0.017744,7447154,260,17.68,0.0153,-0.006626
2024-03-22,AAPL,Technology,218.79,217.33,-0.006676,5584252,2800,19.32,0.0326,-0.000975
2024-03-22,MSFT,Technology,424.44,424.45,2.2e-05,9806792,2900,35.35,0.019,-0.000975
2024-03-22,JNJ,Healthcare,161.6,164.11,0.015517,4390771,380,18.53,0.024,-0.000975
2024-03-22,PFE,Healthcare,29.01,29.03,0.000732,5643539,160,23.85,0.0259,-0.000975
2024-03-22,JPM,Financials,156.96,157.72,0.00483,4088042,540,13.48,0.0376,-0.000975
2024-03-22,BAC,Financials,37.58,36.48,-0.029159,3090300,260,36.79,0.0314,-0.000975
2024-03-22,XOM,Energy,100.06,99.38,-0.006772,3236740,450,32.79,0.0241,-0.000975
2024-03-22,CVX,Energy,182.82,180.13,-0.014702,2170594,300,18.17,0.0182,-0.000975
2024-03-22,PG,Consumer,155.02,150.59,-0.028595,6604577,380,31.26,0.0316,-0.000975
2024-03-22,KO,Consumer,67.62,67.33,-0.004324,5605819,260,21.95,0.0155,-0.000975
2024-03-23,AAPL,Technology,217.33,220.52,0.014686,5218610,2800,34.29,0.0229,0.012686
2024-03-23,MSFT,Technology,424.45,431.95,0.017677,6329256,2900,18.1,0.02,0.012686
2024-03-23,JNJ,Healthcare,164.11,171.24,0.043436,3693008,380,27.87,0.0262,0.012686
2024-03-23,PFE,Healthcare,29.03,29.09,0.001926,5479400,160,22.51,0.0154,0.012686
2024-03-23,JPM,Financials,157.72,160.01,0.014488,4656909,540,17.75,0.0066,0.012686
2024-03-23,BAC,Financials,36.48,37.54,0.029179,2881055,260,5,0.0208,0.012686
2024-03-23,XOM,Energy,99.38,99.8,0.004207,1489301,450,27.65,0.0067,0.012686
2024-03-23,CVX,Energy,180.13,181.57,0.007972,6020587,300,6.95,0.0251,0.012686
2024-03-23,PG,Consumer,150.59,152.6,0.01336,5973321,380,25.45,0.0156,0.012686
2024-03-23,KO,Consumer,67.33,68.62,0.019227,2474289,260,28.48,0.0219,0.012686
2024-03-25,AAPL,Technology,220.52,223.48,0.013401,5977819,2800,23.72,0.0417,0.002399
2024-03-25,MSFT,Technology,431.95,434.84,0.006691,4104370,2900,22.69,0.0081,0.002399
2024-03-25,JNJ,Healthcare,171.24,171.72,0.002817,5026819,380,18.33,0.0247,0.002399
2024-03-25,PFE,Healthcare,29.09,29.54,0.015436,127289,160,10.03,0.0197,0.002399
2024-03-25,JPM,Financials,160.01,158.01,-0.01251,6937061,540,26.71,0.0309,0.002399
2024-03-25,BAC,Financials,37.54,38.06,0.013969,7031710,260,34.87,0.0116,0.002399
2024-03-25,XOM,Energy,99.8,100.31,0.005119,5741957,450,5.6,0.0281,0.002399
2024-03-25,CVX,Energy,181.57,183.58,0.011061,5953573,300,29.75,0.0151,0.002399
2024-03-25,PG,Consumer,152.6,154.1,0.009846,5716921,380,,0.0016,0.002399
2024-03-25,KO,Consumer,68.62,68.14,-0.006926,100000,260,19.92,0.0173,0.002399
2024-03-26,AAPL,Technology,223.48,224.79,0.005883,3997668,2800,23.59,,0.011975
2024-03-26,MSFT,Technology,434.84,444.65,0.022559,4335654,2900,18.08,0.0055,0.011975
2024-03-26,JNJ,Healthcare,171.72,176.89,0.030107,3657738,380,34.72,0.0217,0.011975
2024-03-26,PFE,Healthcare,29.54,29.64,0.003377,4597284,160,11.6,0.0307,0.011975
2024-03-26,JPM,Financials,158.01,156.46,-0.009836,7238981,540,15.19,0.0251,0.011975
2024-03-26,BAC,Financials,38.06,38.84,0.020547,6190382,260,30.45,0.0245,0.011975
2024-03-26,XOM,Energy,100.31,99.68,-0.006292,6061637,450,5,0.0161,0.011975
2024-03-26,CVX,Energy,183.58,187.05,0.0189,5040384,300,14.58,0,0.011975
2024-03-26,PG,Consumer,154.1,157.67,0.023191,5045828,380,6.16,0.0082,0.011975
2024-03-26,KO,Consumer,68.14,69.43,0.018986,3684756,260,26.7,0.0122,0.011975
2024-03-28,AAPL,Technology,224.79,225.79,0.004441,6239821,2800,37.58,0.0211,0.006726
2024-03-28,MSFT,Technology,444.65,445.33,0.001535,7392216,2900,33.86,0.0291,0.006726
2024-03-28,JNJ,Healthcare,176.89,178.36,0.00831,477046,380,18.88,0.0161,0.006726
2024-03-28,PFE,Healthcare,29.64,30.04,0.01344,5025542,160,25.07,0.0153,0.006726
2024-03-28,JPM,Financials,156.46,160.56,0.026211,1248336,540,27.44,0.0491,0.006726
2024-03-28,BAC,Financials,38.84,38.78,-0.001576,5302903,260,27.65,0.0147,0.006726
2024-03-28,XOM,Energy,99.68,100.84,0.011631,5121697,450,20.77,0.0419,0.006726
2024-03-28,CVX,Energy,187.05,188.0,0.005078,3559037,300,17.61,0.0361,0.006726
2024-03-28,PG,Consumer,157.67,154.6,-0.01949,2250915,380,8.93,0.0226,0.006726
2024-03-28,KO,Consumer,69.43,70.74,0.018906,5569586,260,29.2,0.0424,0.006726
2024-03-29,AAPL,Technology,225.79,231.2,0.023947,5466182,2800,20.51,0.0405,-0.005104
2024-03-29,MSFT,Technology,445.33,442.64,-0.006037,7209153,2900,22.41,0.0209,-0.005104
2024-03-29,JNJ,Healthcare,178.36,176.75,-0.009034,9038779,380,15.63,0.0075,-0.005104
2024-03-29,PFE,Healthcare,30.04,28.7,-0.044604,5318304,160,16.43,0.0157,-0.005104
2024-03-29,JPM,Financials,160.56,156.3,-0.026552,793363,540,17.63,0.0184,-0.005104
2024-03-29,BAC,Financials,38.78,38.49,-0.007593,7547272,260,29.78,0.0231,-0.005104
2024-03-29,XOM,Energy,100.84,101.92,0.010738,5693082,450,35.58,0.0259,-0.005104
2024-03-29,CVX,Energy,188.0,183.63,-0.023266,4899421,300,17.85,0.0008,-0.005104
2024-03-29,PG,Consumer,154.6,151.29,-0.021427,7045367,380,19.56,0.0211,-0.005104
2024-03-29,KO,Consumer,70.74,70.93,0.002641,3370564,260,22.87,0.0194,-0.005104
2024-03-31,AAPL,Technology,231.2,237.56,0.027495,100000,2800,10.25,0.0231,0.009544
2024-03-31,MSFT,Technology,442.64,460.93,0.04133,5257271,2900,25.37,0.0289,0.009544
2024-03-31,JNJ,Healthcare,176.75,182.15,0.030555,3579942,380,22.45,0.0263,0.009544
2024-03-31,PFE,Healthcare,28.7,28.95,0.008646,6877554,160,30.26,0.0084,0.009544
2024-03-31,JPM,Financials,156.3,155.74,-0.003598,3588785,540,40.67,0.0006,0.009544
2024-03-31,BAC,Financials,38.49,39.66,0.03031,5402880,260,7.53,0.0065,0.009544
2024-03-31,XOM,Energy,101.92,102.37,0.004415,4921820,450,26.57,0.0282,0.009544
2024-03-31,CVX,Energy,183.63,186.86,0.01761,4952497,300,21.35,0.0135,0.009544
2024-03-31,PG,Consumer,151.29,151.23,-0.00037,3502730,380,28.17,0.0174,0.009544
2024-03-31,KO,Consumer,70.93,71.79,0.01215,2468208,260,19.08,0.0075,0.009544
2024-04-01,AAPL,Technology,237.56,235.18,-0.009999,3223347,2800,28.21,0.011,0.008317
2024-04-01,MSFT,Technology,460.93,450.77,-0.022032,4925450,2900,21.68,0.0176,0.008317
2024-04-01,JNJ,Healthcare,182.15,180.92,-0.006759,7352754,380,20.76,0.0143,0.008317
2024-04-01,PFE,Healthcare,28.95,29.09,0.004825,7323078,160,29.35,0.017,0.008317
2024-04-01,JPM,Financials,155.74,155.39,-0.002223,7069764,540,31.86,0.0251,0.008317
2024-04-01,BAC,Financials,39.66,39.31,-0.008745,3987164,260,27.61,0.0103,0.008317
2024-04-01,XOM,Energy,102.37,104.83,0.024026,4304186,450,34.01,0.0271,0.008317
2024-04-01,CVX,Energy,186.86,183.41,-0.01847,8523632,300,21.13,0.005,0.008317
2024-04-01,PG,Consumer,151.23,150.33,-0.005969,8476874,380,19.96,0.0142,0.008317
2024-04-01,KO,Consumer,71.79,72.63,0.011735,8543267,260,26.48,0.0277,0.008317
2024-04-02,AAPL,Technology,235.18,235.49,0.001307,7128124,2800,18.77,0.0402,0.014724
2024-04-02,MSFT,Technology,450.77,467.28,0.03662,9228183,2900,5,0.0122,0.014724
2024-04-02,JNJ,Healthcare,180.92,177.87,-0.016851,5036597,380,18.79,0.0168,0.014724
2024-04-02,PFE,Healthcare,29.09,29.16,0.002283,4249188,160,17.41,0.0166,0.014724
2024-04-02,JPM,Financials,155.39,160.75,0.034484,1912448,540,16.33,0.0381,0.014724
2024-04-02,BAC,Financials,39.31,39.82,0.012914,5554862,260,23.3,0.0261,0.014724
2024-04-02,XOM,Energy,104.83,105.44,0.005807,5748430,450,28.25,0.0354,0.014724
2024-04-02,CVX,Energy,183.41,188.55,0.028041,4579757,300,24.8,,0.014724
2024-04-02,PG,Consumer,150.33,153.16,0.018805,7891241,380,21.77,0.007,0.014724
2024-04-02,KO,Consumer,72.63,75.24,0.035999,5290242,260,19.84,0.0123,0.014724
2024-04-04,AAPL,Technology,235.49,241.98,0.027565,3198111,2800,27.07,0.0243,0.007492
2024-04-04,MSFT,Technology,467.28,465.74,-0.003293,3953357,2900,31.76,0.0273,0.007492
2024-04-04,JNJ,Healthcare,177.87,175.74,-0.011952,5938131,380,15.29,0.0203,0.007492
2024-04-04,PFE,Healthcare,29.16,29.23,0.002344,3969898,160,17.59,0.0085,0.007492
2024-04-04,JPM,Financials,160.75,161.72,0.006052,4620797,540,29.68,0.0203,0.007492
2024-04-04,BAC,Financials,39.82,40.93,0.027754,9012782,260,5,0.0109,0.007492
2024-04-04,XOM,Energy,105.44,106.37,0.008823,7719160,450,28.55,0.0184,0.007492
2024-04-04,CVX,Energy,188.55,189.0,0.00237,5635240,300,34.08,0.024,0.007492
2024-04-04,PG,Consumer,153.16,152.35,-0.005293,3818684,380,19.11,0.0026,0.007492
2024-04-04,KO,Consumer,75.24,75.15,-0.001173,3923700,260,26.24,0.0216,0.007492
2024-04-05,AAPL,Technology,241.98,244.82,0.011748,3939900,2800,33.87,0.0049,-0.005119
2024-04-05,MSFT,Technology,465.74,463.72,-0.004332,3713782,2900,25.78,0.0211,-0.005119
2024-04-05,JNJ,Healthcare,175.74,174.41,-0.007558,3655721,380,5,0.0102,-0.005119
2024-04-05,PFE,Healthcare,29.23,28.44,-0.026944,4155983,160,22.45,0.0157,-0.005119
2024-04-05,JPM,Financials,161.72,162.23,0.003136,6553601,540,16.73,0.0259,-0.005119
2024-04-05,BAC,Financials,40.93,40.57,-0.008797,100000,260,29.4,0.0249,-0.005119
2024-04-05,XOM,Energy,106.37,108.86,0.023374,8570745,450,36.56,0.0302,-0.005119
2024-04-05,CVX,Energy,189.0,187.14,-0.009833,6574145,300,14.3,0.007,-0.005119
2024-04-05,PG,Consumer,152.35,147.39,-0.032576,4368411,380,29.84,0.0225,-0.005119
2024-04-05,KO,Consumer,75.15,75.23,0.001062,4287328,260,15.96,0.0149,-0.005119
2024-04-07,AAPL,Technology,244.82,240.56,-0.017401,5083413,2800,30.12,0.0223,-0.015071
2024-04-07,MSFT,Technology,463.72,459.1,-0.009969,3868246,2900,20.4,0.0114,-0.015071
2024-04-07,JNJ,Healthcare,174.41,174.12,-0.001636,4031491,380,20.91,0.0199,-0.015071
2024-04-07,PFE,Healthcare,28.44,27.76,-0.023863,972406,160,19.84,0.0176,-0.015071
2024-04-07,JPM,Financials,162.23,159.21,-0.018609,7464426,540,14.87,0.0125,-0.015071
2024-04-07,BAC,Financials,40.57,39.85,-0.017747,6408384,260,11.28,0.0119,-0.015071
2024-04-07,XOM,Energy,108.86,105.44,-0.031437,3384454,450,23.5,0.0251,-0.015071
2024-04-07,CVX,Energy,187.14,180.07,-0.037756,6351878,300,23.65,0.0329,-0.015071
2024-04-07,PG,Consumer,147.39,146.1,-0.008755,3570604,380,35.17,0.015,-0.015071
2024-04-07,KO,Consumer,75.23,73.88,-0.017949,4250821,260,17.58,0.017,-0.015071
2024-04-08,AAPL,Technology,240.56,245.23,0.019404,5474808,2800,22.33,0.0147,0.016344
2024-04-08,MSFT,Technology,459.1,461.57,0.005384,2293141,2900,21.27,0.0239,0.016344
2024-04-08,JNJ,Healthcare,174.12,176.71,0.01488,6541579,380,26.69,0.02,0.016344
2024-04-08,PFE,Healthcare,27.76,28.11,0.01274,3592608,160,22.81,0.0034,0.016344
2024-04-08,JPM,Financials,159.21,164.13,0.03091,8555508,540,27.86,0.0101,0.016344
2024-04-08,BAC,Financials,39.85,40.65,0.020145,3939123,260,16.94,0.0302,0.016344
2024-04-08,XOM,Energy,105.44,107.2,0.01665,3974631,450,9.23,0.0206,0.016344
2024-04-08,CVX,Energy,180.07,184.38,0.023917,3626537,300,19.22,0.0186,0.016344
2024-04-08,PG,Consumer,146.1,150.15,0.027688,3355591,380,18.56,0.0144,0.016344
2024-04-08,KO,Consumer,73.88,75.35,0.019952,4657750,260,20.84,0.0102,0.016344
2024-04-10,AAPL,Technology,245.23,255.46,0.041708,4186418,2800,33.25,0.0072,0.029225
2024-04-10,MSFT,Technology,461.57,483.77,0.0481,3301932,2900,23.52,0.0485,0.029225
2024-04-10,JNJ,Healthcare,176.71,181.0,0.024257,6646373,380,,0.0085,0.029225
2024-04-10,PFE,Healthcare,28.11,28.79,0.024121,7234748,160,22.69,0.0218,0.029225
2024-04-10,JPM,Financials,164.13,169.18,0.030778,1838943,540,17.52,0.0156,0.029225
2024-04-10,BAC,Financials,40.65,42.58,0.047439,4788325,260,28.79,0.0182,0.029225
2024-04-10,XOM,Energy,107.2,111.05,0.03594,7534092,450,22.45,0.0407,0.029225
2024-04-10,CVX,Energy,184.38,184.47,0.000489,8128315,300,24.81,0.0246,0.029225
2024-04-10,PG,Consumer,150.15,152.91,0.018363,4539110,380,26.15,0.0224,0.029225
2024-04-10,KO,Consumer,75.35,77.49,0.028464,4724843,260,17.62,0.0113,0.029225
2024-04-11,AAPL,Technology,255.46,251.9,-0.013922,3438009,2800,23.69,0.0242,0.001327
2024-04-11,MSFT,Technology,483.77,490.83,0.014596,5426644,2900,25.88,0.0028,0.001327
2024-04-11,JNJ,Healthcare,181.0,177.36,-0.020136,5963081,380,16.2,0.0282,0.001327
2024-04-11,PFE,Healthcare,28.79,28.28,-0.017773,6509729,160,21.7,0.0244,0.001327
2024-04-11,JPM,Financials,169.18,170.17,0.005825,4055590,540,38.41,0.0149,0.001327
2024-04-11,BAC,Financials,42.58,42.1,-0.011351,3612657,260,20.16,0.0326,0.001327
2024-04-11,XOM,Energy,111.05,111.19,0.001223,5063718,450,27.46,0.0087,0.001327
2024-04-11,CVX,Energy,184.47,183.53,-0.005095,5244345,300,21.06,0.0215,0.001327
2024-04-11,PG,Consumer,152.91,155.98,0.020064,7268497,380,36.98,0.0198,0.001327
2024-04-11,KO,Consumer,77.49,76.12,-0.017616,6325401,260,12.85,0.0258,0.001327
2024-04-13,AAPL,Technology,251.9,246.65,-0.020836,6250626,2800,19.68,0.0437,0.000558
2024-04-13,MSFT,Technology,490.83,490.82,-2.7e-05,3896683,2900,13.01,0.0104,0.000558
2024-04-13,JNJ,Healthcare,177.36,181.01,0.020582,664431,380,18.47,0.0167,0.000558
2024-04-13,PFE,Healthcare,28.28,28.6,0.011457,9857362,160,28.0,0.0317,0.000558
2024-04-13,JPM,Financials,170.17,166.99,-0.018664,5332441,540,19.58,0.0008,0.000558
2024-04-13,BAC,Financials,42.1,42.08,-0.000443,4058458,260,17.46,0.034,0.000558
2024-04-13,XOM,Energy,111.19,112.97,0.015988,2329338,450,22.45,0.0229,0.000558
2024-04-13,CVX,Energy,183.53,180.44,-0.016827,4930069,300,20.2,0.0221,0.000558
2024-04-13,PG,Consumer,155.98,155.69,-0.001885,5428859,380,16.02,0.0173,0.000558
2024-04-13,KO,Consumer,76.12,73.48,-0.034726,8634299,260,23.9,0.0171,0.000558
2024-04-14,AAPL,Technology,246.65,252.92,0.025432,6185372,2800,34.81,0.0303,-0.016635
2024-04-14,MSFT,Technology,490.82,487.1,-0.007578,163995,2900,9.82,0.0216,-0.016635
2024-04-14,JNJ,Healthcare,181.01,178.43,-0.014259,4289506,380,22.35,0.0357,-0.016635
2024-04-14,PFE,Healthcare,28.6,28.85,0.008698,4569464,160,25.56,0.0087,-0.016635
2024-04-14,JPM,Financials,166.99,159.87,-0.042637,2530753,540,15.73,0.0184,-0.016635
2024-04-14,BAC,Financials,42.08,42.5,0.00998,2786931,260,19.64,0.0193,-0.016635
2024-04-14,XOM,Energy,112.97,110.98,-0.017589,5465253,450,20.48,0.0039,-0.016635
2024-04-14,CVX,Energy,180.44,182.04,0.008866,6247003,300,20.19,0.0302,-0.016635
2024-04-14,PG,Consumer,155.69,152.34,-0.021486,2139624,380,23.5,0.0458,-0.016635
2024-04-14,KO,Consumer,73.48,71.46,-0.027453,6274931,260,16.73,0.0349,-0.016635
2024-04-16,AAPL,Technology,252.92,243.9,-0.035675,8438694,2800,14.0,0.0195,-0.015751
2024-04-16,MSFT,Technology,487.1,488.72,0.003331,5951583,2900,18.78,0.0274,-0.015751
2024-04-16,JNJ,Healthcare,178.43,174.03,-0.024673,1106180,380,24.58,0.0242,-0.015751
2024-04-16,PFE,Healthcare,28.85,27.68,-0.040674,7678104,160,26.93,0.0302,-0.015751
2024-04-16,JPM,Financials,159.87,154.67,-0.03251,5584365,540,24.17,,-0.015751
2024-04-16,BAC,Financials,42.5,41.07,-0.033672,4293222,260,15.92,0.0341,-0.015751
2024-04-16,XOM,Energy,110.98,110.35,-0.005704,3201119,450,5,0.0194,-0.015751
2024-04-16,CVX,Energy,182.04,183.93,0.01039,4450766,300,28.13,0.0217,-0.015751
2024-04-16,PG,Consumer,152.34,147.84,-0.029529,5577527,380,36.8,0.0271,-0.015751
2024-04-16,KO,Consumer,71.46,71.79,0.004635,3227738,260,25.01,0.0229,-0.015751
2024-04-17,AAPL,Technology,243.9,256.15,0.050238,4169188,2800,5,0.0401,0.001668
2024-04-17,MSFT,Technology,488.72,484.75,-0.008118,1569183,2900,21.54,0.0291,0.001668
2024-04-17,JNJ,Healthcare,174.03,175.98,0.011224,3292057,380,22.34,0.0214,0.001668
2024-04-17,PFE,Healthcare,27.68,27.52,-0.005756,5879256,160,7.22,0.0263,0.001668
2024-04-17,JPM,Financials,154.67,155.73,0.006843,6361833,540,22.28,0.016,0.001668
2024-04-17,BAC,Financials,41.07,41.3,0.005481,5271210,260,16.53,0.0104,0.001668
2024-04-17,XOM,Energy,110.35,111.59,0.011256,7471331,450,22.69,0.0235,0.001668
2024-04-17,CVX,Energy,183.93,184.83,0.004894,1503056,300,22.74,,0.001668
2024-04-17,PG,Consumer,147.84,146.65,-0.008031,5246697,380,,0.0289,0.001668
2024-04-17,KO,Consumer,71.79,71.77,-0.000285,3298260,260,27.07,0.0085,0.001668
2024-04-19,AAPL,Technology,256.15,257.52,0.005333,8059134,2800,14.95,0.0057,0.002592
2024-04-19,MSFT,Technology,484.75,497.38,0.026054,4954008,2900,32.87,0.0087,0.002592
2024-04-19,JNJ,Healthcare,175.98,177.7,0.009746,2367200,380,27.81,0.0085,0.002592
2024-04-19,PFE,Healthcare,27.52,27.28,-0.008591,1930078,160,26.36,0.0158,0.002592
2024-04-19,JPM,Financials,155.73,149.82,-0.037941,10087792,540,44.57,0.0296,0.002592
2024-04-19,BAC,Financials,41.3,41.85,0.013334,6229079,260,28.32,0.0094,0.002592
2024-04-19,XOM,Energy,111.59,111.41,-0.001639,5559279,450,19.95,0.0225,0.002592
2024-04-19,CVX,Energy,184.83,186.75,0.010369,4536047,300,24.25,0.0207,0.002592
2024-04-19,PG,Consumer,146.65,147.17,0.003524,1639113,380,17.4,0.0173,0.002592
2024-04-19,KO,Consumer,71.77,71.7,-0.001036,4381119,260,28.44,0.0064,0.002592
2024-04-20,AAPL,Technology,257.52,259.94,0.009404,7528607,2800,39.79,0.002,-0.002867
2024-04-20,MSFT,Technology,497.38,481.99,-0.030935,2574832,2900,10.16,0.0199,-0.002867
2024-04-20,JNJ,Healthcare,177.7,177.42,-0.001599,5486608,380,22.37,0.0237,-0.002867
2024-04-20,PFE,Healthcare,27.28,26.59,-0.02517,3883727,160,20.04,0.012,-0.002867
2024-04-20,JPM,Financials,149.82,151.76,0.012972,6784477,540,26.77,0.0194,-0.002867
2024-04-20,BAC,Financials,41.85,41.6,-0.005988,4010084,260,28.9,0.0238,-0.002867
2024-04-20,XOM,Energy,111.41,110.87,-0.004833,5262193,450,24.81,0.0157,-0.002867
2024-04-20,CVX,Energy,186.75,181.61,-0.027536,11484043,300,23.67,0.0208,-0.002867
2024-04-20,PG,Consumer,147.17,143.14,-0.027409,6158921,380,32.45,0.0228,-0.002867
2024-04-20,KO,Consumer,71.7,72.43,0.01019,3370098,260,16.32,0.0181,-0.002867
2024-04-21,AAPL,Technology,259.94,256.22,-0.014307,2859432,2800,28.12,0.001,-0.004627
2024-04-21,MSFT,Technology,481.99,488.48,0.013464,3947992,2900,25.12,0.0123,-0.004627
2024-04-21,JNJ,Healthcare,177.42,177.1,-0.001799,3972634,380,10.96,0.0136,-0.004627
2024-04-21,PFE,Healthcare,26.59,26.98,0.014679,1581965,160,30.75,0.0197,-0.004627
2024-04-21,JPM,Financials,151.76,151.58,-0.001217,6692062,540,8.53,0.0124,-0.004627
2024-04-21,BAC,Financials,41.6,41.48,-0.00284,4745113,260,22.01,0.0282,-0.004627
2024-04-21,XOM,Energy,110.87,107.17,-0.033398,8351478,450,30.03,0.0274,-0.004627
2024-04-21,CVX,Energy,181.61,180.61,-0.005521,3728302,300,26.85,0.0313,-0.004627
2024-04-21,PG,Consumer,143.14,145.67,0.017709,7595657,380,22.37,0.0196,-0.004627
2024-04-21,KO,Consumer,72.43,73.0,0.0079,3940208,260,26.03,0.0245,-0.004627
2024-04-23,AAPL,Technology,256.22,259.39,0.012368,6741520,2800,28.4,0.0239,-0.000532
2024-04-23,MSFT,Technology,488.48,510.48,0.045032,2526518,2900,34.51,0.0078,-0.000532
2024-04-23,JNJ,Healthcare,177.1,177.39,0.001654,5870127,380,27.85,0.0155,-0.000532
2024-04-23,PFE,Healthcare,26.98,26.6,-0.014143,2552808,160,15.03,0.0241,-0.000532
2024-04-23,JPM,Financials,151.58,153.36,0.011758,6636970,540,29.75,0.0104,-0.000532
2024-04-23,BAC,Financials,41.48,41.96,0.011587,7809627,260,10.57,0.008,-0.000532
2024-04-23,XOM,Energy,107.17,107.88,0.006623,7595110,450,19.2,,-0.000532
2024-04-23,CVX,Energy,180.61,184.69,0.022573,4620907,300,11.97,0.0173,-0.000532
2024-04-23,PG,Consumer,145.67,145.34,-0.002295,4092352,380,5.9,0.0297,-0.000532
2024-04-23,KO,Consumer,73.0,72.05,-0.013032,8112630,260,18.39,0.0112,-0.000532
2024-04-24,AAPL,Technology,259.39,267.21,0.030146,4958193,2800,39.77,0.0233,-0.002628
2024-04-24,MSFT,Technology,510.48,526.69,0.031752,5734899,2900,24.4,0.0225,-0.002628
2024-04-24,JNJ,Healthcare,177.39,177.88,0.002759,4178616,380,36.35,0.0151,-0.002628
2024-04-24,PFE,Healthcare,26.6,26.3,-0.011227,5696200,160,14.23,0.0128,-0.002628
2024-04-24,JPM,Financials,153.36,154.2,0.005492,5792440,540,8.06,0.0153,-0.002628
2024-04-24,BAC,Financials,41.96,42.0,0.000871,2100762,260,16.73,0.0028,-0.002628
2024-04-24,XOM,Energy,107.88,105.83,-0.019027,10461963,450,22.72,0.0066,-0.002628
2024-04-24,CVX,Energy,184.69,184.95,0.001382,6634465,300,18.55,0.0267,-0.002628
2024-04-24,PG,Consumer,145.34,146.06,0.004978,10084722,380,26.93,0.0233,-0.002628
2024-04-24,KO,Consumer,72.05,71.61,-0.006111,7964014,260,29.75,0.0314,-0.002628
2024-04-26,AAPL,Technology,267.21,262.84,-0.016341,3290465,2800,33.49,0.0315,-0.017274
2024-04-26,MSFT,Technology,526.69,511.3,-0.029223,4089689,2900,18.45,0.0153,-0.017274
2024-04-26,JNJ,Healthcare,177.88,175.62,-0.012694,8288008,380,16.42,0.0397,-0.017274
2024-04-26,PFE,Healthcare,26.3,26.02,-0.010502,4049970,160,16.7,0.0291,-0.017274
2024-04-26,JPM,Financials,154.2,150.07,-0.02677,4617318,540,13.49,0.0185,-0.017274
2024-04-26,BAC,Financials,42.0,40.83,-0.027936,5556316,260,8.62,0.0073,-0.017274
2024-04-26,XOM,Energy,105.83,104.14,-0.015971,4734021,450,20.29,0.017,-0.017274
2024-04-26,CVX,Energy,184.95,181.68,-0.017679,4922154,300,25.13,0.0199,-0.017274
2024-04-26,PG,Consumer,146.06,145.21,-0.005806,7225671,380,22.05,0.0269,-0.017274
2024-04-26,KO,Consumer,71.61,68.41,-0.044671,4752215,260,19.48,0.0062,-0.017274
2024-04-27,AAPL,Technology,262.84,271.47,0.032842,4814522,2800,15.74,0.027,0.011621
2024-04-27,MSFT,Technology,511.3,517.87,0.012849,715726,2900,5.98,0.019,0.011621
2024-04-27,JNJ,Healthcare,175.62,179.17,0.020202,6986456,380,26.93,0.0027,0.011621
2024-04-27,PFE,Healthcare,26.02,26.23,0.00797,8539789,160,25.34,0.0174,0.011621
2024-04-27,JPM,Financials,150.07,152.57,0.01665,2876176,540,5,0.0141,0.011621
2024-04-27,BAC,Financials,40.83,41.94,0.027248,7767106,260,34.94,0.0294,0.011621
2024-04-27,XOM,Energy,104.14,104.59,0.004354,6649942,450,23.27,0.014,0.011621
2024-04-27,CVX,Energy,181.68,187.06,0.029601,7131591,300,20.86,0.0311,0.011621
2024-04-27,PG,Consumer,145.21,145.2,-9.8e-05,6908031,380,10.06,0.0256,0.011621
2024-04-27,KO,Consumer,68.41,71.53,0.045604,9227113,260,23.14,0.0117,0.011621
2024-04-29,AAPL,Technology,271.47,273.48,0.007402,2597870,2800,21.78,0.0195,0.027222
2024-04-29,MSFT,Technology,517.87,538.8,0.040409,3513190,2900,33.07,0.034,0.027222
2024-04-29,JNJ,Healthcare,179.17,185.43,0.034956,4164680,380,18.08,0.0267,0.027222
2024-04-29,PFE,Healthcare,26.23,27.63,0.053392,1169228,160,8.32,0.0122,0.027222
2024-04-29,JPM,Financials,152.57,156.06,0.02285,9170454,540,21.5,0.0205,0.027222
2024-04-29,BAC,Financials,41.94,43.26,0.031465,3412181,260,17.84,0.0216,0.027222
2024-04-29,XOM,Energy,104.59,106.38,0.017094,7312122,450,27.68,0.0102,0.027222
2024-04-29,CVX,Energy,187.06,192.52,0.029182,7321679,300,15.82,0.0117,0.027222
2024-04-29,PG,Consumer,145.2,152.45,0.049921,6968064,380,18.63,0.0369,0.027222
2024-04-29,KO,Consumer,71.53,75.5,0.055486,6868821,260,21.41,0.0175,0.027222
2024-04-30,AAPL,Technology,273.48,276.32,0.010394,7356619,2800,15.35,0.0337,0.003013
2024-04-30,MSFT,Technology,538.8,539.62,0.001527,3276393,2900,17.42,0.0342,0.003013
2024-04-30,JNJ,Healthcare,185.43,181.49,-0.021232,6835196,380,25.86,0.0208,0.003013
2024-04-30,PFE,Healthcare,27.63,27.22,-0.014764,6006181,160,19.18,0.0231,0.003013
2024-04-30,JPM,Financials,156.06,152.32,-0.023963,4675784,540,28.05,0.0161,0.003013
2024-04-30,BAC,Financials,43.26,42.38,-0.020421,2970553,260,33.93,0.0212,0.003013
2024-04-30,XOM,Energy,106.38,108.2,0.017074,1780479,450,26.74,0.0357,0.003013
2024-04-30,CVX,Energy,192.52,191.01,-0.007867,2812946,300,10.57,0.0235,0.003013
2024-04-30,PG,Consumer,152.45,151.16,-0.008476,8202207,380,19.69,0.0279,0.003013
2024-04-30,KO,Consumer,75.5,77.55,0.027132,1435001,260,22.6,0.0119,0.003013
2024-05-02,AAPL,Technology,276.32,278.92,0.009397,867476,2800,34.16,0.0208,0.006813
2024-05-02,MSFT,Technology,539.62,544.54,0.009117,811778,2900,24.12,0.027,0.006813
2024-05-02,JNJ,Healthcare,181.49,180.34,-0.006332,4824134,380,22.28,0.0231,0.006813
2024-05-02,PFE,Healthcare,27.22,27.18,-0.001643,4100972,160,16.17,0.0132,0.006813
2024-05-02,JPM,Financials,152.32,149.95,-0.015549,4919784,540,16.93,0.011,0.006813
2024-05-02,BAC,Financials,42.38,42.68,0.007119,2590140,260,15.37,0.0103,0.006813
2024-05-02,XOM,Energy,108.2,108.82,0.005716,4708974,450,23.85,0.0144,0.006813
2024-05-02,CVX,Energy,191.01,189.26,-0.009167,6732634,300,25.09,0.0157,0.006813
2024-05-02,PG,Consumer,151.16,155.09,0.026004,7248021,380,12.85,0.0181,0.006813
2024-05-02,KO,Consumer,77.55,78.54,0.012801,1096456,260,25.53,0,0.006813
2024-05-03,AAPL,Technology,278.92,280.72,0.006464,4140396,2800,35.61,0.0111,0.004881
2024-05-03,MSFT,Technology,544.54,553.43,0.016331,6643499,2900,36.03,0.026,0.004881
2024-05-03,JNJ,Healthcare,180.34,178.62,-0.009536,5972367,380,22.17,0.0283,0.004881
2024-05-03,PFE,Healthcare,27.18,27.22,0.001387,6385589,160,40.13,0.0144,0.004881
2024-05-03,JPM,Financials,149.95,152.97,0.020128,6294615,540,27.1,0.0207,0.004881
2024-05-03,BAC,Financials,42.68,43.26,0.013656,4662636,260,9.44,,0.004881
2024-05-03,XOM,Energy,108.82,110.75,0.017706,4891720,450,32.05,0.0334,0.004881
2024-05-03,CVX,Energy,189.26,191.01,0.009226,5771383,300,34.24,0.0306,0.004881
2024-05-03,PG,Consumer,155.09,158.42,0.021442,4578203,380,6.65,0.0366,0.004881
2024-05-03,KO,Consumer,78.54,78.34,-0.002577,5132823,260,17.04,0.0311,0.004881
2024-05-05,AAPL,Technology,280.72,275.82,-0.017473,4863181,2800,5,0.0214,0.012868
2024-05-05,MSFT,Technology,553.43,555.33,0.003436,4273496,2900,20.37,0.0108,0.012868
2024-05-05,JNJ,Healthcare,178.62,183.92,0.029674,2747267,380,18.96,0.0268,0.012868
2024-05-05,PFE,Healthcare,27.22,27.74,0.018935,6791613,160,13.18,0.0353,0.012868
2024-05-05,JPM,Financials,152.97,152.2,-0.005062,5143453,540,36.74,0.0192,0.012868
2024-05-05,BAC,Financials,43.26,42.8,-0.010593,5158450,260,23.34,0.0124,0.012868
2024-05-05,XOM,Energy,110.75,111.87,0.010069,7592527,450,20.25,0.0295,0.012868
2024-05-05,CVX,Energy,191.01,195.82,0.025167,4451153,300,22.22,0.0256,0.012868
2024-05-05,PG,Consumer,158.42,160.32,0.012003,6443017,380,20.86,0.0201,0.012868
2024-05-05,KO,Consumer,78.34,79.18,0.010712,4106322,260,34.61,0.0143,0.012868
2024-05-06,AAPL,Technology,275.82,262.34,-0.048856,4734441,2800,7.23,0.0108,-0.02017
2024-05-06,MSFT,Technology,555.33,551.73,-0.006489,4546145,2900,17.62,0.006,-0.02017
2024-05-06,JNJ,Healthcare,183.92,176.37,-0.041048,4511004,380,34.21,0.0213,-0.02017
2024-05-06,PFE,Healthcare,27.74,26.06,-0.060481,3241936,160,25.32,0.026,-0.02017
2024-05-06,JPM,Financials,152.2,147.2,-0.03282,9140730,540,23.6,0.0104,-0.02017
2024-05-06,BAC,Financials,42.8,41.91,-0.020898,5689312,260,30.54,0.0201,-0.02017
2024-05-06,XOM,Energy,111.87,108.62,-0.029089,6518463,450,21.15,0.0131,-0.02017
2024-05-06,CVX,Energy,195.82,188.56,-0.037075,6065204,300,27.52,0.0159,-0.02017
2024-05-06,PG,Consumer,160.32,157.72,-0.016205,6094652,380,37.57,0.0059,-0.02017
2024-05-06,KO,Consumer,79.18,78.04,-0.01444,3221927,260,27.94,0.023,-0.02017
2024-05-08,AAPL,Technology,262.34,257.68,-0.017779,4260592,2800,27.0,0.0338,0.013439
2024-05-08,MSFT,Technology,551.73,541.35,-0.01882,2179424,2900,36.97,0.0205,0.013439
2024-05-08,JNJ,Healthcare,176.37,180.55,0.023687,8584896,380,19.31,0.0256,0.013439
2024-05-08,PFE,Healthcare,26.06,26.11,0.001766,2618530,160,20.94,0.0231,0.013439
2024-05-08,JPM,Financials,147.2,148.16,0.006543,1042321,540,21.03,0.0234,0.013439
2024-05-08,BAC,Financials,41.91,42.88,0.023031,4995992,260,11.74,0.0111,0.013439
2024-05-08,XOM,Energy,108.62,106.79,-0.016814,5222346,450,23.67,0.0367,0.013439
2024-05-08,CVX,Energy,188.56,187.42,-0.006027,3656380,300,23.0,0.0154,0.013439
2024-05-08,PG,Consumer,157.72,154.28,-0.021806,11503611,380,12.33,0.0384,0.013439
2024-05-08,KO,Consumer,78.04,79.95,0.024537,5376037,260,13.43,0.0506,0.013439
2024-05-09,AAPL,Technology,257.68,262.74,0.019624,9803012,2800,38.45,0.0254,0.015823
2024-05-09,MSFT,Technology,541.35,542.22,0.001602,4693905,2900,20.73,0.0231,0.015823
2024-05-09,JNJ,Healthcare,180.55,182.56,0.011108,2163092,380,20.12,0.0177,0.015823
2024-05-09,PFE,Healthcare,26.11,26.56,0.017325,910658,160,15.55,0.017,0.015823
2024-05-09,JPM,Financials,148.16,154.26,0.041152,4030665,540,16.56,0.0174,0.015823
2024-05-09,BAC,Financials,42.88,43.76,0.020491,6047891,260,8.08,0.0435,0.015823
2024-05-09,XOM,Energy,106.79,105.8,-0.009301,5458516,450,15.36,0.019,0.015823
2024-05-09,CVX,Energy,187.42,190.7,0.017475,7129947,300,12.2,0.0129,0.015823
2024-05-09,PG,Consumer,154.28,155.96,0.010906,3378069,380,28.71,0.0233,0.015823
2024-05-09,KO,Consumer,79.95,81.97,0.025229,4862556,260,12.81,0.0143,0.015823
2024-05-10,AAPL,Technology,262.74,262.17,-0.002155,2999974,2800,21.02,0.011,-0.017638
2024-05-10,MSFT,Technology,542.22,525.63,-0.030596,5336008,2900,19.65,0.0255,-0.017638
2024-05-10,JNJ,Healthcare,182.56,182.7,0.000743,5129522,380,6.84,0.0269,-0.017638
2024-05-10,PFE,Healthcare,26.56,26.12,-0.016396,8890463,160,18.69,0.0069,-0.017638
2024-05-10,JPM,Financials,154.26,147.48,-0.043968,2659690,540,28.53,0.0096,-0.017638
2024-05-10,BAC,Financials,43.76,43.36,-0.009085,4883062,260,22.47,0.0178,-0.017638
2024-05-10,XOM,Energy,105.8,104.29,-0.014263,2563881,450,11.17,0.0334,-0.017638
2024-05-10,CVX,Energy,190.7,182.99,-0.040433,6099780,300,25.28,0.0415,-0.017638
2024-05-10,PG,Consumer,155.96,151.54,-0.028325,6963828,380,19.02,0.029,-0.017638
2024-05-10,KO,Consumer,81.97,81.56,-0.004963,3337093,260,20.93,0.0157,-0.017638
2024-05-12,AAPL,Technology,262.17,260.92,-0.004755,4846940,2800,25.41,0.0336,0.016333
2024-05-12,MSFT,Technology,525.63,536.25,0.020201,1974591,2900,17.63,0.0316,0.016333
2024-05-12,JNJ,Healthcare,182.7,189.63,0.037917,3049780,380,24.68,0.0023,0.016333
2024-05-12,PFE,Healthcare,26.12,26.23,0.00422,6486364,160,23.59,0.0142,0.016333
2024-05-12,JPM,Financials,147.48,149.8,0.015698,6483603,540,14.77,0.0179,0.016333
2024-05-12,BAC,Financials,43.36,43.94,0.013361,7060326,260,34.09,0.0239,0.016333
2024-05-12,XOM,Energy,104.29,108.28,0.038264,7142378,450,26.45,0.0305,0.016333
2024-05-12,CVX,Energy,182.99,185.96,0.01621,6290633,300,20.82,0.016,0.016333
2024-05-12,PG,Consumer,151.54,156.47,0.032512,1582878,380,15.61,0.0113,0.016333
2024-05-12,KO,Consumer,81.56,82.37,0.009887,7642711,260,18.76,0.0137,0.016333
2024-05-13,AAPL,Technology,260.92,261.94,0.00391,6473899,2800,10.71,0,0.015227
2024-05-13,MSFT,Technology,536.25,545.11,0.016516,4689969,2900,30.7,0.0191,0.015227
2024-05-13,JNJ,Healthcare,189.63,188.32,-0.006926,7236021,380,13.78,0,0.015227
2024-05-13,PFE,Healthcare,26.23,26.09,-0.005464,4836624,160,24.07,0.0234,0.015227
2024-05-13,JPM,Financials,149.8,151.3,0.010005,5153302,540,21.4,0.0172,0.015227
2024-05-13,BAC,Financials,43.94,44.26,0.007239,6596390,260,17.45,0.0155,0.015227
2024-05-13,XOM,Energy,108.28,109.6,0.012199,4741680,450,16.23,0.0144,0.015227
2024-05-13,CVX,Energy,185.96,190.9,0.026573,4758033,300,25.82,0.0287,0.015227
2024-05-13,PG,Consumer,156.47,160.65,0.026704,4991860,380,23.88,0.0148,0.015227
2024-05-13,KO,Consumer,82.37,81.46,-0.010994,5523670,260,28.99,0.0218,0.015227
2024-05-15,AAPL,Technology,261.94,260.66,-0.00487,7150452,2800,15.28,0.0283,-0.008152
2024-05-15,MSFT,Technology,545.11,539.87,-0.009618,2824187,2900,17.31,0.0234,-0.008152
2024-05-15,JNJ,Healthcare,188.32,187.91,-0.00218,9276418,380,24.54,0.0286,-0.008152
2024-05-15,PFE,Healthcare,26.09,26.11,0.000704,6596456,160,20.59,0.0322,-0.008152
2024-05-15,JPM,Financials,151.3,147.57,-0.024626,4071675,540,32.65,0.0236,-0.008152
2024-05-15,BAC,Financials,44.26,44.95,0.015656,4970574,260,23.7,0.0127,-0.008152
2024-05-15,XOM,Energy,109.6,110.42,0.007439,4601069,450,14.4,0.0077,-0.008152
2024-05-15,CVX,Energy,190.9,188.15,-0.014384,6721258,300,15.07,0.0142,-0.008152
2024-05-15,PG,Consumer,160.65,155.64,-0.031204,5817698,380,16.66,0.0232,-0.008152
2024-05-15,KO,Consumer,81.46,81.48,0.000234,7843142,260,21.5,0.0209,-0.008152
2024-05-16,AAPL,Technology,260.66,261.16,0.001901,5289184,2800,25.42,0.0065,0.007321
2024-05-16,MSFT,Technology,539.87,536.45,-0.006333,6721583,2900,24.84,0.0062,0.007321
2024-05-16,JNJ,Healthcare,187.91,188.42,0.002738,5170644,380,10.99,0.0242,0.007321
2024-05-16,PFE,Healthcare,26.11,26.56,0.017393,3276630,160,21.72,0.0276,0.007321
2024-05-16,JPM,Financials,147.57,150.06,0.016871,5190792,540,33.89,0.0148,0.007321
2024-05-16,BAC,Financials,44.95,44.51,-0.00975,5741620,260,11.21,0.0267,0.007321
2024-05-16,XOM,Energy,110.42,108.63,-0.016224,4551512,450,17.95,0.019,0.007321
2024-05-16,CVX,Energy,188.15,190.86,0.014406,5377297,300,13.0,0.0088,0.007321
2024-05-16,PG,Consumer,155.64,156.99,0.00866,4721303,380,38.8,0.0102,0.007321
2024-05-16,KO,Consumer,81.48,82.2,0.008874,4994489,260,16.06,0.0317,0.007321
2024-05-18,AAPL,Technology,261.16,266.46,0.020289,3716107,2800,25.04,0.0142,-0.01315
2024-05-18,MSFT,Technology,536.45,542.02,0.010381,5417541,2900,16.42,0.014,-0.01315
2024-05-18,JNJ,Healthcare,188.42,184.55,-0.020562,6715122,380,30.19,0.0128,-0.01315
2024-05-18,PFE,Healthcare,26.56,26.81,0.009414,7711103,160,12.31,0.0307,-0.01315
2024-05-18,JPM,Financials,150.06,147.64,-0.016111,100000,540,6.52,0.0245,-0.01315
2024-05-18,BAC,Financials,44.51,44.49,-0.000506,5365513,260,13.59,0.0405,-0.01315
2024-05-18,XOM,Energy,108.63,105.01,-0.033312,3436022,450,5,0.0132,-0.01315
2024-05-18,CVX,Energy,190.86,188.45,-0.012631,7334987,300,17.75,0.022,-0.01315
2024-05-18,PG,Consumer,156.99,153.79,-0.020406,5338622,380,10.71,0.005,-0.01315
2024-05-18,KO,Consumer,82.2,80.01,-0.026689,3512767,260,5,0.0276,-0.01315
2024-05-19,AAPL,Technology,266.46,264.53,-0.00725,5252594,2800,14.91,0,0.006527
2024-05-19,MSFT,Technology,542.02,546.73,0.008695,10740380,2900,14.54,0.0285,0.006527
2024-05-19,JNJ,Healthcare,184.55,190.87,0.034259,6711799,380,26.54,0.0091,0.006527
2024-05-19,PFE,Healthcare,26.81,26.82,0.000456,2354571,160,23.7,0.0158,0.006527
2024-05-19,JPM,Financials,147.64,148.03,0.002611,6060347,540,33.28,0.0069,0.006527
2024-05-19,BAC,Financials,44.49,43.25,-0.027825,6814923,260,28.89,0.0194,0.006527
2024-05-19,XOM,Energy,105.01,105.16,0.001385,867221,450,10.42,0.0228,0.006527
2024-05-19,CVX,Energy,188.45,189.94,0.007932,5893234,300,,0.0179,0.006527
2024-05-19,PG,Consumer,153.79,156.63,0.018438,6054252,380,15.36,0.0099,0.006527
2024-05-19,KO,Consumer,80.01,81.63,0.020191,4820358,260,21.98,0.0259,0.006527
2024-05-21,AAPL,Technology,264.53,264.18,-0.001339,4593323,2800,13.45,0.0096,0.018304
2024-05-21,MSFT,Technology,546.73,548.0,0.002332,6561362,2900,24.88,0.0158,0.018304
2024-05-21,JNJ,Healthcare,190.87,194.81,0.020622,4487502,380,31.53,0.0094,0.018304
2024-05-21,PFE,Healthcare,26.82,28.15,0.049608,2230662,160,18.46,0.025,0.018304
2024-05-21,JPM,Financials,148.03,148.21,0.001231,3226359,540,15.25,0.0243,0.018304
2024-05-21,BAC,Financials,43.25,43.38,0.003015,6978077,260,19.69,0.0257,0.018304
2024-05-21,XOM,Energy,105.16,106.55,0.01321,6499310,450,38.93,0.0454,0.018304
2024-05-21,CVX,Energy,189.94,189.97,0.000175,6298228,300,21.59,0.0261,0.018304
2024-05-21,PG,Consumer,156.63,163.02,0.040821,2790504,380,21.62,0.0254,0.018304
2024-05-21,KO,Consumer,81.63,82.91,0.015634,3713223,260,16.01,0.025,0.018304
2024-05-22,AAPL,Technology,264.18,266.4,0.008413,4766158,2800,24.99,0.0273,0.011709
2024-05-22,MSFT,Technology,548.0,563.56,0.028386,2326269,2900,21.72,0.0136,0.011709
2024-05-22,JNJ,Healthcare,194.81,195.18,0.001908,8197393,380,39.48,0.0233,0.011709
2024-05-22,PFE,Healthcare,28.15,28.84,0.024426,2318174,160,9.24,0.0054,0.011709
2024-05-22,JPM,Financials,148.21,155.21,0.047262,5154172,540,20.03,0.0366,0.011709
2024-05-22,BAC,Financials,43.38,43.28,-0.002406,4155556,260,15.82,0.0216,0.011709
2024-05-22,XOM,Energy,106.55,108.29,0.01635,8236452,450,31.55,0.0124,0.011709
2024-05-22,CVX,Energy,189.97,190.57,0.003158,1565979,300,30.6,0.0203,0.011709
2024-05-22,PG,Consumer,163.02,164.92,0.011668,7710406,380,28.51,0.0006,0.011709
2024-05-22,KO,Consumer,82.91,81.79,-0.013486,3651887,260,27.73,0.0065,0.011709
2024-05-24,AAPL,Technology,266.4,277.27,0.040798,9352107,2800,18.97,0.0352,0.025512
2024-05-24,MSFT,Technology,563.56,570.94,0.013101,3939005,2900,5,0.0228,0.025512
2024-05-24,JNJ,Healthcare,195.18,195.37,0.000969,3618319,380,27.94,0.0185,0.025512
2024-05-24,PFE,Healthcare,28.84,30.41,0.054401,1306463,160,17.54,0.0398,0.025512
2024-05-24,JPM,Financials,155.21,161.94,0.043384,4881074,540,30.45,0.0367,0.025512
2024-05-24,BAC,Financials,43.28,44.07,0.01831,5988592,260,28.27,0.0379,0.025512
2024-05-24,XOM,Energy,108.29,112.87,0.042309,6330193,450,18.89,0.0339,0.025512
2024-05-24,CVX,Energy,190.57,191.85,0.006731,3543557,300,18.37,0.0133,0.025512
2024-05-24,PG,Consumer,164.92,169.3,0.026545,4471092,380,24.15,0.0212,0.025512
2024-05-24,KO,Consumer,81.79,83.25,0.0178,3580372,260,24.92,0.0182,0.025512
2024-05-25,AAPL,Technology,277.27,275.33,-0.00699,5991513,2800,18.64,0.0125,0.009586
2024-05-25,MSFT,Technology,570.94,590.11,0.033568,8388312,2900,40.36,0.0271,0.009586
2024-05-25,JNJ,Healthcare,195.37,196.94,0.008021,8401144,380,22.82,0.0264,0.009586
2024-05-25,PFE,Healthcare,30.41,29.88,-0.017468,5701133,160,20.98,0.0158,0.009586
2024-05-25,JPM,Financials,161.94,163.84,0.011719,9021967,540,32.87,0.02,0.009586
2024-05-25,BAC,Financials,44.07,44.15,0.001811,7309965,260,13.24,0.0243,0.009586
2024-05-25,XOM,Energy,112.87,117.77,0.043378,7982346,450,34.82,0.018,0.009586
2024-05-25,CVX,Energy,191.85,194.07,0.011559,5074373,300,38.0,0.0164,0.009586
2024-05-25,PG,Consumer,169.3,173.12,0.022588,6063954,380,28.52,0.0081,0.009586
2024-05-25,KO,Consumer,83.25,84.49,0.014869,5661856,260,23.68,0.0233,0.009586
2024-05-27,AAPL,Technology,275.33,269.02,-0.022918,5423189,2800,12.59,0.011,-0.008313
2024-05-27,MSFT,Technology,590.11,573.2,-0.028658,3701620,2900,15.9,0.0102,-0.008313
2024-05-27,JNJ,Healthcare,196.94,195.84,-0.005597,6154910,380,26.47,0.0226,-0.008313
2024-05-27,PFE,Healthcare,29.88,29.32,-0.01881,3675598,160,29.49,0.0328,-0.008313
2024-05-27,JPM,Financials,163.84,159.75,-0.024953,4716615,540,23.28,0.0218,-0.008313
2024-05-27,BAC,Financials,44.15,43.77,-0.008519,6389219,260,13.59,0.0057,-0.008313
2024-05-27,XOM,Energy,117.77,114.29,-0.029523,5989592,450,14.69,0.0257,-0.008313
2024-05-27,CVX,Energy,194.07,194.2,0.000665,4342298,300,27.97,0.0119,-0.008313
2024-05-27,PG,Consumer,173.12,172.68,-0.002566,5737677,380,26.38,0.0425,-0.008313
2024-05-27,KO,Consumer,84.49,83.06,-0.016957,4983522,260,21.58,0.0242,-0.008313
2024-05-28,AAPL,Technology,269.02,265.37,-0.013576,5619218,2800,20.06,0.0171,0.000169
2024-05-28,MSFT,Technology,573.2,581.9,0.01518,5097886,2900,25.83,0.0222,0.000169
2024-05-28,JNJ,Healthcare,195.84,196.19,0.001777,6008795,380,18.34,0.0296,0.000169
2024-05-28,PFE,Healthcare,29.32,29.39,0.002437,10185807,160,19.68,0.0209,0.000169
2024-05-28,JPM,Financials,159.75,157.55,-0.013802,8904727,540,18.71,0.0128,0.000169
2024-05-28,BAC,Financials,43.77,43.63,-0.003106,1692064,260,24.0,0.023,0.000169
2024-05-28,XOM,Energy,114.29,109.7,-0.040169,11032327,450,15.34,0.0265,0.000169
2024-05-28,CVX,Energy,194.2,195.98,0.009171,5336438,300,30.37,0.0356,0.000169
2024-05-28,PG,Consumer,172.68,175.95,0.018926,1198208,380,7.34,0.0118,0.000169
2024-05-28,KO,Consumer,83.06,82.49,-0.006859,5894327,260,24.02,0.0091,0.000169
2024-05-29,AAPL,Technology,265.37,263.91,-0.005495,3390086,2800,16.18,0.0274,0.009452
2024-05-29,MSFT,Technology,581.9,586.02,0.00708,3931394,2900,19.46,0.0132,0.009452
2024-05-29,JNJ,Healthcare,196.19,199.2,0.01533,3781916,380,29.05,0.026,0.009452
2024-05-29,PFE,Healthcare,29.39,29.49,0.003545,7703922,160,23.93,0.0212,0.009452
2024-05-29,JPM,Financials,157.55,160.57,0.019174,8022517,540,21.91,0.0062,0.009452
2024-05-29,BAC,Financials,43.63,45.6,0.045237,5580547,260,28.84,0.029,0.009452
2024-05-29,XOM,Energy,109.7,109.86,0.00144,6330767,450,21.84,,0.009452
2024-05-29,CVX,Energy,195.98,203.32,0.037455,1368525,300,23.0,0.02,0.009452
2024-05-29,PG,Consumer,175.95,181.67,0.032518,3605356,380,17.85,0.0254,0.009452
2024-05-29,KO,Consumer,82.49,82.22,-0.003223,9716689,260,24.85,0.0386,0.009452
2024-05-31,AAPL,Technology,263.91,256.03,-0.029841,3486391,2800,15.48,0.021,-0.002153
2024-05-31,MSFT,Technology,586.02,584.54,-0.002525,3869890,2900,13.36,0.031,-0.002153
2024-05-31,JNJ,Healthcare,199.2,200.13,0.004679,6108340,380,16.17,0.0111,-0.002153
2024-05-31,PFE,Healthcare,29.49,29.27,-0.007421,3499547,160,27.27,0.0083,-0.002153
2024-05-31,JPM,Financials,160.57,156.83,-0.023276,5527910,540,34.86,0.0211,-0.002153
2024-05-31,BAC,Financials,45.6,45.65,0.001153,5609634,260,22.31,0.0085,-0.002153
2024-05-31,XOM,Energy,109.86,109.41,-0.004064,6793922,450,29.82,0.0331,-0.002153
2024-05-31,CVX,Energy,203.32,210.2,0.033859,6372067,300,19.35,0.0107,-0.002153
2024-05-31,PG,Consumer,181.67,179.23,-0.013457,1839669,380,20.97,0.0193,-0.002153
2024-05-31,KO,Consumer,82.22,81.37,-0.010296,6228429,260,24.84,0.0348,-0.002153
2024-06-01,AAPL,Technology,256.03,242.54,-0.05269,4281407,2800,22.77,0.028,-0.015001
2024-06-01,MSFT,Technology,584.54,579.33,-0.008912,6664306,2900,38.44,0.0129,-0.015001
2024-06-01,JNJ,Healthcare,200.13,199.12,-0.005042,2976310,380,19.05,0.0273,-0.015001
2024-06-01,PFE,Healthcare,29.27,28.95,-0.010983,5545509,160,25.42,0.0186,-0.015001
2024-06-01,JPM,Financials,156.83,155.31,-0.00967,6879151,540,31.39,0.0022,-0.015001
2024-06-01,BAC,Financials,45.65,44.85,-0.01749,3644494,260,28.4,0.0009,-0.015001
2024-06-01,XOM,Energy,109.41,108.59,-0.0075,6197772,450,18.79,0.0248,-0.015001
2024-06-01,CVX,Energy,210.2,207.35,-0.013558,4090842,300,23.45,0.0136,-0.015001
2024-06-01,PG,Consumer,179.23,178.81,-0.002361,7875198,380,5,0.0235,-0.015001
2024-06-01,KO,Consumer,81.37,81.46,0.001134,6695390,260,24.72,0.0106,-0.015001
2024-06-03,AAPL,Technology,242.54,251.75,0.037957,5866097,2800,28.33,0,0.019998
2024-06-03,MSFT,Technology,579.33,608.29,0.049994,2258489,2900,13.0,0.0035,0.019998
2024-06-03,JNJ,Healthcare,199.12,198.89,-0.001145,4569482,380,35.5,0.0103,0.019998
2024-06-03,PFE,Healthcare,28.95,28.73,-0.007568,6643661,160,5,0.012,0.019998
2024-06-03,JPM,Financials,155.31,158.35,0.019605,1540010,540,24.29,0.012,0.019998
2024-06-03,BAC,Financials,44.85,46.54,0.037755,8049619,260,18.53,0.0251,0.019998
2024-06-03,XOM,Energy,108.59,109.67,0.00991,5075539,450,14.22,0.0276,0.019998
2024-06-03,CVX,Energy,207.35,214.27,0.033364,4358351,300,30.95,0.0233,0.019998
2024-06-03,PG,Consumer,178.81,183.31,0.025175,3591219,380,22.62,0.008,0.019998
2024-06-03,KO,Consumer,81.46,82.88,0.017408,7141906,260,16.71,0.0077,0.019998
2024-06-04,AAPL,Technology,251.75,258.0,0.024819,4547521,2800,25.17,0.0445,0.011193
2024-06-04,MSFT,Technology,608.29,611.66,0.005546,6423186,2900,27.12,0.0115,0.011193
2024-06-04,JNJ,Healthcare,198.89,203.36,0.022464,8511943,380,19.3,0.0043,0.011193
2024-06-04,PFE,Healthcare,28.73,29.26,0.018483,6090869,160,21.5,0.0256,0.011193
2024-06-04,JPM,Financials,158.35,161.41,0.019346,6018289,540,9.57,0.013,0.011193
2024-06-04,BAC,Financials,46.54,46.96,0.009031,7738904,260,14.4,0.021,0.011193
2024-06-04,XOM,Energy,109.67,112.92,0.029611,7327737,450,17.74,0.0162,0.011193
2024-06-04,CVX,Energy,214.27,219.41,0.024,7759693,300,19.1,0.0309,0.011193
2024-06-04,PG,Consumer,183.31,189.71,0.03494,5683375,380,16.38,0.0317,0.011193
2024-06-04,KO,Consumer,82.88,83.91,0.012463,3783387,260,27.34,0,0.011193
2024-06-06,AAPL,Technology,258.0,264.09,0.023608,3386296,2800,27.89,0.0269,-0.000944
2024-06-06,MSFT,Technology,611.66,601.47,-0.016661,4577506,2900,19.98,0.0162,-0.000944
2024-06-06,JNJ,Healthcare,203.36,200.8,-0.012592,6204307,380,39.16,0.0193,-0.000944
2024-06-06,PFE,Healthcare,29.26,29.53,0.009268,3351557,160,22.22,0.0228,-0.000944
2024-06-06,JPM,Financials,161.41,161.75,0.002087,5036222,540,18.94,0.0187,-0.000944
2024-06-06,BAC,Financials,46.96,45.49,-0.031244,5385070,260,27.19,0.033,-0.000944
2024-06-06,XOM,Energy,112.92,115.08,0.019158,3651432,450,15.89,0.0059,-0.000944
2024-06-06,CVX,Energy,219.41,214.03,-0.024523,3186714,300,13.43,0.0259,-0.000944
2024-06-06,PG,Consumer,189.71,189.79,0.000426,3223496,380,20.31,0.0317,-0.000944
2024-06-06,KO,Consumer,83.91,81.93,-0.023643,629452,260,23.94,0.0219,-0.000944
2024-06-07,AAPL,Technology,264.09,260.37,-0.014103,6907768,2800,25.08,0.0207,0.010567
2024-06-07,MSFT,Technology,601.47,600.33,-0.001893,3913752,2900,27.0,0.0324,0.010567
2024-06-07,JNJ,Healthcare,200.8,194.46,-0.031554,6608572,380,11.98,0.006,0.010567
2024-06-07,PFE,Healthcare,29.53,29.55,0.0006,6206431,160,25.77,0.0146,0.010567
2024-06-07,JPM,Financials,161.75,162.93,0.007322,3270943,540,19.01,0.0045,0.010567
2024-06-07,BAC,Financials,45.49,45.09,-0.008704,5078989,260,12.66,0.0237,0.010567
2024-06-07,XOM,Energy,115.08,114.63,-0.003907,7225011,450,9.91,0.0251,0.010567
2024-06-07,CVX,Energy,214.03,222.25,0.038394,4138953,300,33.17,0.018,0.010567
2024-06-07,PG,Consumer,189.79,187.1,-0.014159,2721343,380,21.67,0.0175,0.010567
2024-06-07,KO,Consumer,81.93,83.18,0.015251,3632700,260,42.5,0.0237,0.010567
2024-06-09,AAPL,Technology,260.37,271.62,0.04321,1017863,2800,19.74,0.0244,0.014299
2024-06-09,MSFT,Technology,600.33,610.59,0.017086,5484998,2900,12.18,0.0319,0.014299
2024-06-09,JNJ,Healthcare,194.46,194.51,0.000246,8282787,380,14.26,0.0106,0.014299
2024-06-09,PFE,Healthcare,29.55,30.05,0.01691,3356225,160,20.15,0.0201,0.014299
2024-06-09,JPM,Financials,162.93,163.4,0.002913,1309453,540,18.73,0.0272,0.014299
2024-06-09,BAC,Financials,45.09,46.14,0.023356,7609114,260,22.63,0.0089,0.014299
2024-06-09,XOM,Energy,114.63,114.99,0.003161,1189445,450,30.19,0.0123,0.014299
2024-06-09,CVX,Energy,222.25,224.16,0.008582,6193110,300,27.89,0.0282,0.014299
2024-06-09,PG,Consumer,187.1,191.44,0.023187,6509893,380,20.47,0.0093,0.014299
2024-06-09,KO,Consumer,83.18,85.63,0.029443,3838386,260,19.18,0.0196,0.014299
2024-06-10,AAPL,Technology,271.62,265.22,-0.023557,8277086,2800,31.43,0.028,-0.00482
2024-06-10,MSFT,Technology,610.59,610.93,0.000559,6680535,2900,32.12,0.0288,-0.00482
2024-06-10,JNJ,Healthcare,194.51,187.99,-0.033506,100000,380,10.13,0.0144,-0.00482
2024-06-10,PFE,Healthcare,30.05,30.44,0.012857,3603216,160,13.18,0.0411,-0.00482
2024-06-10,JPM,Financials,163.4,158.98,-0.027031,6094778,540,27.4,0.0294,-0.00482
2024-06-10,BAC,Financials,46.14,45.61,-0.011397,2401784,260,13.4,0.0163,-0.00482
2024-06-10,XOM,Energy,114.99,115.19,0.001731,5720958,450,23.97,0.0125,-0.00482
2024-06-10,CVX,Energy,224.16,225.02,0.003835,4319259,300,5.95,0.0099,-0.00482
2024-06-10,PG,Consumer,191.44,190.47,-0.005052,8148649,380,32.04,0.0279,-0.00482
2024-06-10,KO,Consumer,85.63,83.13,-0.029253,6492082,260,12.9,0.0205,-0.00482
2024-06-12,AAPL,Technology,265.22,259.45,-0.021768,6149889,2800,32.74,0.0131,-0.002074
2024-06-12,MSFT,Technology,610.93,593.44,-0.028627,2293724,2900,20.14,0.0231,-0.002074
2024-06-12,JNJ,Healthcare,187.99,187.59,-0.002146,4818156,380,14.42,0.0187,-0.002074
2024-06-12,PFE,Healthcare,30.44,30.15,-0.009607,5012987,160,28.0,0.0129,-0.002074
2024-06-12,JPM,Financials,158.98,155.94,-0.019121,3548837,540,34.47,0.0255,-0.002074
2024-06-12,BAC,Financials,45.61,46.09,0.010625,2052789,260,31.06,0.0188,-0.002074
2024-06-12,XOM,Energy,115.19,114.01,-0.010234,5554766,450,23.98,0.0099,-0.002074
2024-06-12,CVX,Energy,225.02,224.16,-0.003801,2362980,300,26.23,0.002,-0.002074
2024-06-12,PG,Consumer,190.47,187.77,-0.014172,100000,380,15.58,,-0.002074
2024-06-12,KO,Consumer,83.13,81.86,-0.015308,5301898,260,18.57,0.0096,-0.002074
2024-06-13,AAPL,Technology,259.45,251.56,-0.030404,4298082,2800,25.07,0.027,-0.008786
2024-06-13,MSFT,Technology,593.44,588.59,-0.00818,8892333,2900,5,0.0229,-0.008786
2024-06-13,JNJ,Healthcare,187.59,187.07,-0.002786,5024908,380,14.73,0.0233,-0.008786
2024-06-13,PFE,Healthcare,30.15,30.64,0.016261,2290372,160,20.26,0.0261,-0.008786
2024-06-13,JPM,Financials,155.94,153.44,-0.016001,4766478,540,10.15,0.0089,-0.008786
2024-06-13,BAC,Financials,46.09,45.08,-0.021853,5385792,260,27.51,0.0039,-0.008786
2024-06-13,XOM,Energy,114.01,112.51,-0.013188,100000,450,14.46,0.0181,-0.008786
2024-06-13,CVX,Energy,224.16,215.38,-0.039154,1024675,300,25.31,0.02,-0.008786
2024-06-13,PG,Consumer,187.77,186.55,-0.006503,3988581,380,14.23,0.0412,-0.008786
2024-06-13,KO,Consumer,81.86,82.02,0.001927,6925969,260,18.08,0.021,-0.008786
2024-06-14,AAPL,Technology,251.56,248.25,-0.013174,2856501,2800,16.61,0.0225,-0.00828
2024-06-14,MSFT,Technology,588.59,580.43,-0.013867,1309555,2900,27.97,0.0332,-0.00828
2024-06-14,JNJ,Healthcare,187.07,183.18,-0.020787,5774963,380,34.99,0.0137,-0.00828
2024-06-14,PFE,Healthcare,30.64,30.25,-0.012726,8640417,160,20.07,0.0301,-0.00828
2024-06-14,JPM,Financials,153.44,151.41,-0.013203,5836550,540,15.7,0.0251,-0.00828
2024-06-14,BAC,Financials,45.08,44.43,-0.014323,3498424,260,26.04,0.0144,-0.00828
2024-06-14,XOM,Energy,112.51,114.19,0.014945,3947686,450,5,0.0228,-0.00828
2024-06-14,CVX,Energy,215.38,214.67,-0.003314,5916982,300,19.7,0.0218,-0.00828
2024-06-14,PG,Consumer,186.55,185.78,-0.004111,3584413,380,11.76,0.0308,-0.00828
2024-06-14,KO,Consumer,82.02,80.88,-0.013879,4306613,260,21.9,0.0227,-0.00828
2024-06-16,AAPL,Technology,248.25,252.79,0.018297,3910834,2800,21.74,0.0279,0.001539
2024-06-16,MSFT,Technology,580.43,582.53,0.003613,6773331,2900,23.7,0.016,0.001539
2024-06-16,JNJ,Healthcare,183.18,182.65,-0.002891,3837863,380,25.99,0.0259,0.001539
2024-06-16,PFE,Healthcare,30.25,30.23,-0.000549,5220457,160,17.44,0.021,0.001539
2024-06-16,JPM,Financials,151.41,150.8,-0.004048,8195992,540,20.54,0.0301,0.001539
2024-06-16,BAC,Financials,44.43,44.17,-0.00584,5571080,260,25.37,0.0131,0.001539
2024-06-16,XOM,Energy,114.19,115.68,0.013064,5772272,450,14.0,0.0141,0.001539
2024-06-16,CVX,Energy,214.67,212.8,-0.008721,4698760,300,17.75,0.025,0.001539
2024-06-16,PG,Consumer,185.78,182.66,-0.016809,7540345,380,26.51,0.0019,0.001539
2024-06-16,KO,Consumer,80.88,80.37,-0.006344,3275354,260,14.26,0.0007,0.001539
2024-06-17,AAPL,Technology,252.79,252.02,-0.003035,4251301,2800,34.23,0.0423,0.00238
2024-06-17,MSFT,Technology,582.53,610.23,0.047554,5490656,2900,37.83,0.0027,0.00238
2024-06-17,JNJ,Healthcare,182.65,185.32,0.01461,6249827,380,29.0,0.0104,0.00238
2024-06-17,PFE,Healthcare,30.23,30.0,-0.007726,4794119,160,35.49,0.0053,0.00238
2024-06-17,JPM,Financials,150.8,148.69,-0.013992,5480213,540,8.68,0.0103,0.00238
2024-06-17,BAC,Financials,44.17,43.23,-0.021386,8296131,260,14.43,0.0374,0.00238
2024-06-17,XOM,Energy,115.68,117.06,0.011889,5696779,450,25.81,0.0241,0.00238
2024-06-17,CVX,Energy,212.8,214.83,0.009541,4021835,300,20.25,0.0126,0.00238
2024-06-17,PG,Consumer,182.66,182.24,-0.002277,1796052,380,6.45,0.0274,0.00238
2024-06-17,KO,Consumer,80.37,80.05,-0.003955,3579666,260,14.17,0.0106,0.00238
2024-06-19,AAPL,Technology,252.02,248.1,-0.015569,4719023,2800,19.23,0.025,-0.006165
2024-06-19,MSFT,Technology,610.23,601.44,-0.014405,4001855,2900,13.2,0.0179,-0.006165
2024-06-19,JNJ,Healthcare,185.32,185.55,0.00124,609826,380,20.69,0.0162,-0.006165
2024-06-19,PFE,Healthcare,30.0,29.08,-0.030787,4512093,160,24.17,0.023,-0.006165
2024-06-19,JPM,Financials,148.69,145.02,-0.02471,5207439,540,22.41,0.027,-0.006165
2024-06-19,BAC,Financials,43.23,44.01,0.017943,1814664,260,26.1,0.0246,-0.006165
2024-06-19,XOM,Energy,117.06,116.22,-0.00719,4585629,450,25.25,0.0162,-0.006165
2024-06-19,CVX,Energy,214.83,209.97,-0.022615,3023808,300,17.56,0.0245,-0.006165
2024-06-19,PG,Consumer,182.24,180.06,-0.011946,2944064,380,30.55,0.0214,-0.006165
2024-06-19,KO,Consumer,80.05,80.34,0.003637,8000101,260,32.04,0.0395,-0.006165
2024-06-20,AAPL,Technology,248.1,249.93,0.007371,6654044,2800,22.84,0.026,-0.015964
2024-06-20,MSFT,Technology,601.44,585.41,-0.026651,5801083,2900,23.91,0.0245,-0.015964
2024-06-20,JNJ,Healthcare,185.55,184.64,-0.00491,5831850,380,20.11,0.0255,-0.015964
2024-06-20,PFE,Healthcare,29.08,28.28,-0.027445,6242262,160,10.49,0.0341,-0.015964
2024-06-20,JPM,Financials,145.02,138.81,-0.042804,5151330,540,12.87,0.022,-0.015964
2024-06-20,BAC,Financials,44.01,42.14,-0.042502,5017023,260,13.84,0.0437,-0.015964
2024-06-20,XOM,Energy,116.22,114.93,-0.011138,1696226,450,10.92,0.0228,-0.015964
2024-06-20,CVX,Energy,209.97,208.1,-0.008901,3907243,300,23.39,0.0144,-0.015964
2024-06-20,PG,Consumer,180.06,173.16,-0.0383,6087046,380,33.17,0.0191,-0.015964
2024-06-20,KO,Consumer,80.34,79.0,-0.016618,3768432,260,22.81,0.0218,-0.015964
2024-06-22,AAPL,Technology,249.93,254.24,0.017245,5320661,2800,20.86,0.0315,-0.001411
2024-06-22,MSFT,Technology,585.41,584.97,-0.000755,3909522,2900,28.88,0.0099,-0.001411
2024-06-22,JNJ,Healthcare,184.64,184.5,-0.000758,4197546,380,25.21,0.0213,-0.001411
2024-06-22,PFE,Healthcare,28.28,27.37,-0.032156,6095228,160,17.0,0.0103,-0.001411
2024-06-22,JPM,Financials,138.81,141.33,0.018149,100000,540,20.26,0.0107,-0.001411
2024-06-22,BAC,Financials,42.14,40.68,-0.034658,9634312,260,23.7,0.0135,-0.001411
2024-06-22,XOM,Energy,114.93,113.51,-0.012334,8491350,450,30.29,0.0323,-0.001411
2024-06-22,CVX,Energy,208.1,202.67,-0.026079,3440010,300,16.91,0.0312,-0.001411
2024-06-22,PG,Consumer,173.16,171.1,-0.011896,5628530,380,37.1,,-0.001411
2024-06-22,KO,Consumer,79.0,79.39,0.004874,3985308,260,18.15,0.0017,-0.001411
2024-06-23,AAPL,Technology,254.24,256.29,0.008057,7688412,2800,25.71,0.0143,3e-05
2024-06-23,MSFT,Technology,584.97,576.24,-0.014926,4372829,2900,24.6,0.0285,3e-05
2024-06-23,JNJ,Healthcare,184.5,186.19,0.009184,2353943,380,20.55,0.023,3e-05
2024-06-23,PFE,Healthcare,27.37,27.12,-0.009247,3734082,160,17.85,0.006,3e-05
2024-06-23,JPM,Financials,141.33,142.16,0.005841,6737402,540,27.89,0.0222,3e-05
2024-06-23,BAC,Financials,40.68,40.3,-0.00922,4951743,260,21.66,0.0247,3e-05
2024-06-23,XOM,Energy,113.51,113.93,0.00367,4527511,450,5,0.0232,3e-05
2024-06-23,CVX,Energy,202.67,200.8,-0.009215,4960675,300,19.16,0.0161,3e-05
2024-06-23,PG,Consumer,171.1,171.97,0.005079,5819578,380,21.76,0.0271,3e-05
2024-06-23,KO,Consumer,79.39,80.9,0.019052,4828704,260,23.83,0.0096,3e-05
2024-06-25,AAPL,Technology,256.29,255.37,-0.003575,4794325,2800,27.51,0,0.005027
2024-06-25,MSFT,Technology,576.24,579.04,0.004868,4105522,2900,25.54,0.003,0.005027
2024-06-25,JNJ,Healthcare,186.19,181.87,-0.023216,5699413,380,24.86,0.0363,0.005027
2024-06-25,PFE,Healthcare,27.12,27.32,0.007443,3283930,160,21.47,0.0096,0.005027
2024-06-25,JPM,Financials,142.16,140.15,-0.014126,7212407,540,9.41,0.0204,0.005027
2024-06-25,BAC,Financials,40.3,39.84,-0.011463,3885685,260,29.44,0.011,0.005027
2024-06-25,XOM,Energy,113.93,114.24,0.002705,5255384,450,25.02,0.0285,0.005027
2024-06-25,CVX,Energy,200.8,200.97,0.000828,4832563,300,8.76,0.0283,0.005027
2024-06-25,PG,Consumer,171.97,170.91,-0.006145,4274484,380,12.58,0.035,0.005027
2024-06-25,KO,Consumer,80.9,79.33,-0.019401,5344442,260,19.32,0.0422,0.005027
2024-06-26,AAPL,Technology,255.37,254.78,-0.002317,3433543,2800,9.21,0.031,-0.006157
2024-06-26,MSFT,Technology,579.04,581.85,0.004855,6875219,2900,10.39,0.0251,-0.006157
2024-06-26,JNJ,Healthcare,181.87,181.16,-0.003911,2553876,380,14.07,0.0204,-0.006157
2024-06-26,PFE,Healthcare,27.32,26.81,-0.018641,4891480,160,31.78,0.0285,-0.006157
2024-06-26,JPM,Financials,140.15,139.34,-0.005801,6986955,540,16.28,0.0183,-0.006157
2024-06-26,BAC,Financials,39.84,39.57,-0.006699,6746630,260,41.21,0.0311,-0.006157
2024-06-26,XOM,Energy,114.24,113.96,-0.002461,2510482,450,9.85,0.0368,-0.006157
2024-06-26,CVX,Energy,200.97,197.88,-0.015383,6052895,300,18.65,0.0162,-0.006157
2024-06-26,PG,Consumer,170.91,163.29,-0.04456,7123315,380,20.8,0.0247,-0.006157
2024-06-26,KO,Consumer,79.33,76.22,-0.039161,6743798,260,18.75,0.0333,-0.006157
2024-06-28,AAPL,Technology,254.78,247.59,-0.028209,5668106,2800,15.41,0.006,-0.012173
2024-06-28,MSFT,Technology,581.85,570.05,-0.020276,2759794,2900,32.12,0.029,-0.012173
2024-06-28,JNJ,Healthcare,181.16,178.68,-0.013682,1431327,380,11.65,0.0095,-0.012173
2024-06-28,PFE,Healthcare,26.81,26.73,-0.00316,4222358,160,9.38,0.0244,-0.012173
2024-06-28,JPM,Financials,139.34,135.37,-0.028484,7093838,540,19.38,0.0107,-0.012173
2024-06-28,BAC,Financials,39.57,38.47,-0.027696,5057152,260,26.83,0.0318,-0.012173
2024-06-28,XOM,Energy,113.96,114.89,0.008203,4564452,450,15.96,0.0138,-0.012173
2024-06-28,CVX,Energy,197.88,202.64,0.024078,6151311,300,17.29,0.007,-0.012173
2024-06-28,PG,Consumer,163.29,165.46,0.013298,7066746,380,25.44,0.0216,-0.012173
2024-06-28,KO,Consumer,76.22,74.4,-0.023879,4738978,260,26.22,0.0301,-0.012173
2024-06-29,AAPL,Technology,247.59,247.98,0.001567,7034402,2800,36.81,0.0137,0.002347
2024-06-29,MSFT,Technology,570.05,563.11,-0.012174,6219025,2900,22.84,0.022,0.002347
2024-06-29,JNJ,Healthcare,178.68,181.82,0.017547,6367975,380,22.88,,0.002347
2024-06-29,PFE,Healthcare,26.73,27.16,0.016272,1809965,160,20.62,0.0336,0.002347
2024-06-29,JPM,Financials,135.37,140.57,0.038387,4454797,540,21.04,0.019,0.002347
2024-06-29,BAC,Financials,38.47,38.26,-0.005485,3088795,260,8.02,0.0242,0.002347
2024-06-29,XOM,Energy,114.89,116.76,0.016271,5261441,450,22.79,0.0238,0.002347
2024-06-29,CVX,Energy,202.64,205.85,0.015848,4928300,300,30.3,0.036,0.002347
2024-06-29,PG,Consumer,165.46,167.13,0.010118,8604924,380,20.45,0.0276,0.002347
2024-06-29,KO,Consumer,74.4,75.55,0.015452,4142244,260,26.95,0.0129,0.002347
2024-07-01,AAPL,Technology,247.98,249.69,0.006915,3977682,2800,18.51,0.0058,-0.01855
2024-07-01,MSFT,Technology,563.11,546.88,-0.028816,3452320,2900,12.8,0.0034,-0.01855
2024-07-01,JNJ,Healthcare,181.82,173.58,-0.045342,3096540,380,10.06,0.0275,-0.01855
2024-07-01,PFE,Healthcare,27.16,26.74,-0.015472,6394862,160,31.73,0.0176,-0.01855
2024-07-01,JPM,Financials,140.57,135.02,-0.039452,2981207,540,23.52,0.0234,-0.01855
2024-07-01,BAC,Financials,38.26,36.88,-0.036007,6553183,260,19.62,0.0252,-0.01855
2024-07-01,XOM,Energy,116.76,114.81,-0.016702,8714293,450,22.13,0.0195,-0.01855
2024-07-01,CVX,Energy,205.85,201.85,-0.019436,4130793,300,26.34,0.0209,-0.01855
2024-07-01,PG,Consumer,167.13,161.13,-0.035925,8264969,380,38.25,0.0114,-0.01855
2024-07-01,KO,Consumer,75.55,74.49,-0.014081,6571825,260,20.17,0.0172,-0.01855
2024-07-02,AAPL,Technology,249.69,245.54,-0.016612,4534619,2800,17.82,0.0286,0.01101
2024-07-02,MSFT,Technology,546.88,550.53,0.006677,11152751,2900,31.73,0.0337,0.01101
2024-07-02,JNJ,Healthcare,173.58,174.19,0.003505,8341524,380,36.46,0.034,0.01101
2024-07-02,PFE,Healthcare,26.74,26.58,-0.006033,7113720,160,22.39,0.0253,0.01101
2024-07-02,JPM,Financials,135.02,135.95,0.006858,7680134,540,,0.0251,0.01101
2024-07-02,BAC,Financials,36.88,38.26,0.037386,3863967,260,22.35,0.0123,0.01101
2024-07-02,XOM,Energy,114.81,114.07,-0.006464,4279964,450,17.0,0.0258,0.01101
2024-07-02,CVX,Energy,201.85,200.17,-0.008311,2858002,300,15.51,0.0149,0.01101
2024-07-02,PG,Consumer,161.13,163.18,0.012722,4827711,380,21.45,0.0404,0.01101
2024-07-02,KO,Consumer,74.49,75.09,0.008044,3802343,260,18.41,0,0.01101
2024-07-03,AAPL,Technology,245.54,253.47,0.032291,4747922,2800,18.36,0,0.018203
2024-07-03,MSFT,Technology,550.53,564.94,0.02618,5223693,2900,26.67,0.0195,0.018203
2024-07-03,JNJ,Healthcare,174.19,177.31,0.01792,5583542,380,26.48,0.0101,0.018203
2024-07-03,PFE,Healthcare,26.58,26.77,0.007247,3758456,160,15.72,0.0257,0.018203
2024-07-03,JPM,Financials,135.95,140.38,0.03258,2837165,540,16.07,0.0374,0.018203
2024-07-03,BAC,Financials,38.26,38.13,-0.003441,5673185,260,7.47,0.0249,0.018203
2024-07-03,XOM,Energy,114.07,116.95,0.025281,5123329,450,9.8,0.0253,0.018203
2024-07-03,CVX,Energy,200.17,202.72,0.012718,4861727,300,31.22,0.0173,0.018203
2024-07-03,PG,Consumer,163.18,167.58,0.026975,6552227,380,11.26,0.0251,0.018203
2024-07-03,KO,Consumer,75.09,76.0,0.012163,8232663,260,20.03,0.0135,0.018203
2024-07-05,AAPL,Technology,253.47,256.59,0.012317,6683410,2800,32.33,0.0204,0.005388
2024-07-05,MSFT,Technology,564.94,570.71,0.010212,4544369,2900,20.74,0.0209,0.005388
2024-07-05,JNJ,Healthcare,177.31,175.68,-0.009167,6282633,380,27.07,0.0218,0.005388
2024-07-05,PFE,Healthcare,26.77,26.79,0.000803,4698928,160,25.22,0.0312,0.005388
2024-07-05,JPM,Financials,140.38,135.5,-0.034791,4592307,540,8.93,0.0095,0.005388
2024-07-05,BAC,Financials,38.13,37.76,-0.009601,2692736,260,10.76,0.0285,0.005388
2024-07-05,XOM,Energy,116.95,120.77,0.032701,2841275,450,12.92,0.0308,0.005388
2024-07-05,CVX,Energy,202.72,203.43,0.003494,7691183,300,20.67,0.0185,0.005388
2024-07-05,PG,Consumer,167.58,168.14,0.003335,1347423,380,34.2,0.0233,0.005388
2024-07-05,KO,Consumer,76.0,75.85,-0.002025,4214749,260,23.89,0.0192,0.005388
2024-07-06,AAPL,Technology,256.59,255.54,-0.004093,4404138,2800,19.22,0.0241,-0.008284
2024-07-06,MSFT,Technology,570.71,568.24,-0.004329,6128711,2900,23.79,0.0283,-0.008284
2024-07-06,JNJ,Healthcare,175.68,173.51,-0.01233,2154046,380,31.82,0.0288,-0.008284
2024-07-06,PFE,Healthcare,26.79,26.57,-0.008199,2059732,160,28.12,0.0348,-0.008284
2024-07-06,JPM,Financials,135.5,135.56,0.000411,797092,540,18.19,0.0161,-0.008284
2024-07-06,BAC,Financials,37.76,37.43,-0.00874,7308558,260,26.18,0.028,-0.008284
2024-07-06,XOM,Energy,120.77,120.07,-0.005784,6175300,450,21.12,0.0214,-0.008284
2024-07-06,CVX,Energy,203.43,199.29,-0.020368,3405172,300,34.03,0.0069,-0.008284
2024-07-06,PG,Consumer,168.14,162.54,-0.033288,3341214,380,19.92,0.0154,-0.008284
2024-07-06,KO,Consumer,75.85,77.85,0.026393,4299025,260,12.08,0.0224,-0.008284
2024-07-08,AAPL,Technology,255.54,251.3,-0.01659,7613560,2800,20.34,0.0211,0.004341
2024-07-08,MSFT,Technology,568.24,564.51,-0.006569,5858128,2900,31.85,0.0327,0.004341
2024-07-08,JNJ,Healthcare,173.51,170.69,-0.016272,6553174,380,11.55,0.024,0.004341
2024-07-08,PFE,Healthcare,26.57,26.63,0.002331,4903210,160,38.71,0.015,0.004341
2024-07-08,JPM,Financials,135.56,137.48,0.014164,1157707,540,38.44,0.0251,0.004341
2024-07-08,BAC,Financials,37.43,37.47,0.000947,7078778,260,19.92,0.0256,0.004341
2024-07-08,XOM,Energy,120.07,118.66,-0.011755,4465460,450,31.4,0.0339,0.004341
2024-07-08,CVX,Energy,199.29,202.71,0.017152,4432566,300,23.91,0.0182,0.004341
2024-07-08,PG,Consumer,162.54,160.66,-0.011585,7156373,380,35.7,0.035,0.004341
2024-07-08,KO,Consumer,77.85,79.65,0.023093,3502863,260,5.38,0.0277,0.004341
2024-07-09,AAPL,Technology,251.3,256.08,0.019002,3660916,2800,18.54,0.029,-0.016132
2024-07-09,MSFT,Technology,564.51,555.99,-0.015094,2626515,2900,11.07,0.0287,-0.016132
2024-07-09,JNJ,Healthcare,170.69,169.62,-0.006266,6044248,380,26.16,0.0196,-0.016132
2024-07-09,PFE,Healthcare,26.63,26.24,-0.014779,3227905,160,27.68,0.0242,-0.016132
2024-07-09,JPM,Financials,137.48,134.87,-0.019,6790670,540,5,0,-0.016132
2024-07-09,BAC,Financials,37.47,36.88,-0.015861,3890427,260,23.66,0.0161,-0.016132
2024-07-09,XOM,Energy,118.66,117.45,-0.010182,7197224,450,5,0.026,-0.016132
2024-07-09,CVX,Energy,202.71,199.99,-0.013438,6190627,300,5,0.0038,-0.016132
2024-07-09,PG,Consumer,160.66,156.92,-0.023278,4812375,380,19.87,0.0206,-0.016132
2024-07-09,KO,Consumer,79.65,80.43,0.009759,3738361,260,18.11,0.0362,-0.016132
2024-07-11,AAPL,Technology,256.08,259.98,0.015211,5342819,2800,16.21,0.0215,0.00763
2024-07-11,MSFT,Technology,555.99,568.63,0.022725,4749981,2900,7.4,0.0348,0.00763
2024-07-11,JNJ,Healthcare,169.62,169.35,-0.00158,3092322,380,26.91,0.0216,0.00763
2024-07-11,PFE,Healthcare,26.24,26.73,0.018664,5769119,160,7.87,0.0297,0.00763
2024-07-11,JPM,Financials,134.87,135.87,0.007443,3520455,540,20.43,0.0154,0.00763
2024-07-11,BAC,Financials,36.88,37.79,0.02475,2909645,260,32.14,0.0251,0.00763
2024-07-11,XOM,Energy,117.45,116.97,-0.004066,3828753,450,35.25,0.0241,0.00763
2024-07-11,CVX,Energy,199.99,199.16,-0.004139,4350161,300,7.81,0.039,0.00763
2024-07-11,PG,Consumer,156.92,160.71,0.024126,7249341,380,20.3,0.0342,0.00763
2024-07-11,KO,Consumer,80.43,80.53,0.001199,5454119,260,30.47,0.006,0.00763
2024-07-12,AAPL,Technology,259.98,259.83,-0.000571,4322682,2800,26.03,0.0276,-0.009773
2024-07-12,MSFT,Technology,568.63,549.83,-0.033055,4311997,2900,30.38,0.0144,-0.009773
2024-07-12,JNJ,Healthcare,169.35,168.26,-0.006459,5087379,380,24.97,0.0161,-0.009773
2024-07-12,PFE,Healthcare,26.73,26.4,-0.012221,7241473,160,18.79,0.0245,-0.009773
2024-07-12,JPM,Financials,135.87,135.43,-0.003226,3423245,540,15.83,0.0106,-0.009773
2024-07-12,BAC,Financials,37.79,38.2,0.010884,6488188,260,28.06,0.0118,-0.009773
2024-07-12,XOM,Energy,116.97,115.68,-0.011015,5020754,450,12.97,0.024,-0.009773
2024-07-12,CVX,Energy,199.16,196.82,-0.011732,7005134,300,30.66,0,-0.009773
2024-07-12,PG,Consumer,160.71,156.95,-0.023416,10661643,380,18.99,0.0182,-0.009773
2024-07-12,KO,Consumer,80.53,78.27,-0.028005,3990438,260,21.72,0.0233,-0.009773
2024-07-14,AAPL,Technology,259.83,259.44,-0.001507,2029926,2800,20.66,0.0196,0.006051
2024-07-14,MSFT,Technology,549.83,561.63,0.021462,6348160,2900,17.08,0.0168,0.006051
2024-07-14,JNJ,Healthcare,168.26,168.58,0.001899,4984371,380,37.89,0.0156,0.006051
2024-07-14,PFE,Healthcare,26.4,26.28,-0.004634,5308183,160,26.94,0.0304,0.006051
2024-07-14,JPM,Financials,135.43,132.38,-0.022554,5176135,540,9.46,0.0059,0.006051
2024-07-14,BAC,Financials,38.2,39.42,0.031877,4121003,260,27.91,0.0236,0.006051
2024-07-14,XOM,Energy,115.68,116.52,0.007218,5302070,450,21.64,0.0219,0.006051
2024-07-14,CVX,Energy,196.82,198.02,0.006105,7152013,300,18.74,0.0083,0.006051
2024-07-14,PG,Consumer,156.95,156.61,-0.00217,8335026,380,22.67,0.0,0.006051
2024-07-14,KO,Consumer,78.27,78.27,3.9e-05,4718195,260,20.12,0.0135,0.006051
2024-07-15,AAPL,Technology,259.44,268.69,0.035672,8512479,2800,33.3,0.0143,0.011672
2024-07-15,MSFT,Technology,561.63,563.53,0.003385,6004553,2900,14.33,0.0417,0.011672
2024-07-15,JNJ,Healthcare,168.58,173.97,0.031979,7143984,380,16.35,0.0194,0.011672
2024-07-15,PFE,Healthcare,26.28,26.82,0.020498,3679960,160,17.17,0.0285,0.011672
2024-07-15,JPM,Financials,132.38,133.07,0.005213,4128957,540,27.36,0.0132,0.011672
2024-07-15,BAC,Financials,39.42,39.48,0.00163,4397111,260,16.31,0.0248,0.011672
2024-07-15,XOM,Energy,116.52,117.3,0.006694,2039437,450,34.64,0.0232,0.011672
2024-07-15,CVX,Energy,198.02,199.06,0.005244,5497462,300,22.91,0.0138,0.011672
2024-07-15,PG,Consumer,156.61,162.56,0.037987,9159026,380,28.64,0.0153,0.011672
2024-07-15,KO,Consumer,78.27,77.42,-0.010836,6386753,260,13.62,0.0147,0.011672
2024-07-17,AAPL,Technology,268.69,269.69,0.003718,4267712,2800,,0.0103,-0.007167
2024-07-17,MSFT,Technology,563.53,561.65,-0.003336,5192790,2900,20.31,0.0223,-0.007167
2024-07-17,JNJ,Healthcare,173.97,169.28,-0.02698,7286151,380,22.37,0.0332,-0.007167
2024-07-17,PFE,Healthcare,26.82,27.51,0.025797,2896202,160,,0.0165,-0.007167
2024-07-17,JPM,Financials,133.07,132.4,-0.005022,1762205,540,36.57,0.0242,-0.007167
2024-07-17,BAC,Financials,39.48,38.0,-0.037426,1234274,260,17.77,0.0173,-0.007167
2024-07-17,XOM,Energy,117.3,114.46,-0.024217,3421062,450,33.01,0.0182,-0.007167
2024-07-17,CVX,Energy,199.06,196.96,-0.010544,4140066,300,18.77,0.0196,-0.007167
2024-07-17,PG,Consumer,162.56,161.08,-0.009133,100000,380,31.27,0.0392,-0.007167
2024-07-17,KO,Consumer,77.42,78.01,0.007648,7185134,260,18.75,0.0386,-0.007167
2024-07-18,AAPL,Technology,269.69,256.77,-0.047918,1746120,2800,23.39,0.0311,-0.024421
2024-07-18,MSFT,Technology,561.65,562.4,0.00134,8282800,2900,19.37,0.0294,-0.024421
2024-07-18,JNJ,Healthcare,169.28,168.87,-0.00243,6028045,380,18.18,0.0208,-0.024421
2024-07-18,PFE,Healthcare,27.51,26.92,-0.02154,4634753,160,32.16,0.0243,-0.024421
2024-07-18,JPM,Financials,132.4,126.07,-0.047805,7289733,540,40.34,0.0229,-0.024421
2024-07-18,BAC,Financials,38.0,36.41,-0.041859,2337203,260,25.38,0.0121,-0.024421
2024-07-18,XOM,Energy,114.46,109.11,-0.046706,5052155,450,18.8,0.0266,-0.024421
2024-07-18,CVX,Energy,196.96,199.93,0.015092,8736437,300,15.71,0.0234,-0.024421
2024-07-18,PG,Consumer,161.08,155.64,-0.03376,3038101,380,22.27,0.0223,-0.024421
2024-07-18,KO,Consumer,78.01,75.45,-0.032829,476235,260,21.68,0.0256,-0.024421
2024-07-20,AAPL,Technology,256.77,253.16,-0.014041,5623041,2800,19.78,0.0233,-0.003689
2024-07-20,MSFT,Technology,562.4,539.53,-0.040664,5857114,2900,25.57,0.0242,-0.003689
2024-07-20,JNJ,Healthcare,168.87,168.55,-0.001872,6807526,380,17.68,0.0107,-0.003689
2024-07-20,PFE,Healthcare,26.92,26.8,-0.00443,3013685,160,22.61,0.0092,-0.003689
2024-07-20,JPM,Financials,126.07,126.33,0.002093,5485507,540,5.23,0.017,-0.003689
2024-07-20,BAC,Financials,36.41,36.72,0.008394,5343295,260,15.93,0.0082,-0.003689
2024-07-20,XOM,Energy,109.11,106.19,-0.026721,3639994,450,29.64,0.0139,-0.003689
2024-07-20,CVX,Energy,199.93,195.61,-0.02163,4823020,300,14.01,0.0098,-0.003689
2024-07-20,PG,Consumer,155.64,153.32,-0.014938,6118306,380,5,0.0298,-0.003689
2024-07-20,KO,Consumer,75.45,75.3,-0.001984,4643858,260,28.28,0.0263,-0.003689
2024-07-21,AAPL,Technology,253.16,248.1,-0.019988,5675445,2800,24.14,0.0242,0.007442
2024-07-21,MSFT,Technology,539.53,545.46,0.010982,6459084,2900,15.54,0.0315,0.007442
2024-07-21,JNJ,Healthcare,168.55,174.47,0.0351,6633851,380,20.24,0.0102,0.007442
2024-07-21,PFE,Healthcare,26.8,27.44,0.023753,533743,160,21.46,0.0289,0.007442
2024-07-21,JPM,Financials,126.33,125.1,-0.009718,4471466,540,22.32,0.0099,0.007442
2024-07-21,BAC,Financials,36.72,37.11,0.010487,2628346,260,21.59,0.0266,0.007442
2024-07-21,XOM,Energy,106.19,105.46,-0.00691,4624168,450,27.83,0.0119,0.007442
2024-07-21,CVX,Energy,195.61,197.01,0.007151,7565833,300,12.95,0.0159,0.007442
2024-07-21,PG,Consumer,153.32,152.9,-0.002729,6795152,380,26.99,0.0258,0.007442
2024-07-21,KO,Consumer,75.3,77.38,0.027616,3902845,260,20.37,0.0168,0.007442
2024-07-22,AAPL,Technology,248.1,249.54,0.005794,5963380,2800,46.02,0.0206,-0.006487
2024-07-22,MSFT,Technology,545.46,538.24,-0.013239,4908780,2900,32.66,0.0037,-0.006487
2024-07-22,JNJ,Healthcare,174.47,176.06,0.009133,7461505,380,17.23,0.0165,-0.006487
2024-07-22,PFE,Healthcare,27.44,27.44,0.000147,5921782,160,21.37,0.0198,-0.006487
2024-07-22,JPM,Financials,125.1,123.91,-0.009495,6054954,540,16.15,0.0166,-0.006487
2024-07-22,BAC,Financials,37.11,37.01,-0.002667,6760156,260,27.95,0.0197,-0.006487
2024-07-22,XOM,Energy,105.46,99.9,-0.052703,6210292,450,25.59,0.0083,-0.006487
2024-07-22,CVX,Energy,197.01,192.31,-0.023843,4702598,300,18.23,0.0214,-0.006487
2024-07-22,PG,Consumer,152.9,148.98,-0.02562,1516001,380,33.37,0.0249,-0.006487
2024-07-22,KO,Consumer,77.38,77.51,0.00163,4270155,260,21.67,0.0238,-0.006487
2024-07-24,AAPL,Technology,249.54,250.47,0.003743,6312932,2800,25.76,0.0359,0.002768
2024-07-24,MSFT,Technology,538.24,539.07,0.001539,5580285,2900,32.43,0.0135,0.002768
2024-07-24,JNJ,Healthcare,176.06,175.79,-0.001516,6178858,380,17.37,0.0333,0.002768
2024-07-24,PFE,Healthcare,27.44,27.7,0.009602,3609745,160,14.76,0.0162,0.002768
2024-07-24,JPM,Financials,123.91,123.76,-0.00122,5846436,540,23.41,0.0231,0.002768
2024-07-24,BAC,Financials,37.01,36.51,-0.013505,7601729,260,31.28,0.0227,0.002768
2024-07-24,XOM,Energy,99.9,100.22,0.003213,6974928,450,,0.0113,0.002768
2024-07-24,CVX,Energy,192.31,188.29,-0.020913,4030090,300,27.32,0.0141,0.002768
2024-07-24,PG,Consumer,148.98,149.42,0.002984,5355205,380,31.52,0.0204,0.002768
2024-07-24,KO,Consumer,77.51,80.22,0.034905,7397187,260,7.6,0.0277,0.002768
2024-07-25,AAPL,Technology,250.47,249.9,-0.002271,5668208,2800,,0.0273,-0.011949
2024-07-25,MSFT,Technology,539.07,531.6,-0.013852,5783943,2900,32.61,0.0117,-0.011949
2024-07-25,JNJ,Healthcare,175.79,172.13,-0.020829,5483514,380,40.49,0.0158,-0.011949
2024-07-25,PFE,Healthcare,27.7,26.81,-0.031974,7094779,160,22.51,0.0243,-0.011949
2024-07-25,JPM,Financials,123.76,122.09,-0.013516,1551042,540,22.08,0.0356,-0.011949
2024-07-25,BAC,Financials,36.51,36.32,-0.005331,5856456,260,24.9,0.0267,-0.011949
2024-07-25,XOM,Energy,100.22,97.43,-0.027836,6334916,450,17.89,0.0261,-0.011949
2024-07-25,CVX,Energy,188.29,189.28,0.005233,5159008,300,25.5,0.0124,-0.011949
2024-07-25,PG,Consumer,149.42,148.96,-0.0031,6893166,380,21.03,0.0291,-0.011949
2024-07-25,KO,Consumer,80.22,80.52,0.003695,5301074,260,26.27,0.015,-0.011949
2024-07-27,AAPL,Technology,249.9,244.73,-0.0207,8285363,2800,20.03,0.016,-0.014769
2024-07-27,MSFT,Technology,531.6,505.11,-0.049831,6365863,2900,27.62,0.0285,-0.014769
2024-07-27,JNJ,Healthcare,172.13,167.79,-0.025204,5059316,380,29.14,0.0182,-0.014769
2024-07-27,PFE,Healthcare,26.81,26.45,-0.013384,4105073,160,12.69,0.0171,-0.014769
2024-07-27,JPM,Financials,122.09,122.0,-0.000739,3363428,540,22.34,0.0191,-0.014769
2024-07-27,BAC,Financials,36.32,36.13,-0.005101,1585906,260,17.28,0.0259,-0.014769
2024-07-27,XOM,Energy,97.43,93.83,-0.036956,7243945,450,23.9,0.0136,-0.014769
2024-07-27,CVX,Energy,189.28,189.81,0.00278,7439747,300,26.02,0.0215,-0.014769
2024-07-27,PG,Consumer,148.96,147.39,-0.010535,5404199,380,20.07,0.0246,-0.014769
2024-07-27,KO,Consumer,80.52,77.76,-0.034308,4272075,260,18.73,0.0123,-0.014769
2024-07-28,AAPL,Technology,244.73,245.75,0.004178,7067171,2800,30.22,0.0118,0.023459
2024-07-28,MSFT,Technology,505.11,525.47,0.040306,2412912,2900,23.97,0.0254,0.023459
2024-07-28,JNJ,Healthcare,167.79,168.78,0.005927,6776124,380,22.84,0.0182,0.023459
2024-07-28,PFE,Healthcare,26.45,26.8,0.013234,6550443,160,21.46,0.012,0.023459
2024-07-28,JPM,Financials,122.0,124.41,0.019751,3580100,540,26.15,0.0203,0.023459
2024-07-28,BAC,Financials,36.13,38.41,0.063019,4044515,260,30.88,0.0087,0.023459
2024-07-28,XOM,Energy,93.83,96.77,0.031319,2407573,450,27.62,0.0262,0.023459
2024-07-28,CVX,Energy,189.81,191.03,0.006409,5282049,300,14.26,0.0337,0.023459
2024-07-28,PG,Consumer,147.39,151.38,0.027052,6890554,380,5.98,0.0081,0.023459
2024-07-28,KO,Consumer,77.76,81.51,0.048198,7909018,260,17.4,0.0141,0.023459
2024-07-30,AAPL,Technology,245.75,238.38,-0.029986,4702992,2800,12.07,0.0263,-0.018781
2024-07-30,MSFT,Technology,525.47,512.53,-0.024621,4639105,2900,5.9,0.0328,-0.018781
2024-07-30,JNJ,Healthcare,168.78,164.33,-0.026375,6466780,380,17.76,0.0298,-0.018781
2024-07-30,PFE,Healthcare,26.8,26.82,0.000744,5702781,160,13.71,0.0335,-0.018781
2024-07-30,JPM,Financials,124.41,126.34,0.015504,4618824,540,13.36,0.0171,-0.018781
2024-07-30,BAC,Financials,38.41,37.14,-0.033115,9250006,260,22.71,0.022,-0.018781
2024-07-30,XOM,Energy,96.77,95.21,-0.01614,3773956,450,27.36,0.0242,-0.018781
2024-07-30,CVX,Energy,191.03,192.4,0.007184,3081352,300,31.31,0.0214,-0.018781
2024-07-30,PG,Consumer,151.38,149.31,-0.013644,6664307,380,25.13,0.0205,-0.018781
2024-07-30,KO,Consumer,81.51,79.77,-0.021304,3005786,260,18.24,0.0081,-0.018781
2024-07-31,AAPL,Technology,238.38,240.41,0.008515,3171362,2800,23.28,0.0072,-0.000609
2024-07-31,MSFT,Technology,512.53,505.81,-0.013119,5499733,2900,18.7,0.0128,-0.000609
2024-07-31,JNJ,Healthcare,164.33,163.93,-0.002409,4915011,380,17.91,0.0259,-0.000609
2024-07-31,PFE,Healthcare,26.82,27.15,0.012418,5501359,160,33.37,0.0368,-0.000609
2024-07-31,JPM,Financials,126.34,125.27,-0.008506,6465134,540,33.93,0.0186,-0.000609
2024-07-31,BAC,Financials,37.14,37.3,0.004399,7378520,260,33.7,0.0085,-0.000609
2024-07-31,XOM,Energy,95.21,96.4,0.012474,5036825,450,11.81,0.0172,-0.000609
2024-07-31,CVX,Energy,192.4,193.41,0.005247,4896911,300,22.65,0.0339,-0.000609
2024-07-31,PG,Consumer,149.31,150.2,0.005956,6176255,380,38.68,0.0213,-0.000609
2024-07-31,KO,Consumer,79.77,79.91,0.001708,3916103,260,21.33,0.0084,-0.000609
2024-08-02,AAPL,Technology,240.41,241.16,0.003106,2714370,2800,30.05,0.0212,0.005563
2024-08-02,MSFT,Technology,505.81,506.01,0.000401,4827172,2900,8.43,0.0257,0.005563
2024-08-02,JNJ,Healthcare,163.93,165.78,0.011255,5597226,380,34.6,0.0326,0.005563
2024-08-02,PFE,Healthcare,27.15,26.72,-0.015739,6513984,160,24.16,0.0301,0.005563
2024-08-02,JPM,Financials,125.27,124.81,-0.003669,8470022,540,16.8,0.0118,0.005563
2024-08-02,BAC,Financials,37.3,36.65,-0.017308,2349322,260,29.7,0,0.005563
2024-08-02,XOM,Energy,96.4,97.18,0.008142,6541960,450,23.13,0.0244,0.005563
2024-08-02,CVX,Energy,193.41,194.12,0.003679,5770671,300,27.63,0.0182,0.005563
2024-08-02,PG,Consumer,150.2,152.2,0.013292,9111695,380,21.33,0.0324,0.005563
2024-08-02,KO,Consumer,79.91,80.29,0.004739,8278408,260,26.98,0.0157,0.005563
2024-08-03,AAPL,Technology,241.16,235.89,-0.021847,7659376,2800,25.92,0.0083,0.002594
2024-08-03,MSFT,Technology,506.01,509.35,0.006602,5010564,2900,24.41,0.0182,0.002594
2024-08-03,JNJ,Healthcare,165.78,164.49,-0.00776,3082022,380,8.26,0.0262,0.002594
2024-08-03,PFE,Healthcare,26.72,26.27,-0.016789,5699149,160,29.88,0.0134,0.002594
2024-08-03,JPM,Financials,124.81,126.77,0.015687,6599546,540,22.81,0.0229,0.002594
2024-08-03,BAC,Financials,36.65,36.83,0.004822,1201839,260,11.59,0.0335,0.002594
2024-08-03,XOM,Energy,97.18,96.98,-0.002091,5576277,450,12.9,0.0118,0.002594
2024-08-03,CVX,Energy,194.12,195.81,0.008703,5286269,300,16.55,0.0165,0.002594
2024-08-03,PG,Consumer,152.2,151.63,-0.00373,1080964,380,15.73,0.0142,0.002594
2024-08-03,KO,Consumer,80.29,82.15,0.023106,2347401,260,16.23,0.0207,0.002594
2024-08-05,AAPL,Technology,235.89,230.3,-0.023692,6063898,2800,20.06,0.0133,-0.022433
2024-08-05,MSFT,Technology,509.35,504.73,-0.009078,3802465,2900,23.06,0.0272,-0.022433
2024-08-05,JNJ,Healthcare,164.49,164.15,-0.002043,4947579,380,29.19,0.0132,-0.022433
2024-08-05,PFE,Healthcare,26.27,26.39,0.004548,2694399,160,23.63,0.0303,-0.022433
2024-08-05,JPM,Financials,126.77,125.98,-0.006236,5001862,540,24.84,0,-0.022433
2024-08-05,BAC,Financials,36.83,35.58,-0.033895,4094006,260,10.37,0.0247,-0.022433
2024-08-05,XOM,Energy,96.98,92.97,-0.041301,3505289,450,8.11,0.0109,-0.022433
2024-08-05,CVX,Energy,195.81,195.7,-0.000559,7139404,300,22.33,0.0213,-0.022433
2024-08-05,PG,Consumer,151.63,148.28,-0.022117,4103296,380,19.46,0.0264,-0.022433
2024-08-05,KO,Consumer,82.15,81.91,-0.002929,2677548,260,23.62,0.0086,-0.022433
2024-08-06,AAPL,Technology,230.3,226.63,-0.015937,4392444,2800,13.42,0.0262,-0.016158
2024-08-06,MSFT,Technology,504.73,499.7,-0.009969,3121605,2900,25.68,0.028,-0.016158
2024-08-06,JNJ,Healthcare,164.15,158.36,-0.035291,6590092,380,21.24,0.0338,-0.016158
2024-08-06,PFE,Healthcare,26.39,25.74,-0.02454,3696999,160,28.29,,-0.016158
2024-08-06,JPM,Financials,125.98,123.01,-0.023578,5014131,540,28.85,0.0245,-0.016158
2024-08-06,BAC,Financials,35.58,34.88,-0.019573,7102053,260,17.05,0.0363,-0.016158
2024-08-06,XOM,Energy,92.97,92.56,-0.004424,4144550,450,18.02,0.0245,-0.016158
2024-08-06,CVX,Energy,195.7,194.38,-0.006723,6153840,300,29.13,,-0.016158
2024-08-06,PG,Consumer,148.28,146.23,-0.013806,3265452,380,22.68,0.0136,-0.016158
2024-08-06,KO,Consumer,81.91,79.17,-0.033504,6139924,260,19.28,0.0302,-0.016158
2024-08-08,AAPL,Technology,226.63,229.12,0.011004,3413943,2800,21.43,0.0231,-0.012694
2024-08-08,MSFT,Technology,499.7,484.91,-0.02959,5918660,2900,21.38,0.0174,-0.012694
2024-08-08,JNJ,Healthcare,158.36,157.08,-0.008052,5855234,380,16.77,0.0327,-0.012694
2024-08-08,PFE,Healthcare,25.74,25.95,0.008104,4186186,160,19.11,0.0258,-0.012694
2024-08-08,JPM,Financials,123.01,120.25,-0.022416,3747327,540,15.44,0.0366,-0.012694
2024-08-08,BAC,Financials,34.88,34.56,-0.009229,5511684,260,15.23,0.0167,-0.012694
2024-08-08,XOM,Energy,92.56,93.21,0.006969,2622779,450,21.11,0.0261,-0.012694
2024-08-08,CVX,Energy,194.38,187.16,-0.037143,2553908,300,23.96,0.0281,-0.012694
2024-08-08,PG,Consumer,146.23,145.39,-0.005722,3875937,380,41.13,0.0364,-0.012694
2024-08-08,KO,Consumer,79.17,74.46,-0.059458,5899133,260,36.9,0.033,-0.012694
2024-08-09,AAPL,Technology,229.12,231.82,0.01179,6458476,2800,23.13,0.0005,-0.002467
2024-08-09,MSFT,Technology,484.91,478.19,-0.013866,4887815,2900,26.15,0.0144,-0.002467
2024-08-09,JNJ,Healthcare,157.08,158.28,0.007619,2812365,380,17.93,0.0047,-0.002467
2024-08-09,PFE,Healthcare,25.95,25.38,-0.021896,6853383,160,17.3,0.0201,-0.002467
2024-08-09,JPM,Financials,120.25,122.49,0.018635,3905351,540,16.29,0.0227,-0.002467
2024-08-09,BAC,Financials,34.56,34.68,0.003335,3646409,260,19.08,0.0331,-0.002467
2024-08-09,XOM,Energy,93.21,93.15,-0.000688,6182537,450,24.47,0.0292,-0.002467
2024-08-09,CVX,Energy,187.16,191.21,0.021642,4511248,300,21.11,0.0106,-0.002467
2024-08-09,PG,Consumer,145.39,147.05,0.011427,4501834,380,26.07,0.0237,-0.002467
2024-08-09,KO,Consumer,74.46,74.65,0.002544,3213202,260,23.07,0.0416,-0.002467
2024-08-10,AAPL,Technology,231.82,232.69,0.003737,7601577,2800,28.17,0.0257,0.00465
2024-08-10,MSFT,Technology,478.19,482.72,0.009471,5915857,2900,23.3,0.0019,0.00465
2024-08-10,JNJ,Healthcare,158.28,158.7,0.002664,5167215,380,46.6,0.0163,0.00465
2024-08-10,PFE,Healthcare,25.38,25.96,0.022848,7358587,160,19.72,0.0092,0.00465
2024-08-10,JPM,Financials,122.49,124.71,0.018128,4922500,540,15.05,0.0149,0.00465
2024-08-10,BAC,Financials,34.68,35.32,0.018429,5314624,260,23.34,0.0197,0.00465
2024-08-10,XOM,Energy,93.15,94.54,0.014967,4066118,450,21.76,0.0237,0.00465
2024-08-10,CVX,Energy,191.21,196.49,0.027613,1146695,300,32.01,0.0181,0.00465
2024-08-10,PG,Consumer,147.05,152.87,0.039559,4248716,380,31.26,0.0264,0.00465
2024-08-10,KO,Consumer,74.65,73.01,-0.022015,2754900,260,24.75,0.0151,0.00465
2024-08-12,AAPL,Technology,232.69,229.92,-0.011913,5220262,2800,18.59,0.0064,-0.023017
2024-08-12,MSFT,Technology,482.72,473.08,-0.01997,3964247,2900,25.55,0.0132,-0.023017
2024-08-12,JNJ,Healthcare,158.7,155.92,-0.017493,3480742,380,35.39,0.0115,-0.023017
2024-08-12,PFE,Healthcare,25.96,25.55,-0.015882,6772259,160,5,0.0091,-0.023017
2024-08-12,JPM,Financials,124.71,122.79,-0.015421,5065341,540,26.62,0.0208,-0.023017
2024-08-12,BAC,Financials,35.32,34.65,-0.019076,3701440,260,,,-0.023017
2024-08-12,XOM,Energy,94.54,91.71,-0.029886,8331330,450,5.26,0.0137,-0.023017
2024-08-12,CVX,Energy,196.49,190.98,-0.028029,3703336,300,35.86,0.0142,-0.023017
2024-08-12,PG,Consumer,152.87,147.91,-0.032432,5680650,380,24.89,0.0264,-0.023017
2024-08-12,KO,Consumer,73.01,72.95,-0.000851,3860466,260,11.48,0.0336,-0.023017
2024-08-13,AAPL,Technology,229.92,222.8,-0.030964,5867436,2800,20.07,0.0283,-0.007789
2024-08-13,MSFT,Technology,473.08,473.66,0.001229,7904443,2900,19.29,0.0405,-0.007789
2024-08-13,JNJ,Healthcare,155.92,154.86,-0.006778,3975842,380,37.95,0.0101,-0.007789
2024-08-13,PFE,Healthcare,25.55,25.2,-0.013503,4487204,160,,0.0265,-0.007789
2024-08-13,JPM,Financials,122.79,122.57,-0.001811,4360929,540,18.33,0.0186,-0.007789
2024-08-13,BAC,Financials,34.65,34.75,0.002909,2254823,260,25.91,0.0183,-0.007789
2024-08-13,XOM,Energy,91.71,93.38,0.018215,4072006,450,17.67,0.0214,-0.007789
2024-08-13,CVX,Energy,190.98,185.6,-0.028154,4486780,300,14.27,0.0315,-0.007789
2024-08-13,PG,Consumer,147.91,148.95,0.007,5099224,380,11.17,0.0179,-0.007789
2024-08-13,KO,Consumer,72.95,72.5,-0.006139,7207319,260,19.13,0.0085,-0.007789
2024-08-15,AAPL,Technology,222.8,212.45,-0.046457,8219793,2800,34.56,0.0111,-0.023352
2024-08-15,MSFT,Technology,473.66,456.21,-0.036835,4192425,2900,8.49,0.0167,-0.023352
2024-08-15,JNJ,Healthcare,154.86,149.94,-0.031778,6917955,380,14.81,0.0206,-0.023352
2024-08-15,PFE,Healthcare,25.2,24.52,-0.026919,5332496,160,15.16,0.0161,-0.023352
2024-08-15,JPM,Financials,122.57,116.4,-0.050304,4002489,540,22.03,0.0322,-0.023352
2024-08-15,BAC,Financials,34.75,32.89,-0.053613,5040666,260,17.07,0.0173,-0.023352
2024-08-15,XOM,Energy,93.38,88.76,-0.049436,3767443,450,20.29,0.0287,-0.023352
2024-08-15,CVX,Energy,185.6,178.17,-0.04002,3452272,300,19.96,0.0246,-0.023352
2024-08-15,PG,Consumer,148.95,146.9,-0.013784,2501427,380,22.35,0.0112,-0.023352
2024-08-15,KO,Consumer,72.5,70.21,-0.031607,7200027,260,30.77,0.0201,-0.023352
2024-08-16,AAPL,Technology,212.45,214.19,0.008178,5813579,2800,15.88,0.0345,0.015212
2024-08-16,MSFT,Technology,456.21,463.67,0.016351,4240831,2900,18.62,0.0111,0.015212
2024-08-16,JNJ,Healthcare,149.94,152.36,0.01612,4785322,380,27.96,0.0047,0.015212
2024-08-16,PFE,Healthcare,24.52,24.9,0.015487,5652069,160,18.67,,0.015212
2024-08-16,JPM,Financials,116.4,116.53,0.001085,3154740,540,20.88,0.0374,0.015212
2024-08-16,BAC,Financials,32.89,33.72,0.025305,520882,260,24.81,0.0179,0.015212
2024-08-16,XOM,Energy,88.76,87.6,-0.013116,5187480,450,10.01,0.0205,0.015212
2024-08-16,CVX,Energy,178.17,182.12,0.022195,3873639,300,25.26,0.0269,0.015212
2024-08-16,PG,Consumer,146.9,151.36,0.030357,6049828,380,32.05,0.022,0.015212
2024-08-16,KO,Consumer,70.21,73.75,0.050472,6133020,260,29.91,0.0107,0.015212
2024-08-18,AAPL,Technology,214.19,213.03,-0.0054,606691,2800,16.16,0.0002,-0.006912
2024-08-18,MSFT,Technology,463.67,452.97,-0.023083,2826291,2900,22.66,0.0195,-0.006912
2024-08-18,JNJ,Healthcare,152.36,151.41,-0.006244,5636577,380,5.06,0.0242,-0.006912
2024-08-18,PFE,Healthcare,24.9,24.81,-0.003426,5233235,160,26.98,0.0296,-0.006912
2024-08-18,JPM,Financials,116.53,119.46,0.02514,5731166,540,17.62,0.0225,-0.006912
2024-08-18,BAC,Financials,33.72,33.7,-0.000543,7588608,260,22.53,0.0307,-0.006912
2024-08-18,XOM,Energy,87.6,88.76,0.013293,3914083,450,22.98,0.0191,-0.006912
2024-08-18,CVX,Energy,182.12,178.67,-0.018934,6660553,300,14.98,0.0221,-0.006912
2024-08-18,PG,Consumer,151.36,149.06,-0.01518,3553466,380,21.01,0.0165,-0.006912
2024-08-18,KO,Consumer,73.75,73.12,-0.008507,3445829,260,17.6,0.0238,-0.006912
2024-08-19,AAPL,Technology,213.03,217.01,0.018673,6102493,2800,22.07,0.0293,0.012577
2024-08-19,MSFT,Technology,452.97,456.47,0.007734,3752704,2900,31.72,0.0165,0.012577
2024-08-19,JNJ,Healthcare,151.41,152.91,0.009903,3481447,380,29.22,0.0231,0.012577
2024-08-19,PFE,Healthcare,24.81,24.52,-0.01177,6505120,160,38.3,0.0179,0.012577
2024-08-19,JPM,Financials,119.46,118.59,-0.007275,7614749,540,29.02,0.0124,0.012577
2024-08-19,BAC,Financials,33.7,33.48,-0.006409,5364955,260,10.47,0.02,0.012577
2024-08-19,XOM,Energy,88.76,90.07,0.014803,5008930,450,30.39,0.0146,0.012577
2024-08-19,CVX,Energy,178.67,176.63,-0.011425,2802866,300,27.64,0.0208,0.012577
2024-08-19,PG,Consumer,149.06,148.66,-0.002673,4912760,380,25.32,0.0312,0.012577
2024-08-19,KO,Consumer,73.12,75.12,0.027394,5194887,260,6.6,0.0258,0.012577
2024-08-21,AAPL,Technology,217.01,213.06,-0.018197,4634480,2800,18.87,0.0238,-0.009846
2024-08-21,MSFT,Technology,456.47,453.04,-0.007513,6791556,2900,26.2,0.0151,-0.009846
2024-08-21,JNJ,Healthcare,152.91,148.68,-0.027663,5129850,380,20.87,0.0278,-0.009846
2024-08-21,PFE,Healthcare,24.52,24.2,-0.013239,6119234,160,19.13,0.0219,-0.009846
2024-08-21,JPM,Financials,118.59,117.76,-0.006961,7138395,540,32.53,0.0074,-0.009846
2024-08-21,BAC,Financials,33.48,32.68,-0.023945,6503582,260,27.67,0.0171,-0.009846
2024-08-21,XOM,Energy,90.07,90.87,0.008907,3524885,450,14.52,0.0221,-0.009846
2024-08-21,CVX,Energy,176.63,169.68,-0.039341,2452055,300,36.17,0.0142,-0.009846
2024-08-21,PG,Consumer,148.66,148.39,-0.00185,5345308,380,29.18,0.0321,-0.009846
2024-08-21,KO,Consumer,75.12,75.56,0.005917,3983185,260,33.13,0.0284,-0.009846
2024-08-22,AAPL,Technology,213.06,213.61,0.002564,6114250,2800,17.74,0.0245,0.004647
2024-08-22,MSFT,Technology,453.04,461.71,0.019139,5880191,2900,20.82,0.025,0.004647
2024-08-22,JNJ,Healthcare,148.68,149.23,0.003676,6395755,380,21.83,0.0173,0.004647
2024-08-22,PFE,Healthcare,24.2,23.74,-0.019105,2986333,160,30.41,0.0218,0.004647
2024-08-22,JPM,Financials,117.76,119.56,0.015262,3758362,540,13.17,0.0405,0.004647
2024-08-22,BAC,Financials,32.68,31.64,-0.031713,7964942,260,18.87,0,0.004647
2024-08-22,XOM,Energy,90.87,90.53,-0.003736,5643084,450,22.47,0.0073,0.004647
2024-08-22,CVX,Energy,169.68,174.88,0.030663,6047619,300,25.32,0.016,0.004647
2024-08-22,PG,Consumer,148.39,150.22,0.012305,4492698,380,7.37,0.0175,0.004647
2024-08-22,KO,Consumer,75.56,74.61,-0.01255,6073393,260,16.7,0.0076,0.004647
2024-08-24,AAPL,Technology,213.61,209.65,-0.018547,8287961,2800,30.07,0.0308,0.010137
2024-08-24,MSFT,Technology,461.71,465.04,0.007215,3502550,2900,30.22,0.0215,0.010137
2024-08-24,JNJ,Healthcare,149.23,151.48,0.015061,7591301,380,12.34,0.013,0.010137
2024-08-24,PFE,Healthcare,23.74,24.21,0.019961,6125599,160,32.04,0.0063,0.010137
2024-08-24,JPM,Financials,119.56,120.41,0.007093,6309017,540,17.41,0.0115,0.010137
2024-08-24,BAC,Financials,31.64,31.94,0.009381,3356228,260,26.39,0.0192,0.010137
2024-08-24,XOM,Energy,90.53,90.49,-0.000438,3486578,450,23.86,0.0485,0.010137
2024-08-24,CVX,Energy,174.88,175.0,0.000686,7589656,300,18.73,0.0324,0.010137
2024-08-24,PG,Consumer,150.22,151.77,0.010334,3316320,380,26.63,0.0167,0.010137
2024-08-24,KO,Consumer,74.61,77.06,0.032884,7872903,260,24.52,0.024,0.010137
2024-08-25,AAPL,Technology,209.65,213.9,0.020281,2329908,2800,37.75,0.0505,-0.007107
2024-08-25,MSFT,Technology,465.04,466.59,0.003326,8154226,2900,24.49,0.0301,-0.007107
2024-08-25,JNJ,Healthcare,151.48,147.64,-0.025378,5204507,380,29.52,0.0053,-0.007107
2024-08-25,PFE,Healthcare,24.21,23.82,-0.016258,8036527,160,18.24,0.0197,-0.007107
2024-08-25,JPM,Financials,120.41,122.19,0.014793,5544588,540,17.0,0.0032,-0.007107
2024-08-25,BAC,Financials,31.94,31.81,-0.004172,4084165,260,6.88,0.0289,-0.007107
2024-08-25,XOM,Energy,90.49,89.33,-0.012873,3955534,450,23.16,0.0356,-0.007107
2024-08-25,CVX,Energy,175.0,174.45,-0.003143,1933047,300,10.95,0.0081,-0.007107
2024-08-25,PG,Consumer,151.77,148.37,-0.022433,6184563,380,17.79,0.0251,-0.007107
2024-08-25,KO,Consumer,77.06,76.89,-0.0022,2422344,260,27.1,0.0233,-0.007107
2024-08-26,AAPL,Technology,213.9,210.54,-0.015728,5292583,2800,27.8,0.0182,0.00137
2024-08-26,MSFT,Technology,466.59,477.15,0.022635,4854742,2900,13.51,0.0173,0.00137
2024-08-26,JNJ,Healthcare,147.64,149.27,0.011045,5027560,380,9.21,0.0291,0.00137
2024-08-26,PFE,Healthcare,23.82,23.74,-0.003161,5378866,160,29.91,0.0244,0.00137
2024-08-26,JPM,Financials,122.19,124.1,0.015658,5782588,540,21.5,0.0089,0.00137
2024-08-26,BAC,Financials,31.81,31.27,-0.017042,5639756,260,14.83,0.0376,0.00137
2024-08-26,XOM,Energy,89.33,89.88,0.006136,8292437,450,23.45,0.0289,0.00137
2024-08-26,CVX,Energy,174.45,173.06,-0.007988,2722705,300,23.26,0.0103,0.00137
2024-08-26,PG,Consumer,148.37,148.46,0.000582,1668288,380,26.35,0.0287,0.00137
2024-08-26,KO,Consumer,76.89,76.31,-0.007604,6622062,260,25.02,0.0097,0.00137
2024-08-28,AAPL,Technology,210.54,218.01,0.035495,7641559,2800,20.32,0.0273,0.004332
2024-08-28,MSFT,Technology,477.15,460.17,-0.035582,5874222,2900,28.13,0.0236,0.004332
2024-08-28,JNJ,Healthcare,149.27,149.54,0.001786,2376196,380,16.35,0.0338,0.004332
2024-08-28,PFE,Healthcare,23.74,24.02,0.011623,6499514,160,15.9,0.0341,0.004332
2024-08-28,JPM,Financials,124.1,122.35,-0.014079,6357668,540,27.04,0.016,0.004332
2024-08-28,BAC,Financials,31.27,31.0,-0.008752,3124487,260,17.34,0.0181,0.004332
2024-08-28,XOM,Energy,89.88,91.17,0.014299,7795799,450,22.96,0.014,0.004332
2024-08-28,CVX,Energy,173.06,175.86,0.016163,4805313,300,26.18,0.0153,0.004332
2024-08-28,PG,Consumer,148.46,147.52,-0.006358,4678032,380,22.74,0.013,0.004332
2024-08-28,KO,Consumer,76.31,76.44,0.001726,4855324,260,20.38,0.0307,0.004332
2024-08-29,AAPL,Technology,218.01,215.83,-0.01002,7671119,2800,16.97,0.0294,-0.005949
2024-08-29,MSFT,Technology,460.17,458.3,-0.004064,3725021,2900,26.61,0.0092,-0.005949
2024-08-29,JNJ,Healthcare,149.54,151.43,0.012655,6605441,380,21.44,0.0016,-0.005949
2024-08-29,PFE,Healthcare,24.02,23.51,-0.021165,5441841,160,35.43,0.0182,-0.005949
2024-08-29,JPM,Financials,122.35,121.82,-0.004345,5475582,540,33.29,0.0216,-0.005949
2024-08-29,BAC,Financials,31.0,30.11,-0.02885,6218553,260,28.13,0.0188,-0.005949
2024-08-29,XOM,Energy,91.17,90.28,-0.009769,4042707,450,34.4,0.0152,-0.005949
2024-08-29,CVX,Energy,175.86,179.3,0.019557,7428906,300,25.41,0.0173,-0.005949
2024-08-29,PG,Consumer,147.52,149.33,0.012237,1731068,380,18.56,0.0219,-0.005949
2024-08-29,KO,Consumer,76.44,76.23,-0.002804,9701534,260,11.72,0.0265,-0.005949
2024-08-31,AAPL,Technology,215.83,215.25,-0.002687,6990503,2800,18.13,0.0128,-0.011696
2024-08-31,MSFT,Technology,458.3,446.63,-0.02547,3424109,2900,24.68,0.0252,-0.011696
2024-08-31,JNJ,Healthcare,151.43,148.56,-0.018967,7679903,380,17.97,0.0354,-0.011696
2024-08-31,PFE,Healthcare,23.51,22.98,-0.022681,5640560,160,7.89,0.0248,-0.011696
2024-08-31,JPM,Financials,121.82,116.46,-0.043975,5017492,540,28.52,0.0164,-0.011696
2024-08-31,BAC,Financials,30.11,29.69,-0.013862,9520627,260,26.15,0.0255,-0.011696
2024-08-31,XOM,Energy,90.28,88.42,-0.020591,8419427,450,18.39,0.0183,-0.011696
2024-08-31,CVX,Energy,179.3,177.33,-0.010989,4821035,300,32.97,0.0264,-0.011696
2024-08-31,PG,Consumer,149.33,149.45,0.000816,4870049,380,14.17,0.0251,-0.011696
2024-08-31,KO,Consumer,76.23,74.47,-0.023047,7085593,260,5,0.0399,-0.011696
2024-09-01,AAPL,Technology,215.25,206.77,-0.039389,3778591,2800,30.49,0.0122,-0.020622
2024-09-01,MSFT,Technology,446.63,439.49,-0.015986,5506764,2900,26.61,0.0173,-0.020622
2024-09-01,JNJ,Healthcare,148.56,145.89,-0.017993,1504322,380,19.59,0.0104,-0.020622
2024-09-01,PFE,Healthcare,22.98,22.89,-0.003903,6826370,160,20.09,0.0141,-0.020622
2024-09-01,JPM,Financials,116.46,116.12,-0.002905,4369085,540,11.85,0.0149,-0.020622
2024-09-01,BAC,Financials,29.69,28.3,-0.046977,7790074,260,15.07,0.0191,-0.020622
2024-09-01,XOM,Energy,88.42,85.57,-0.032177,4524786,450,32.29,0.0323,-0.020622
2024-09-01,CVX,Energy,177.33,172.72,-0.026009,4851275,300,37.18,0.0188,-0.020622
2024-09-01,PG,Consumer,149.45,146.6,-0.019056,6787868,380,9.93,0,-0.020622
2024-09-01,KO,Consumer,74.47,74.6,0.001697,5705813,260,20.41,0.0118,-0.020622
2024-09-03,AAPL,Technology,206.77,206.15,-0.002996,7438573,2800,22.28,0.0104,0.007259
2024-09-03,MSFT,Technology,439.49,432.59,-0.015709,6442987,2900,22.81,0.0116,0.007259
2024-09-03,JNJ,Healthcare,145.89,145.4,-0.003356,5684526,380,8.09,0.019,0.007259
2024-09-03,PFE,Healthcare,22.89,23.31,0.018506,1922056,160,21.54,0.0082,0.007259
2024-09-03,JPM,Financials,116.12,115.8,-0.00275,100000,540,17.17,0.0171,0.007259
2024-09-03,BAC,Financials,28.3,28.07,-0.007975,7805907,260,8.9,0.0291,0.007259
2024-09-03,XOM,Energy,85.57,85.38,-0.002274,7021295,450,18.7,0.0328,0.007259
2024-09-03,CVX,Energy,172.72,173.69,0.005644,4060532,300,19.71,0.0206,0.007259
2024-09-03,PG,Consumer,146.6,147.37,0.005226,6479881,380,18.21,0.0131,0.007259
2024-09-03,KO,Consumer,74.6,76.28,0.022587,6297544,260,24.63,0.0168,0.007259
2024-09-04,AAPL,Technology,206.15,207.57,0.006871,2301616,2800,29.61,0.0058,0.00622
2024-09-04,MSFT,Technology,432.59,431.52,-0.002477,4782225,2900,32.46,0.0241,0.00622
2024-09-04,JNJ,Healthcare,145.4,144.28,-0.007714,3733407,380,29.28,0.0233,0.00622
2024-09-04,PFE,Healthcare,23.31,23.5,0.008041,6284163,160,34.8,0.0136,0.00622
2024-09-04,JPM,Financials,115.8,116.78,0.008447,4610508,540,24.67,0.0306,0.00622
2024-09-04,BAC,Financials,28.07,27.33,-0.026206,6175901,260,18.67,0.0096,0.00622
2024-09-04,XOM,Energy,85.38,88.4,0.035428,3357023,450,31.39,0.0324,0.00622
2024-09-04,CVX,Energy,173.69,177.46,0.021695,1274617,300,40.29,0.0271,0.00622
2024-09-04,PG,Consumer,147.37,145.87,-0.010188,4421424,380,19.35,0.0267,0.00622
2024-09-04,KO,Consumer,76.28,76.15,-0.001657,4539049,260,35.74,0.0317,0.00622
2024-09-06,AAPL,Technology,207.57,206.22,-0.006511,5530970,2800,12.34,0.0241,-0.001417
2024-09-06,MSFT,Technology,431.52,433.29,0.004091,7377017,2900,14.93,0.0349,-0.001417
2024-09-06,JNJ,Healthcare,144.28,144.94,0.0046,6122044,380,15.8,0.0074,-0.001417
2024-09-06,PFE,Healthcare,23.5,23.82,0.013438,5335653,160,9.58,0.0281,-0.001417
2024-09-06,JPM,Financials,116.78,118.09,0.011199,3417828,540,8.74,0.0089,-0.001417
2024-09-06,BAC,Financials,27.33,27.16,-0.006292,3341131,260,18.39,0.0284,-0.001417
2024-09-06,XOM,Energy,88.4,88.11,-0.00327,6492501,450,22.06,0.0232,-0.001417
2024-09-06,CVX,Energy,177.46,178.41,0.005361,5392077,300,34.72,0.0075,-0.001417
2024-09-06,PG,Consumer,145.87,143.35,-0.017274,2568204,380,20.92,0.0332,-0.001417
2024-09-06,KO,Consumer,76.15,75.87,-0.003684,8384199,260,22.35,0.0276,-0.001417
2024-09-07,AAPL,Technology,206.22,201.56,-0.022621,7784256,2800,35.0,0.0296,0.000643
2024-09-07,MSFT,Technology,433.29,440.85,0.017448,6150589,2900,18.23,0.0217,0.000643
2024-09-07,JNJ,Healthcare,144.94,145.97,0.007118,4259420,380,11.53,0.0254,0.000643
2024-09-07,PFE,Healthcare,23.82,23.78,-0.001838,2649057,160,5,0.02,0.000643
2024-09-07,JPM,Financials,118.09,115.1,-0.02528,6861214,540,14.59,0.0353,0.000643
2024-09-07,BAC,Financials,27.16,26.76,-0.014724,6026597,260,28.26,0.0171,0.000643
2024-09-07,XOM,Energy,88.11,88.84,0.008329,1310474,450,23.86,0.019,0.000643
2024-09-07,CVX,Energy,178.41,177.68,-0.004087,3434354,300,31.91,0,0.000643
2024-09-07,PG,Consumer,143.35,138.87,-0.03124,7208329,380,47.5,0.0405,0.000643
2024-09-07,KO,Consumer,75.87,75.96,0.001171,3618289,260,32.69,0.0232,0.000643
2024-09-09,AAPL,Technology,201.56,205.64,0.020267,4821662,2800,17.91,0.0294,0.009888
2024-09-09,MSFT,Technology,440.85,440.69,-0.000356,6026522,2900,25.73,0.0093,0.009888
2024-09-09,JNJ,Healthcare,145.97,146.64,0.004561,6980710,380,11.4,0.0484,0.009888
2024-09-09,PFE,Healthcare,23.78,24.34,0.023429,5850062,160,18.21,0.0258,0.009888
2024-09-09,JPM,Financials,115.1,115.68,0.00502,4676440,540,14.52,0.026,0.009888
2024-09-09,BAC,Financials,26.76,27.51,0.028182,4532027,260,8.61,0.02,0.009888
2024-09-09,XOM,Energy,88.84,91.79,0.033222,3069440,450,17.41,0.0319,0.009888
2024-09-09,CVX,Energy,177.68,178.8,0.006314,6171090,300,14.84,0.013,0.009888
2024-09-09,PG,Consumer,138.87,140.28,0.010121,5850253,380,32.66,0.0124,0.009888
2024-09-09,KO,Consumer,75.96,76.35,0.005191,4347445,260,24.45,0.0244,0.009888
2024-09-10,AAPL,Technology,205.64,207.41,0.008612,2732320,2800,37.69,0.0282,0.006934
2024-09-10,MSFT,Technology,440.69,441.6,0.002055,5610009,2900,32.67,0.0181,0.006934
2024-09-10,JNJ,Healthcare,146.64,147.97,0.009044,2814809,380,29.37,0.014,0.006934
2024-09-10,PFE,Healthcare,24.34,24.18,-0.006723,3921167,160,25.87,0.021,0.006934
2024-09-10,JPM,Financials,115.68,120.21,0.03913,4403544,540,9.87,0.0245,0.006934
2024-09-10,BAC,Financials,27.51,28.32,0.029349,5197486,260,27.13,0.0238,0.006934
2024-09-10,XOM,Energy,91.79,91.67,-0.001307,4621203,450,14.66,0.0336,0.006934
2024-09-10,CVX,Energy,178.8,178.11,-0.003883,4353749,300,23.93,0.0234,0.006934
2024-09-10,PG,Consumer,140.28,140.8,0.003714,4306566,380,21.7,0.0415,0.006934
2024-09-10,KO,Consumer,76.35,76.34,-9.8e-05,1558955,260,12.89,0.0162,0.006934
2024-09-12,AAPL,Technology,207.41,209.5,0.01006,5384871,2800,32.31,0.0111,0.015839
2024-09-12,MSFT,Technology,441.6,451.6,0.022634,3028201,2900,32.06,0.0143,0.015839
2024-09-12,JNJ,Healthcare,147.97,151.51,0.023952,3156991,380,5,0.0302,0.015839
2024-09-12,PFE,Healthcare,24.18,24.79,0.02514,5727634,160,16.39,0.0262,0.015839
2024-09-12,JPM,Financials,120.21,119.5,-0.005911,8830238,540,19.22,0.0195,0.015839
2024-09-12,BAC,Financials,28.32,29.04,0.025345,4084882,260,26.84,0.0188,0.015839
2024-09-12,XOM,Energy,91.67,90.57,-0.011986,4593054,450,13.63,0.0216,0.015839
2024-09-12,CVX,Energy,178.11,177.22,-0.00502,5065014,300,31.33,0.0286,0.015839
2024-09-12,PG,Consumer,140.8,145.05,0.030184,8632135,380,21.09,0,0.015839
2024-09-12,KO,Consumer,76.34,77.6,0.016538,4639951,260,12.13,0.0248,0.015839
2024-09-13,AAPL,Technology,209.5,213.96,0.021307,7148201,2800,14.13,0.0108,-0.006712
2024-09-13,MSFT,Technology,451.6,441.75,-0.021809,3082583,2900,22.54,0.0073,-0.006712
2024-09-13,JNJ,Healthcare,151.51,145.57,-0.039196,2850726,380,5,0.0366,-0.006712
2024-09-13,PFE,Healthcare,24.79,23.78,-0.040743,5842028,160,20.17,0.0213,-0.006712
2024-09-13,JPM,Financials,119.5,118.45,-0.008797,3183836,540,23.82,0.0243,-0.006712
2024-09-13,BAC,Financials,29.04,28.88,-0.005547,8340832,260,23.88,0.0309,-0.006712
2024-09-13,XOM,Energy,90.57,93.07,0.027623,6359281,450,22.35,0.0338,-0.006712
2024-09-13,CVX,Energy,177.22,174.35,-0.016169,6587865,300,19.23,0.0272,-0.006712
2024-09-13,PG,Consumer,145.05,141.19,-0.026615,3899940,380,15.84,0.0149,-0.006712
2024-09-13,KO,Consumer,77.6,78.02,0.00544,8112331,260,19.85,0.0202,-0.006712
2024-09-14,AAPL,Technology,213.96,208.47,-0.025663,2403674,2800,31.17,0.0227,-0.019306
2024-09-14,MSFT,Technology,441.75,438.38,-0.00764,4107842,2900,22.43,0.024,-0.019306
2024-09-14,JNJ,Healthcare,145.57,142.68,-0.019837,4584243,380,26.67,0.0126,-0.019306
2024-09-14,PFE,Healthcare,23.78,23.29,-0.020807,5949116,160,31.15,0.0237,-0.019306
2024-09-14,JPM,Financials,118.45,112.77,-0.047967,6810682,540,27.94,0.0217,-0.019306
2024-09-14,BAC,Financials,28.88,28.57,-0.010831,2170844,260,26.92,0.0113,-0.019306
2024-09-14,XOM,Energy,93.07,93.03,-0.00038,2154704,450,12.8,0.0256,-0.019306
2024-09-14,CVX,Energy,174.35,167.81,-0.037525,4398495,300,33.13,0.0311,-0.019306
2024-09-14,PG,Consumer,141.19,135.18,-0.04257,5425383,380,28.08,0.0284,-0.019306
2024-09-14,KO,Consumer,78.02,76.71,-0.016748,2732754,260,28.38,0.0221,-0.019306
2024-09-16,AAPL,Technology,208.47,205.84,-0.012605,6088112,2800,16.52,0.0254,0.011131
2024-09-16,MSFT,Technology,438.38,443.08,0.010711,3027599,2900,13.43,0.0265,0.011131
2024-09-16,JNJ,Healthcare,142.68,141.79,-0.006205,4680294,380,18.13,0.0032,0.011131
2024-09-16,PFE,Healthcare,23.29,23.53,0.010503,6246542,160,34.27,0.0149,0.011131
2024-09-16,JPM,Financials,112.77,117.64,0.043149,4468713,540,18.45,0.0142,0.011131
2024-09-16,BAC,Financials,28.57,29.33,0.026753,2906622,260,14.51,0.0172,0.011131
2024-09-16,XOM,Energy,93.03,95.69,0.028559,7753102,450,9.78,0.0381,0.011131
2024-09-16,CVX,Energy,167.81,172.23,0.026367,2776388,300,5,0.0254,0.011131
2024-09-16,PG,Consumer,135.18,140.17,0.036932,4664297,380,18.22,0.0035,0.011131
2024-09-16,KO,Consumer,76.71,78.28,0.020458,5130746,260,22.35,0.0164,0.011131
2024-09-17,AAPL,Technology,205.84,207.12,0.006226,5718179,2800,11.7,0.014,-0.008137
2024-09-17,MSFT,Technology,443.08,446.68,0.008132,2925180,2900,5,0.026,-0.008137
2024-09-17,JNJ,Healthcare,141.79,141.32,-0.003301,3252078,380,28.38,0.0145,-0.008137
2024-09-17,PFE,Healthcare,23.53,23.54,0.000338,8358174,160,24.17,0.014,-0.008137
2024-09-17,JPM,Financials,117.64,116.96,-0.005821,5891372,540,38.81,0.0344,-0.008137
2024-09-17,BAC,Financials,29.33,28.99,-0.011728,3408555,260,29.48,0.0127,-0.008137
2024-09-17,XOM,Energy,95.69,95.65,-0.000421,5204618,450,23.91,0.0061,-0.008137
2024-09-17,CVX,Energy,172.23,167.82,-0.02558,7770600,300,33.83,0.0012,-0.008137
2024-09-17,PG,Consumer,140.17,138.08,-0.014931,3549419,380,11.22,0.0208,-0.008137
2024-09-17,KO,Consumer,78.28,76.97,-0.016701,7238848,260,31.97,0.0247,-0.008137
2024-09-19,AAPL,Technology,207.12,212.43,0.025618,100000,2800,21.45,0.0325,0.004581
2024-09-19,MSFT,Technology,446.68,455.28,0.019259,2151992,2900,13.06,0.0148,0.004581
2024-09-19,JNJ,Healthcare,141.32,138.41,-0.020616,2895162,380,16.24,0.0292,0.004581
2024-09-19,PFE,Healthcare,23.54,23.7,0.006812,1527850,160,17.5,0.0176,0.004581
2024-09-19,JPM,Financials,116.96,119.84,0.024582,5756915,540,13.47,0,0.004581
2024-09-19,BAC,Financials,28.99,29.03,0.001417,7093293,260,17.27,0.0163,0.004581
2024-09-19,XOM,Energy,95.65,95.12,-0.00554,3746156,450,11.18,0.026,0.004581
2024-09-19,CVX,Energy,167.82,165.64,-0.013013,5258677,300,26.94,0.0123,0.004581
2024-09-19,PG,Consumer,138.08,133.19,-0.035426,3104919,380,8.02,0.0167,0.004581
2024-09-19,KO,Consumer,76.97,77.99,0.013189,6561591,260,20.66,0.0318,0.004581
2024-09-20,AAPL,Technology,212.43,205.65,-0.031922,6768925,2800,18.67,0.0163,-0.009209
2024-09-20,MSFT,Technology,455.28,444.77,-0.023083,4471152,2900,23.35,0.0164,-0.009209
2024-09-20,JNJ,Healthcare,138.41,138.06,-0.002546,7211707,380,14.26,0.0206,-0.009209
2024-09-20,PFE,Healthcare,23.7,23.58,-0.005059,3218509,160,34.12,0.0284,-0.009209
2024-09-20,JPM,Financials,119.84,118.29,-0.012948,4043791,540,17.01,0.0084,-0.009209
2024-09-20,BAC,Financials,29.03,29.58,0.018897,4371072,260,22.74,0.0284,-0.009209
2024-09-20,XOM,Energy,95.12,92.22,-0.030452,5395843,450,34.26,0.0133,-0.009209
2024-09-20,CVX,Energy,165.64,162.46,-0.019203,5407638,300,14.45,0.0211,-0.009209
2024-09-20,PG,Consumer,133.19,131.21,-0.01486,4312709,380,26.16,0.013,-0.009209
2024-09-20,KO,Consumer,77.99,78.14,0.001879,6941067,260,8.27,0.0038,-0.009209
2024-09-22,AAPL,Technology,205.65,204.93,-0.003489,5642542,2800,25.88,0.0202,-0.010794
2024-09-22,MSFT,Technology,444.77,448.64,0.008698,1547322,2900,20.78,0.0208,-0.010794
2024-09-22,JNJ,Healthcare,138.06,135.79,-0.016434,6542566,380,15.66,0.0442,-0.010794
2024-09-22,PFE,Healthcare,23.58,22.95,-0.026802,4803435,160,20.69,0.0266,-0.010794
2024-09-22,JPM,Financials,118.29,115.62,-0.022547,5140883,540,20.89,0.0042,-0.010794
2024-09-22,BAC,Financials,29.58,28.59,-0.033622,2514173,260,24.34,0.0235,-0.010794
2024-09-22,XOM,Energy,92.22,90.45,-0.01919,3985584,450,27.68,0.0086,-0.010794
2024-09-22,CVX,Energy,162.46,164.85,0.014685,8709600,300,17.33,0.0286,-0.010794
2024-09-22,PG,Consumer,131.21,130.71,-0.003791,5629838,380,33.3,,-0.010794
2024-09-22,KO,Consumer,78.14,77.43,-0.009133,6054840,260,13.27,0.0126,-0.010794
2024-09-23,AAPL,Technology,204.93,205.52,0.002865,7993714,2800,18.25,0.0194,-0.001022
2024-09-23,MSFT,Technology,448.64,446.36,-0.005087,5778007,2900,23.33,0.0244,-0.001022
2024-09-23,JNJ,Healthcare,135.79,133.33,-0.018105,5438246,380,10.82,0.0046,-0.001022
2024-09-23,PFE,Healthcare,22.95,22.73,-0.009694,5683703,160,18.88,0.0031,-0.001022
2024-09-23,JPM,Financials,115.62,113.4,-0.019169,6485343,540,22.73,0.0293,-0.001022
2024-09-23,BAC,Financials,28.59,28.62,0.001005,7416337,260,21.33,0.0256,-0.001022
2024-09-23,XOM,Energy,90.45,89.1,-0.014887,5442458,450,29.88,0.0239,-0.001022
2024-09-23,CVX,Energy,164.85,162.89,-0.01186,5018107,300,21.19,0.0365,-0.001022
2024-09-23,PG,Consumer,130.71,129.3,-0.010784,7628282,380,17.66,0.0193,-0.001022
2024-09-23,KO,Consumer,77.43,78.88,0.018666,3450540,260,29.11,0.0292,-0.001022
2024-09-25,AAPL,Technology,205.52,203.76,-0.008545,3620194,2800,10.42,0.0106,0.00869
2024-09-25,MSFT,Technology,446.36,452.09,0.012845,5897648,2900,5.88,0.0289,0.00869
2024-09-25,JNJ,Healthcare,133.33,136.54,0.024077,5887523,380,18.62,0.0117,0.00869
2024-09-25,PFE,Healthcare,22.73,23.19,0.020417,3951515,160,26.01,0.025,0.00869
2024-09-25,JPM,Financials,113.4,116.68,0.028965,3415338,540,23.5,0.0232,0.00869
2024-09-25,BAC,Financials,28.62,29.62,0.034973,3921056,260,9.89,0.0271,0.00869
2024-09-25,XOM,Energy,89.1,90.77,0.01873,6060116,450,10.89,0.0236,0.00869
2024-09-25,CVX,Energy,162.89,169.81,0.042489,3419693,300,26.3,0.0301,0.00869
2024-09-25,PG,Consumer,129.3,131.67,0.01834,3280579,380,19.39,0.0258,0.00869
2024-09-25,KO,Consumer,78.88,79.05,0.002188,6609572,260,10.05,0.0044,0.00869
2024-09-26,AAPL,Technology,203.76,203.23,-0.00259,3952211,2800,14.66,0.0236,0.010582
2024-09-26,MSFT,Technology,452.09,440.46,-0.025719,5647542,2900,24.61,0.0289,0.010582
2024-09-26,JNJ,Healthcare,136.54,133.52,-0.022105,4288012,380,9.38,0.0137,0.010582
2024-09-26,PFE,Healthcare,23.19,23.29,0.004296,5010989,160,21.3,0.0316,0.010582
2024-09-26,JPM,Financials,116.68,117.93,0.010704,6632118,540,19.52,0.0272,0.010582
2024-09-26,BAC,Financials,29.62,29.01,-0.020602,5966423,260,22.05,0.0081,0.010582
2024-09-26,XOM,Energy,90.77,91.51,0.008174,5273157,450,25.17,0.0168,0.010582
2024-09-26,CVX,Energy,169.81,170.77,0.005641,3909314,300,5.76,0.0079,0.010582
2024-09-26,PG,Consumer,131.67,130.64,-0.007856,3206434,380,22.55,0.0149,0.010582
2024-09-26,KO,Consumer,79.05,79.66,0.007778,5741957,260,25.48,0.0075,0.010582
2024-09-28,AAPL,Technology,203.23,206.26,0.014905,4196268,2800,5,0.0204,-0.001361
2024-09-28,MSFT,Technology,440.46,437.44,-0.006851,5464035,2900,23.07,0.0227,-0.001361
2024-09-28,JNJ,Healthcare,133.52,135.28,0.013217,5171232,380,12.84,0.0106,-0.001361
2024-09-28,PFE,Healthcare,23.29,23.42,0.005397,9226668,160,31.01,0.0088,-0.001361
2024-09-28,JPM,Financials,117.93,118.4,0.003993,6770412,540,33.63,0.0421,-0.001361
2024-09-28,BAC,Financials,29.01,28.52,-0.016972,3953560,260,13.1,0.0205,-0.001361
2024-09-28,XOM,Energy,91.51,90.72,-0.008632,3565238,450,13.22,0.0229,-0.001361
2024-09-28,CVX,Energy,170.77,174.54,0.022096,3024224,300,11.14,0.0113,-0.001361
2024-09-28,PG,Consumer,130.64,128.99,-0.012603,3644687,380,13.83,0.013,-0.001361
2024-09-28,KO,Consumer,79.66,81.22,0.019642,5194494,260,16.38,0.0244,-0.001361
2024-09-29,AAPL,Technology,206.26,204.99,-0.00616,6220631,2800,14.57,0.0241,6.2e-05
2024-09-29,MSFT,Technology,437.44,436.13,-0.002987,4161867,2900,25.99,0.0248,6.2e-05
2024-09-29,JNJ,Healthcare,135.28,133.59,-0.012505,9901587,380,20.47,0.028,6.2e-05
2024-09-29,PFE,Healthcare,23.42,23.68,0.011103,7025716,160,33.77,0.043,6.2e-05
2024-09-29,JPM,Financials,118.4,120.98,0.021755,4828605,540,13.4,0.0225,6.2e-05
2024-09-29,BAC,Financials,28.52,28.47,-0.001747,7612625,260,17.04,0.0142,6.2e-05
2024-09-29,XOM,Energy,90.72,88.79,-0.021285,6943495,450,31.71,0.0244,6.2e-05
2024-09-29,CVX,Energy,174.54,177.37,0.016226,4831876,300,28.46,0.017,6.2e-05
2024-09-29,PG,Consumer,128.99,130.68,0.01313,5313453,380,14.89,0.0212,6.2e-05
2024-09-29,KO,Consumer,81.22,82.27,0.012946,2675789,260,24.86,,6.2e-05
2024-10-01,AAPL,Technology,204.99,208.65,0.017877,4058540,2800,10.88,0.0142,0.011872
2024-10-01,MSFT,Technology,436.13,434.19,-0.004444,5839682,2900,26.87,0.0071,0.011872
2024-10-01,JNJ,Healthcare,133.59,135.87,0.017033,9825177,380,21.49,0.0193,0.011872
2024-10-01,PFE,Healthcare,23.68,24.49,0.034002,4602982,160,29.09,0.0426,0.011872
2024-10-01,JPM,Financials,120.98,123.05,0.017117,2184921,540,17.65,0.0204,0.011872
2024-10-01,BAC,Financials,28.47,29.09,0.021681,4437239,260,29.36,0.0067,0.011872
2024-10-01,XOM,Energy,88.79,88.32,-0.005276,5128840,450,22.87,0.0214,0.011872
2024-10-01,CVX,Energy,177.37,179.47,0.011853,2323025,300,25.83,0.0163,0.011872
2024-10-01,PG,Consumer,130.68,129.98,-0.005364,9406363,380,28.2,0.0175,0.011872
2024-10-01,KO,Consumer,82.27,84.15,0.022798,1782293,260,31.77,0.0304,0.011872
2024-10-02,AAPL,Technology,208.65,210.57,0.009218,9940374,2800,38.64,0.0192,-0.003078
2024-10-02,MSFT,Technology,434.19,441.61,0.017094,8232730,2900,24.87,0.0299,-0.003078
2024-10-02,JNJ,Healthcare,135.87,137.1,0.009024,6341128,380,16.42,0.0059,-0.003078
2024-10-02,PFE,Healthcare,24.49,24.45,-0.001739,4595376,160,20.79,0.0179,-0.003078
2024-10-02,JPM,Financials,123.05,125.84,0.022709,3712905,540,19.43,0.0297,-0.003078
2024-10-02,BAC,Financials,29.09,29.28,0.006523,5549908,260,18.9,0.0067,-0.003078
2024-10-02,XOM,Energy,88.32,86.69,-0.01849,3642443,450,16.42,0.0306,-0.003078
2024-10-02,CVX,Energy,179.47,177.43,-0.011359,3276966,300,32.59,0.0446,-0.003078
2024-10-02,PG,Consumer,129.98,131.51,0.011766,4396584,380,28.6,0.0255,-0.003078
2024-10-02,KO,Consumer,84.15,83.6,-0.006497,3853035,260,24.77,0.0168,-0.003078
2024-10-03,AAPL,Technology,210.57,213.33,0.01309,4190665,2800,40.43,0.0138,0.024403
2024-10-03,MSFT,Technology,441.61,453.3,0.026478,8635489,2900,18.68,0.0144,0.024403
2024-10-03,JNJ,Healthcare,137.1,142.39,0.038592,4401681,380,5.59,0.0166,0.024403
2024-10-03,PFE,Healthcare,24.45,25.47,0.041656,8374637,160,17.58,0.0187,0.024403
2024-10-03,JPM,Financials,125.84,129.93,0.032482,7429125,540,16.64,0.0112,0.024403
2024-10-03,BAC,Financials,29.28,30.08,0.027389,5790921,260,14.88,0.0363,0.024403
2024-10-03,XOM,Energy,86.69,87.54,0.009794,6058310,450,19.66,0.0364,0.024403
2024-10-03,CVX,Energy,177.43,177.82,0.002209,7828136,300,14.95,0.004,0.024403
2024-10-03,PG,Consumer,131.51,133.9,0.018176,7153225,380,23.29,0.0182,0.024403
2024-10-03,KO,Consumer,83.6,85.91,0.027589,5491598,260,20.5,0,0.024403
2024-10-05,AAPL,Technology,213.33,212.12,-0.005663,5489977,2800,16.93,0.0188,-0.009164
2024-10-05,MSFT,Technology,453.3,456.85,0.007828,6702660,2900,32.9,0.0171,-0.009164
2024-10-05,JNJ,Healthcare,142.39,138.97,-0.023988,5514040,380,21.12,0.0266,-0.009164
2024-10-05,PFE,Healthcare,25.47,25.72,0.009996,5046528,160,30.24,0.0121,-0.009164
2024-10-05,JPM,Financials,129.93,129.63,-0.002287,3523635,540,21.52,0.0143,-0.009164
2024-10-05,BAC,Financials,30.08,29.15,-0.030754,6733539,260,17.86,0.0212,-0.009164
2024-10-05,XOM,Energy,87.54,83.45,-0.046747,5780903,450,29.44,0.0192,-0.009164
2024-10-05,CVX,Energy,177.82,177.73,-0.00051,4361261,300,19.13,0.0314,-0.009164
2024-10-05,PG,Consumer,133.9,130.58,-0.024824,4964962,380,24.46,0.0135,-0.009164
2024-10-05,KO,Consumer,85.91,85.73,-0.002048,7324425,260,34.22,0.0339,-0.009164
2024-10-06,AAPL,Technology,212.12,215.76,0.017145,6899014,2800,15.33,0.0205,0.002741
2024-10-06,MSFT,Technology,456.85,447.34,-0.020819,6412738,2900,18.02,0.0397,0.002741
2024-10-06,JNJ,Healthcare,138.97,138.73,-0.001763,5190318,380,32.64,0.0263,0.002741
2024-10-06,PFE,Healthcare,25.72,25.58,-0.005369,4238354,160,25.2,0.0216,0.002741
2024-10-06,JPM,Financials,129.63,127.27,-0.018224,4481519,540,19.34,0.0205,0.002741
2024-10-06,BAC,Financials,29.15,29.3,0.00499,7177364,260,32.13,0.0409,0.002741
2024-10-06,XOM,Energy,83.45,83.15,-0.003593,6911150,450,26.93,0.0168,0.002741
2024-10-06,CVX,Energy,177.73,181.13,0.019156,10771029,300,18.15,0.0177,0.002741
2024-10-06,PG,Consumer,130.58,130.22,-0.002726,5738550,380,27.69,0.0131,0.002741
2024-10-06,KO,Consumer,85.73,85.81,0.000882,4017936,260,34.48,0.0189,0.002741
2024-10-08,AAPL,Technology,215.76,214.62,-0.005267,1267416,2800,16.24,0.0312,-0.009718
2024-10-08,MSFT,Technology,447.34,454.74,0.016539,7259428,2900,27.51,0.0078,-0.009718
2024-10-08,JNJ,Healthcare,138.73,135.54,-0.022998,7103437,380,12.68,0.0163,-0.009718
2024-10-08,PFE,Healthcare,25.58,25.01,-0.022238,8676072,160,17.33,0.0317,-0.009718
2024-10-08,JPM,Financials,127.27,126.98,-0.002274,5056882,540,28.4,0.0184,-0.009718
2024-10-08,BAC,Financials,29.3,28.04,-0.042986,4203232,260,23.07,,-0.009718
2024-10-08,XOM,Energy,83.15,82.47,-0.008225,796975,450,6.83,0.0044,-0.009718
2024-10-08,CVX,Energy,181.13,179.36,-0.009746,10916112,300,12.11,0.0281,-0.009718
2024-10-08,PG,Consumer,130.22,129.42,-0.006124,4661618,380,17.92,0.0241,-0.009718
2024-10-08,KO,Consumer,85.81,82.87,-0.034247,943154,260,23.18,0.0162,-0.009718
2024-10-09,AAPL,Technology,214.62,210.82,-0.017706,4484866,2800,28.99,0.0009,0.001339
2024-10-09,MSFT,Technology,454.74,442.05,-0.027899,3128221,2900,32.39,0.0355,0.001339
2024-10-09,JNJ,Healthcare,135.54,139.39,0.028387,6541962,380,14.0,0.018,0.001339
2024-10-09,PFE,Healthcare,25.01,24.51,-0.020007,7900655,160,25.1,,0.001339
2024-10-09,JPM,Financials,126.98,126.99,0.00011,5539695,540,6.11,0.0142,0.001339
2024-10-09,BAC,Financials,28.04,27.57,-0.016843,7904505,260,25.88,0.0238,0.001339
2024-10-09,XOM,Energy,82.47,83.06,0.007138,6556217,450,31.35,0.0275,0.001339
2024-10-09,CVX,Energy,179.36,179.23,-0.000722,2366586,300,14.7,0.0115,0.001339
2024-10-09,PG,Consumer,129.42,129.9,0.003704,6577517,380,21.63,0.0204,0.001339
2024-10-09,KO,Consumer,82.87,82.75,-0.001499,7889566,260,29.09,0.0091,0.001339
2024-10-11,AAPL,Technology,210.82,213.43,0.012367,4775007,2800,22.68,0.032,0.00464
2024-10-11,MSFT,Technology,442.05,436.26,-0.013108,1672513,2900,13.65,0.0044,0.00464
2024-10-11,JNJ,Healthcare,139.39,139.33,-0.000395,6296115,380,22.49,0.0205,0.00464
2024-10-11,PFE,Healthcare,24.51,24.95,0.017857,2207664,160,20.17,0.0083,0.00464
2024-10-11,JPM,Financials,126.99,127.35,0.002837,3317441,540,26.0,0.0236,0.00464
2024-10-11,BAC,Financials,27.57,28.41,0.030544,5285177,260,28.42,0.0328,0.00464
2024-10-11,XOM,Energy,83.06,83.87,0.009802,6980938,450,28.43,0.0116,0.00464
2024-10-11,CVX,Energy,179.23,181.88,0.014794,6330956,300,28.49,0.0257,0.00464
2024-10-11,PG,Consumer,129.9,130.5,0.004653,2758620,380,26.87,0.0022,0.00464
2024-10-11,KO,Consumer,82.75,84.18,0.017331,429870,260,11.64,0.0293,0.00464
2024-10-12,AAPL,Technology,213.43,211.14,-0.010726,7688489,2800,29.89,0.0064,-0.007356
2024-10-12,MSFT,Technology,436.26,435.61,-0.001493,6987901,2900,25.18,0.0179,-0.007356
2024-10-12,JNJ,Healthcare,139.33,138.8,-0.003819,4001445,380,17.64,0.0181,-0.007356
2024-10-12,PFE,Healthcare,24.95,23.97,-0.039418,3162259,160,24.77,0.0318,-0.007356
2024-10-12,JPM,Financials,127.35,125.8,-0.012175,2211428,540,19.89,0.0243,-0.007356
2024-10-12,BAC,Financials,28.41,28.76,0.012311,5050852,260,21.32,0.0368,-0.007356
2024-10-12,XOM,Energy,83.87,83.08,-0.009414,5327681,450,26.91,0.0175,-0.007356
2024-10-12,CVX,Energy,181.88,177.23,-0.025558,5777948,300,21.18,0.0149,-0.007356
2024-10-12,PG,Consumer,130.5,130.09,-0.003132,5788948,380,19.67,0.018,-0.007356
2024-10-12,KO,Consumer,84.18,85.41,0.014664,6349108,260,7.19,0.0151,-0.007356
2024-10-14,AAPL,Technology,211.14,219.25,0.038427,4867616,2800,12.86,0.0012,0.022538
2024-10-14,MSFT,Technology,435.61,452.77,0.039387,5743995,2900,25.59,0,0.022538
2024-10-14,JNJ,Healthcare,138.8,145.51,0.048324,6482166,380,5,0.0095,0.022538
2024-10-14,PFE,Healthcare,23.97,23.93,-0.001686,1708605,160,13.43,0.0289,0.022538
2024-10-14,JPM,Financials,125.8,127.77,0.015684,4921457,540,37.26,0.0333,0.022538
2024-10-14,BAC,Financials,28.76,28.44,-0.011255,9521848,260,11.04,0.0238,0.022538
2024-10-14,XOM,Energy,83.08,83.15,0.000887,3693074,450,21.48,0.0235,0.022538
2024-10-14,CVX,Energy,177.23,185.15,0.044706,8908605,300,17.08,0.037,0.022538
2024-10-14,PG,Consumer,130.09,134.11,0.030904,4064197,380,19.4,0.0295,0.022538
2024-10-14,KO,Consumer,85.41,87.49,0.024312,3934021,260,20.69,0.0155,0.022538
2024-10-15,AAPL,Technology,219.25,211.47,-0.035466,3590914,2800,5.67,0.0084,0.001612
2024-10-15,MSFT,Technology,452.77,440.62,-0.026841,2462705,2900,15.1,0.0211,0.001612
2024-10-15,JNJ,Healthcare,145.51,145.41,-0.000655,6978776,380,20.17,0.0201,0.001612
2024-10-15,PFE,Healthcare,23.93,24.42,0.020273,3586510,160,20.76,0.0255,0.001612
2024-10-15,JPM,Financials,127.77,128.92,0.008963,6200394,540,12.31,0.0276,0.001612
2024-10-15,BAC,Financials,28.44,28.82,0.013262,4932122,260,9.42,0.0132,0.001612
2024-10-15,XOM,Energy,83.15,82.32,-0.00995,7081994,450,25.51,0.0373,0.001612
2024-10-15,CVX,Energy,185.15,187.03,0.01018,3584556,300,18.73,0.0224,0.001612
2024-10-15,PG,Consumer,134.11,133.63,-0.003568,2759451,380,14.44,0.0195,0.001612
2024-10-15,KO,Consumer,87.49,87.06,-0.004961,3931771,260,13.57,0.0173,0.001612
2024-10-17,AAPL,Technology,211.47,207.89,-0.016909,4308362,2800,24.74,0.0144,-0.012713
2024-10-17,MSFT,Technology,440.62,424.84,-0.035811,7494455,2900,32.11,0.0195,-0.012713
2024-10-17,JNJ,Healthcare,145.41,144.16,-0.00859,8460050,380,17.1,0.0272,-0.012713
2024-10-17,PFE,Healthcare,24.42,23.98,-0.018106,5431109,160,25.78,0.027,-0.012713
2024-10-17,JPM,Financials,128.92,126.93,-0.015448,2785142,540,20.89,0.018,-0.012713
2024-10-17,BAC,Financials,28.82,28.69,-0.004432,3769240,260,18.53,0.023,-0.012713
2024-10-17,XOM,Energy,82.32,80.03,-0.027785,6868448,450,31.65,0.0182,-0.012713
2024-10-17,CVX,Energy,187.03,177.01,-0.053557,2412966,300,12.14,0.0066,-0.012713
2024-10-17,PG,Consumer,133.63,131.73,-0.014237,4179681,380,24.15,0.0267,-0.012713
2024-10-17,KO,Consumer,87.06,86.48,-0.00663,7087772,260,18.53,0.0017,-0.012713
2024-10-18,AAPL,Technology,207.89,201.87,-0.028964,3170293,2800,13.96,0.0389,-0.014085
2024-10-18,MSFT,Technology,424.84,423.47,-0.003232,4535231,2900,11.51,0.004,-0.014085
2024-10-18,JNJ,Healthcare,144.16,142.5,-0.011531,3908616,380,36.85,0.0265,-0.014085
2024-10-18,PFE,Healthcare,23.98,23.67,-0.012766,5533570,160,26.69,0.01,-0.014085
2024-10-18,JPM,Financials,126.93,123.93,-0.023645,5569885,540,11.76,0.0269,-0.014085
2024-10-18,BAC,Financials,28.69,28.42,-0.009465,3560149,260,30.34,0.0139,-0.014085
2024-10-18,XOM,Energy,80.03,78.08,-0.02433,4984841,450,27.43,0.0147,-0.014085
2024-10-18,CVX,Energy,177.01,174.36,-0.014983,4618933,300,15.69,0.0042,-0.014085
2024-10-18,PG,Consumer,131.73,125.78,-0.045169,5244739,380,17.7,0.0201,-0.014085
2024-10-18,KO,Consumer,86.48,85.27,-0.013962,4291028,260,30.55,0.0193,-0.014085
2024-10-20,AAPL,Technology,201.87,208.12,0.030945,3238959,2800,25.73,0.0156,0.010227
2024-10-20,MSFT,Technology,423.47,435.57,0.028576,7309160,2900,29.09,0.0143,0.010227
2024-10-20,JNJ,Healthcare,142.5,146.56,0.028509,8004522,380,18.38,0.024,0.010227
2024-10-20,PFE,Healthcare,23.67,23.53,-0.005871,5437090,160,14.97,0.0119,0.010227
2024-10-20,JPM,Financials,123.93,125.32,0.011188,4698080,540,23.17,0.0084,0.010227
2024-10-20,BAC,Financials,28.42,28.65,0.008094,7070241,260,23.05,0.0124,0.010227
2024-10-20,XOM,Energy,78.08,78.28,0.002617,6974969,450,9.77,0.0196,0.010227
2024-10-20,CVX,Energy,174.36,175.84,0.008516,5748931,300,17.72,0.0202,0.010227
2024-10-20,PG,Consumer,125.78,123.58,-0.01751,5525995,380,15.42,0.0235,0.010227
2024-10-20,KO,Consumer,85.27,84.79,-0.005667,5587841,260,13.86,0.0125,0.010227
2024-10-21,AAPL,Technology,208.12,210.21,0.010055,2389850,2800,35.9,0.0344,0.001072
2024-10-21,MSFT,Technology,435.57,424.49,-0.025435,5136976,2900,19.95,0.0452,0.001072
2024-10-21,JNJ,Healthcare,146.56,147.51,0.006484,3093994,380,21.31,0.0133,0.001072
2024-10-21,PFE,Healthcare,23.53,23.79,0.010911,5786868,160,23.73,0.0165,0.001072
2024-10-21,JPM,Financials,125.32,124.77,-0.004385,7593536,540,17.02,0.0234,0.001072
2024-10-21,BAC,Financials,28.65,28.82,0.006024,7560781,260,34.09,0.0221,0.001072
2024-10-21,XOM,Energy,78.28,80.01,0.022079,5031151,450,18.07,0.018,0.001072
2024-10-21,CVX,Energy,175.84,174.26,-0.008958,6091432,300,5,0.006,0.001072
2024-10-21,PG,Consumer,123.58,121.81,-0.014333,2892450,380,19.56,0.0104,0.001072
2024-10-21,KO,Consumer,84.79,86.83,0.024096,4670387,260,37.83,0.0146,0.001072
2024-10-22,AAPL,Technology,210.21,211.32,0.005301,3558274,2800,7.13,0.0067,0.004192
2024-10-22,MSFT,Technology,424.49,424.64,0.000343,7914879,2900,13.69,0.0246,0.004192
2024-10-22,JNJ,Healthcare,147.51,149.96,0.0166,4791236,380,19.0,0.0235,0.004192
2024-10-22,PFE,Healthcare,23.79,23.72,-0.002733,5690728,160,20.75,0.0209,0.004192
2024-10-22,JPM,Financials,124.77,122.91,-0.014925,7772760,540,29.75,0.0278,0.004192
2024-10-22,BAC,Financials,28.82,29.37,0.019029,3236941,260,40.88,0.0142,0.004192
2024-10-22,XOM,Energy,80.01,79.67,-0.004206,5614484,450,25.26,0,0.004192
2024-10-22,CVX,Energy,174.26,176.01,0.010052,6473581,300,35.24,0.0283,0.004192
2024-10-22,PG,Consumer,121.81,121.18,-0.005174,3281598,380,34.05,0.0244,0.004192
2024-10-22,KO,Consumer,86.83,84.13,-0.031096,1863383,260,26.12,0.0075,0.004192
2024-10-24,AAPL,Technology,211.32,206.84,-0.021215,2127916,2800,19.31,0.0227,-0.009145
2024-10-24,MSFT,Technology,424.64,429.37,0.011141,3948282,2900,13.52,0.0269,-0.009145
2024-10-24,JNJ,Healthcare,149.96,143.66,-0.041988,4951177,380,17.73,0.0279,-0.009145
2024-10-24,PFE,Healthcare,23.72,23.26,-0.019518,3953392,160,23.81,0.0257,-0.009145
2024-10-24,JPM,Financials,122.91,123.61,0.005724,4575356,540,16.65,0.0163,-0.009145
2024-10-24,BAC,Financials,29.37,29.31,-0.00188,6559065,260,23.97,0.0213,-0.009145
2024-10-24,XOM,Energy,79.67,78.13,-0.01939,7231077,450,29.7,0.0185,-0.009145
2024-10-24,CVX,Energy,176.01,178.19,0.012372,7672239,300,21.34,0.0097,-0.009145
2024-10-24,PG,Consumer,121.18,121.15,-0.000226,5586082,380,6.75,0.0029,-0.009145
2024-10-24,KO,Consumer,84.13,82.71,-0.016891,2162510,260,,0.0238,-0.009145
2024-10-25,AAPL,Technology,206.84,209.6,0.013321,1668350,2800,21.55,0.0212,0.00896
2024-10-25,MSFT,Technology,429.37,422.3,-0.016458,758745,2900,27.76,0.0327,0.00896
2024-10-25,JNJ,Healthcare,143.66,142.41,-0.008728,7079531,380,22.02,0.0459,0.00896
2024-10-25,PFE,Healthcare,23.26,23.85,0.025389,7903230,160,22.0,0.0236,0.00896
2024-10-25,JPM,Financials,123.61,123.24,-0.003023,4819858,540,5,0.0294,0.00896
2024-10-25,BAC,Financials,29.31,28.91,-0.013717,2214053,260,17.04,0.0185,0.00896
2024-10-25,XOM,Energy,78.13,77.61,-0.006673,6283643,450,11.68,0.0124,0.00896
2024-10-25,CVX,Energy,178.19,182.62,0.02488,4674115,300,27.46,0.0182,0.00896
2024-10-25,PG,Consumer,121.15,120.5,-0.005398,211140,380,16.54,0.0067,0.00896
2024-10-25,KO,Consumer,82.71,82.63,-0.000908,6762260,260,9.59,0.0362,0.00896
2024-10-27,AAPL,Technology,209.6,208.54,-0.005046,3502758,2800,6.79,0.012,-0.015562
2024-10-27,MSFT,Technology,422.3,415.22,-0.016777,4245766,2900,26.55,0.0176,-0.015562
2024-10-27,JNJ,Healthcare,142.41,140.84,-0.011001,2611424,380,16.25,0.0022,-0.015562
2024-10-27,PFE,Healthcare,23.85,23.69,-0.006876,7285046,160,23.67,0.0139,-0.015562
2024-10-27,JPM,Financials,123.24,122.1,-0.009246,4295852,540,15.01,0.0143,-0.015562
2024-10-27,BAC,Financials,28.91,28.54,-0.012843,4908767,260,16.25,0.0175,-0.015562
2024-10-27,XOM,Energy,77.61,79.65,0.026331,3481046,450,28.74,0.0232,-0.015562
2024-10-27,CVX,Energy,182.62,177.88,-0.025941,3907250,300,22.96,0.0197,-0.015562
2024-10-27,PG,Consumer,120.5,119.32,-0.0098,8733633,380,29.11,0.0294,-0.015562
2024-10-27,KO,Consumer,82.63,80.65,-0.023955,4993580,260,15.31,0.0317,-0.015562
2024-10-28,AAPL,Technology,208.54,211.79,0.015581,6091339,2800,36.23,0.0235,-0.00973
2024-10-28,MSFT,Technology,415.22,417.03,0.004365,1983011,2900,29.69,0.0159,-0.00973
2024-10-28,JNJ,Healthcare,140.84,136.76,-0.02894,3007931,380,12.08,0.0221,-0.00973
2024-10-28,PFE,Healthcare,23.69,23.84,0.006235,6162637,160,25.71,0.0115,-0.00973
2024-10-28,JPM,Financials,122.1,118.74,-0.027547,1567149,540,29.04,0.0156,-0.00973
2024-10-28,BAC,Financials,28.54,27.65,-0.031132,4952698,260,16.59,0.0271,-0.00973
2024-10-28,XOM,Energy,79.65,77.53,-0.026645,5302360,450,16.31,,-0.00973
2024-10-28,CVX,Energy,177.88,178.11,0.001292,5300628,300,20.96,0.0172,-0.00973
2024-10-28,PG,Consumer,119.32,114.87,-0.037283,6472380,380,29.44,0.0266,-0.00973
2024-10-28,KO,Consumer,80.65,80.4,-0.003135,4640806,260,48.62,0.0151,-0.00973
2024-10-30,AAPL,Technology,211.79,215.28,0.016489,4909126,2800,19.36,0.0199,0.003452
2024-10-30,MSFT,Technology,417.03,408.89,-0.019517,11000679,2900,23.28,0.0314,0.003452
2024-10-30,JNJ,Healthcare,136.76,134.35,-0.017602,2143026,380,22.61,0.0299,0.003452
2024-10-30,PFE,Healthcare,23.84,24.23,0.016507,5978482,160,26.6,0.0272,0.003452
2024-10-30,JPM,Financials,118.74,117.64,-0.009273,5826143,540,22.85,0.0008,0.003452
2024-10-30,BAC,Financials,27.65,27.82,0.006125,4159691,260,20.35,0.0255,0.003452
2024-10-30,XOM,Energy,77.53,77.14,-0.005007,2348891,450,19.84,0.0155,0.003452
2024-10-30,CVX,Energy,178.11,176.84,-0.007111,4694837,300,11.91,0,0.003452
2024-10-30,PG,Consumer,114.87,113.11,-0.015303,635846,380,15.01,0.0208,0.003452
2024-10-30,KO,Consumer,80.4,81.84,0.017874,5050125,260,35.58,0.0149,0.003452
2024-10-31,AAPL,Technology,215.28,219.25,0.018431,7064720,2800,20.57,0.0177,0.002559
2024-10-31,MSFT,Technology,408.89,408.26,-0.001548,9338240,2900,14.43,0.0094,0.002559
2024-10-31,JNJ,Healthcare,134.35,136.09,0.012964,4371927,380,19.85,0.0134,0.002559
2024-10-31,PFE,Healthcare,24.23,24.46,0.009401,4208007,160,21.66,0.0346,0.002559
2024-10-31,JPM,Financials,117.64,117.93,0.002501,7910588,540,23.57,0.0062,0.002559
2024-10-31,BAC,Financials,27.82,27.65,-0.006227,8212475,260,14.04,0.003,0.002559
2024-10-31,XOM,Energy,77.14,77.87,0.009509,6690204,450,5,0.0243,0.002559
2024-10-31,CVX,Energy,176.84,175.6,-0.007019,7550095,300,30.75,0.0267,0.002559
2024-10-31,PG,Consumer,113.11,112.66,-0.003959,3879063,380,9.96,0.0277,0.002559
2024-10-31,KO,Consumer,81.84,81.94,0.001225,6804694,260,20.45,0.0288,0.002559
2024-11-02,AAPL,Technology,219.25,215.03,-0.01927,6525162,2800,14.52,0.0061,-0.01176
2024-11-02,MSFT,Technology,408.26,391.22,-0.041734,6763872,2900,26.09,0.0126,-0.01176
2024-11-02,JNJ,Healthcare,136.09,136.59,0.003695,6587085,380,30.81,0.0174,-0.01176
2024-11-02,PFE,Healthcare,24.46,23.62,-0.034393,4184990,160,29.13,0.0249,-0.01176
2024-11-02,JPM,Financials,117.93,119.63,0.014392,6118478,540,23.96,0.0302,-0.01176
2024-11-02,BAC,Financials,27.65,27.39,-0.009443,5852967,260,11.19,0.04,-0.01176
2024-11-02,XOM,Energy,77.87,73.95,-0.050331,6373469,450,14.08,0.0179,-0.01176
2024-11-02,CVX,Energy,175.6,173.31,-0.013067,5077113,300,20.29,0.0166,-0.01176
2024-11-02,PG,Consumer,112.66,111.36,-0.011527,2985054,380,28.17,0.0238,-0.01176
2024-11-02,KO,Consumer,81.94,82.98,0.012753,6862623,260,30.08,0.0232,-0.01176
2024-11-03,AAPL,Technology,215.03,212.22,-0.013057,5612767,2800,29.73,0.0201,0.011247
2024-11-03,MSFT,Technology,391.22,401.45,0.026143,4994021,2900,32.62,0.0149,0.011247
2024-11-03,JNJ,Healthcare,136.59,139.78,0.023377,3313540,380,33.03,0.0132,0.011247
2024-11-03,PFE,Healthcare,23.62,23.49,-0.005333,6026106,160,33.59,0.0289,0.011247
2024-11-03,JPM,Financials,119.63,121.09,0.01223,5820435,540,21.76,0.0058,0.011247
2024-11-03,BAC,Financials,27.39,28.01,0.022665,8933649,260,23.37,0.026,0.011247
2024-11-03,XOM,Energy,73.95,74.03,0.001118,8391172,450,25.06,0.0195,0.011247
2024-11-03,CVX,Energy,173.31,173.99,0.003895,4028569,300,18.24,0.0151,0.011247
2024-11-03,PG,Consumer,111.36,110.27,-0.009823,5374238,380,23.35,0.0285,0.011247
2024-11-03,KO,Consumer,82.98,84.49,0.018174,5332392,260,26.42,0.0337,0.011247
2024-11-05,AAPL,Technology,212.22,211.53,-0.00326,3972827,2800,25.93,0.0191,0.001067
2024-11-05,MSFT,Technology,401.45,403.28,0.004564,6149588,2900,15.08,0.0078,0.001067
2024-11-05,JNJ,Healthcare,139.78,141.26,0.010603,6093621,380,31.83,0.0264,0.001067
2024-11-05,PFE,Healthcare,23.49,23.66,0.007197,8106259,160,9.44,0.0137,0.001067
2024-11-05,JPM,Financials,121.09,118.53,-0.021126,6925372,540,20.46,0.0279,0.001067
2024-11-05,BAC,Financials,28.01,28.47,0.016578,5745990,260,13.6,0.0104,0.001067
2024-11-05,XOM,Energy,74.03,73.6,-0.005869,2955231,450,16.74,0.0126,0.001067
2024-11-05,CVX,Energy,173.99,177.61,0.020817,6817459,300,18.12,0.0261,0.001067
2024-11-05,PG,Consumer,110.27,105.78,-0.04069,5352398,380,14.74,0.0053,0.001067
2024-11-05,KO,Consumer,84.49,85.62,0.013406,4570595,260,17.05,0.0124,0.001067
2024-11-06,AAPL,Technology,211.53,213.5,0.009313,2023612,2800,22.55,0.0167,-0.005401
2024-11-06,MSFT,Technology,403.28,399.45,-0.00949,6855736,2900,19.04,0.0196,-0.005401
2024-11-06,JNJ,Healthcare,141.26,141.59,0.002337,4887382,380,15.11,0.023,-0.005401
2024-11-06,PFE,Healthcare,23.66,23.38,-0.011629,3629043,160,20.36,0.0142,-0.005401
2024-11-06,JPM,Financials,118.53,116.28,-0.018969,6577899,540,15.12,0.0339,-0.005401
2024-11-06,BAC,Financials,28.47,27.97,-0.017548,6925684,260,29.97,0.0228,-0.005401
2024-11-06,XOM,Energy,73.6,70.56,-0.041346,5662888,450,19.83,0.0385,-0.005401
2024-11-06,CVX,Energy,177.61,179.56,0.010967,4055380,300,26.59,0.0196,-0.005401
2024-11-06,PG,Consumer,105.78,106.94,0.011001,4141127,380,23.53,0.0257,-0.005401
2024-11-06,KO,Consumer,85.62,84.79,-0.009737,8803624,260,11.5,0.0228,-0.005401
2024-11-07,AAPL,Technology,213.5,211.22,-0.010697,5933875,2800,27.62,0.0384,0.001423
2024-11-07,MSFT,Technology,399.45,400.78,0.003317,5681777,2900,24.08,0.0133,0.001423
2024-11-07,JNJ,Healthcare,141.59,141.91,0.002251,6272405,380,14.14,0.0245,0.001423
2024-11-07,PFE,Healthcare,23.38,23.07,-0.013072,4240502,160,34.5,0.022,0.001423
2024-11-07,JPM,Financials,116.28,117.34,0.009095,3064841,540,31.78,0.0217,0.001423
2024-11-07,BAC,Financials,27.97,27.93,-0.001314,6870106,260,24.56,0.0247,0.001423
2024-11-07,XOM,Energy,70.56,71.96,0.019891,4665885,450,22.7,0.0218,0.001423
2024-11-07,CVX,Energy,179.56,173.99,-0.031003,5135267,300,33.51,0.0174,0.001423
2024-11-07,PG,Consumer,106.94,105.76,-0.011017,2764809,380,23.36,0.0227,0.001423
2024-11-07,KO,Consumer,84.79,85.43,0.007507,7471766,260,22.7,0.0165,0.001423
2024-11-09,AAPL,Technology,211.22,205.45,-0.027323,4120144,2800,18.17,0.0193,-0.017232
2024-11-09,MSFT,Technology,400.78,402.21,0.003564,4538604,2900,35.04,0.0211,-0.017232
2024-11-09,JNJ,Healthcare,141.91,139.44,-0.017384,6060422,380,23.53,0.0136,-0.017232
2024-11-09,PFE,Healthcare,23.07,23.08,0.000615,1295113,160,37.52,0.0249,-0.017232
2024-11-09,JPM,Financials,117.34,116.54,-0.006815,2927438,540,35.39,0.0127,-0.017232
2024-11-09,BAC,Financials,27.93,27.58,-0.012369,6678917,260,23.29,0.0092,-0.017232
2024-11-09,XOM,Energy,71.96,71.97,9.8e-05,6316771,450,25.27,0.0078,-0.017232
2024-11-09,CVX,Energy,173.99,170.18,-0.021906,3978749,300,21.63,0.0225,-0.017232
2024-11-09,PG,Consumer,105.76,102.93,-0.026712,2635890,380,34.57,0.0251,-0.017232
2024-11-09,KO,Consumer,85.43,82.53,-0.033929,1591271,260,28.14,0.0375,-0.017232
2024-11-10,AAPL,Technology,205.45,205.8,0.001711,5229040,2800,28.6,0.0143,0.002391
2024-11-10,MSFT,Technology,402.21,404.89,0.006664,6557875,2900,23.13,0.0213,0.002391
2024-11-10,JNJ,Healthcare,139.44,135.65,-0.027152,6039742,380,25.6,0.0106,0.002391
2024-11-10,PFE,Healthcare,23.08,22.94,-0.005863,5863129,160,25.02,0.033,0.002391
2024-11-10,JPM,Financials,116.54,117.37,0.007137,2619551,540,7.03,0.0155,0.002391
2024-11-10,BAC,Financials,27.58,28.0,0.015302,6828387,260,14.26,0.0161,0.002391
2024-11-10,XOM,Energy,71.97,72.41,0.006106,7797927,450,18.64,0,0.002391
2024-11-10,CVX,Energy,170.18,170.35,0.000991,6424641,300,11.44,0.0148,0.002391
2024-11-10,PG,Consumer,102.93,100.85,-0.020193,5111117,380,26.39,0.0185,0.002391
2024-11-10,KO,Consumer,82.53,82.07,-0.005566,4346891,260,17.27,0.0053,0.002391
2024-11-12,AAPL,Technology,205.8,204.07,-0.008386,4978643,2800,16.74,0.0226,-0.015013
2024-11-12,MSFT,Technology,404.89,397.43,-0.018426,4916545,2900,17.26,0.026,-0.015013
2024-11-12,JNJ,Healthcare,135.65,134.26,-0.010248,6188031,380,19.5,0.0303,-0.015013
2024-11-12,PFE,Healthcare,22.94,22.7,-0.010513,5502251,160,45.75,0.0248,-0.015013
2024-11-12,JPM,Financials,117.37,118.18,0.006903,6469793,540,20.2,0.0162,-0.015013
2024-11-12,BAC,Financials,28.0,27.54,-0.01653,6205524,260,22.99,0.0072,-0.015013
2024-11-12,XOM,Energy,72.41,70.46,-0.026956,3293100,450,10.64,0,-0.015013
2024-11-12,CVX,Energy,170.35,169.71,-0.003763,2716714,300,24.79,0.0172,-0.015013
2024-11-12,PG,Consumer,100.85,98.06,-0.02768,4068546,380,25.13,0.0258,-0.015013
2024-11-12,KO,Consumer,82.07,80.62,-0.017636,4320189,260,19.04,0.0164,-0.015013
2024-11-13,AAPL,Technology,204.07,203.27,-0.003918,8298850,2800,31.38,0.0108,-0.003811
2024-11-13,MSFT,Technology,397.43,394.97,-0.006199,7569686,2900,8.55,0.0346,-0.003811
2024-11-13,JNJ,Healthcare,134.26,131.74,-0.01874,5334337,380,16.75,0.0242,-0.003811
2024-11-13,PFE,Healthcare,22.7,22.58,-0.005366,936529,160,25.07,0.0336,-0.003811
2024-11-13,JPM,Financials,118.18,116.71,-0.01244,2332732,540,5,0.0131,-0.003811
2024-11-13,BAC,Financials,27.54,27.17,-0.013372,5617259,260,17.94,0.0061,-0.003811
2024-11-13,XOM,Energy,70.46,72.18,0.024416,6672562,450,17.45,0.0515,-0.003811
2024-11-13,CVX,Energy,169.71,169.59,-0.000687,6734895,300,25.66,0.0166,-0.003811
2024-11-13,PG,Consumer,98.06,98.96,0.00917,3068598,380,24.31,0.0338,-0.003811
2024-11-13,KO,Consumer,80.62,79.63,-0.012222,5300046,260,34.41,0.0073,-0.003811
2024-11-15,AAPL,Technology,203.27,199.71,-0.017515,4199429,2800,24.51,0.0254,-0.012857
2024-11-15,MSFT,Technology,394.97,383.89,-0.028049,6646362,2900,20.85,0.0157,-0.012857
2024-11-15,JNJ,Healthcare,131.74,131.8,0.00046,2193292,380,19.72,0.0304,-0.012857
2024-11-15,PFE,Healthcare,22.58,22.49,-0.003957,5705701,160,8.67,0.0284,-0.012857
2024-11-15,JPM,Financials,116.71,115.88,-0.007145,5937148,540,31.57,0.0182,-0.012857
2024-11-15,BAC,Financials,27.17,27.21,0.001499,5947610,260,30.97,0.0047,-0.012857
2024-11-15,XOM,Energy,72.18,70.58,-0.022108,867893,450,20.93,0.0162,-0.012857
2024-11-15,CVX,Energy,169.59,174.24,0.02741,5633416,300,5,0.0111,-0.012857
2024-11-15,PG,Consumer,98.96,99.21,0.002562,4148171,380,10.44,0.0118,-0.012857
2024-11-15,KO,Consumer,79.63,79.13,-0.006282,4617085,260,19.28,0.0234,-0.012857
2024-11-16,AAPL,Technology,199.71,193.47,-0.031266,6782766,2800,19.43,0.0303,-0.017446
2024-11-16,MSFT,Technology,383.89,371.54,-0.032183,1963274,2900,23.69,0.0215,-0.017446
2024-11-16,JNJ,Healthcare,131.8,129.6,-0.016654,6328246,380,13.67,,-0.017446
2024-11-16,PFE,Healthcare,22.49,22.21,-0.012655,4658356,160,25.86,0.0262,-0.017446
2024-11-16,JPM,Financials,115.88,110.92,-0.042772,6527086,540,16.88,0.0034,-0.017446
2024-11-16,BAC,Financials,27.21,27.39,0.006734,6803201,260,29.93,0.0265,-0.017446
2024-11-16,XOM,Energy,70.58,69.07,-0.02141,5583289,450,19.61,0.0164,-0.017446
2024-11-16,CVX,Energy,174.24,168.97,-0.03022,4623794,300,36.45,0.0271,-0.017446
2024-11-16,PG,Consumer,99.21,95.6,-0.03641,5792718,380,5,0.035,-0.017446
2024-11-16,KO,Consumer,79.13,79.34,0.002646,4203857,260,25.74,0.0163,-0.017446
2024-11-18,AAPL,Technology,193.47,187.4,-0.031398,4074489,2800,35.65,0.0114,-0.007643
2024-11-18,MSFT,Technology,371.54,375.29,0.010085,3073364,2900,23.78,0.0134,-0.007643
2024-11-18,JNJ,Healthcare,129.6,131.0,0.010781,6339969,380,28.54,0.014,-0.007643
2024-11-18,PFE,Healthcare,22.21,21.97,-0.01099,3107112,160,22.22,0,-0.007643
2024-11-18,JPM,Financials,110.92,108.86,-0.01854,2709233,540,27.2,0,-0.007643
2024-11-18,BAC,Financials,27.39,27.36,-0.000998,3185697,260,5,0.01,-0.007643
2024-11-18,XOM,Energy,69.07,69.7,0.00919,7220196,450,31.52,0.0181,-0.007643
2024-11-18,CVX,Energy,168.97,165.23,-0.02216,865286,300,23.85,0.0192,-0.007643
2024-11-18,PG,Consumer,95.6,92.86,-0.02862,1204034,380,15.54,0.0289,-0.007643
2024-11-18,KO,Consumer,79.34,77.09,-0.028311,5408169,260,16.46,0.0231,-0.007643
2024-11-19,AAPL,Technology,187.4,188.51,0.005934,3646282,2800,29.58,0.0272,-0.000108
2024-11-19,MSFT,Technology,375.29,374.82,-0.001258,10819233,2900,40.46,0.0209,-0.000108
2024-11-19,JNJ,Healthcare,131.0,129.93,-0.008135,869526,380,,0.0148,-0.000108
2024-11-19,PFE,Healthcare,21.97,22.09,0.005521,9402678,160,10.45,0.011,-0.000108
2024-11-19,JPM,Financials,108.86,107.27,-0.014584,4251009,540,25.47,0.0173,-0.000108
2024-11-19,BAC,Financials,27.36,27.85,0.018014,5474383,260,16.88,0,-0.000108
2024-11-19,XOM,Energy,69.7,69.05,-0.009318,6380300,450,22.86,0.0192,-0.000108
2024-11-19,CVX,Energy,165.23,169.89,0.028197,2453381,300,5,0.0264,-0.000108
2024-11-19,PG,Consumer,92.86,92.94,0.000846,5548388,380,15.39,0.0067,-0.000108
2024-11-19,KO,Consumer,77.09,75.28,-0.023461,4183637,260,18.83,0.0275,-0.000108
2024-11-21,AAPL,Technology,188.51,192.17,0.019393,5353774,2800,24.54,0.0258,-0.008667
2024-11-21,MSFT,Technology,374.82,377.12,0.00613,4871123,2900,30.26,0.0372,-0.008667
2024-11-21,JNJ,Healthcare,129.93,131.84,0.014731,2435944,380,29.1,0.0153,-0.008667
2024-11-21,PFE,Healthcare,22.09,22.16,0.002978,4532374,160,13.18,0.0139,-0.008667
2024-11-21,JPM,Financials,107.27,102.28,-0.046493,2273168,540,17.41,0.0349,-0.008667
2024-11-21,BAC,Financials,27.85,27.32,-0.019187,4005961,260,33.71,0.0155,-0.008667
2024-11-21,XOM,Energy,69.05,66.5,-0.036893,7174048,450,28.64,0.0279,-0.008667
2024-11-21,CVX,Energy,169.89,165.35,-0.026698,3688730,300,7.85,0.0193,-0.008667
2024-11-21,PG,Consumer,92.94,92.72,-0.002315,2977081,380,25.65,0.0159,-0.008667
2024-11-21,KO,Consumer,75.28,74.29,-0.013124,5335690,260,34.78,0.0201,-0.008667
2024-11-22,AAPL,Technology,192.17,193.06,0.004611,4836721,2800,34.27,0.0187,-0.018713
2024-11-22,MSFT,Technology,377.12,382.45,0.014144,1499829,2900,19.81,0.0238,-0.018713
2024-11-22,JNJ,Healthcare,131.84,130.6,-0.0094,577263,380,13.92,0.0275,-0.018713
2024-11-22,PFE,Healthcare,22.16,21.65,-0.022904,8052768,160,33.71,0.0223,-0.018713
2024-11-22,JPM,Financials,102.28,100.42,-0.018213,6055721,540,25.56,0.0166,-0.018713
2024-11-22,BAC,Financials,27.32,27.01,-0.011446,5773423,260,20.04,0.0161,-0.018713
2024-11-22,XOM,Energy,66.5,66.06,-0.00659,3271420,450,32.96,0.0135,-0.018713
2024-11-22,CVX,Energy,165.35,166.99,0.009931,9072082,300,15.88,0.0185,-0.018713
2024-11-22,PG,Consumer,92.72,91.34,-0.014894,5230481,380,22.94,0.0125,-0.018713
2024-11-22,KO,Consumer,74.29,73.14,-0.015483,6332716,260,18.07,0.0337,-0.018713
2024-11-24,AAPL,Technology,193.06,193.74,0.003499,7028062,2800,18.99,0.0151,0.004526
2024-11-24,MSFT,Technology,382.45,372.02,-0.027277,6427661,2900,30.04,0.0248,0.004526
2024-11-24,JNJ,Healthcare,130.6,130.05,-0.004205,5549329,380,29.09,0.0226,0.004526
2024-11-24,PFE,Healthcare,21.65,21.65,9.2e-05,5242804,160,9.53,0.0022,0.004526
2024-11-24,JPM,Financials,100.42,102.39,0.019602,3340565,540,29.63,0.0358,0.004526
2024-11-24,BAC,Financials,27.01,26.66,-0.013021,6050822,260,28.11,0.0238,0.004526
2024-11-24,XOM,Energy,66.06,66.77,0.010695,6796457,450,34.6,0.0218,0.004526
2024-11-24,CVX,Energy,166.99,169.16,0.012983,8178352,300,12.17,0.0041,0.004526
2024-11-24,PG,Consumer,91.34,93.28,0.021218,4951659,380,15.03,0.0242,0.004526
2024-11-24,KO,Consumer,73.14,73.97,0.011344,7514151,260,16.15,0.0113,0.004526
2024-11-25,AAPL,Technology,193.74,192.93,-0.004179,5301109,2800,27.36,0.0207,0.012251
2024-11-25,MSFT,Technology,372.02,382.9,0.029247,2799122,2900,6.3,0.0184,0.012251
2024-11-25,JNJ,Healthcare,130.05,134.54,0.034532,5824970,380,24.96,0.0196,0.012251
2024-11-25,PFE,Healthcare,21.65,22.09,0.020527,7175334,160,20.2,0.031,0.012251
2024-11-25,JPM,Financials,102.39,106.03,0.035586,6006115,540,22.14,0.0184,0.012251
2024-11-25,BAC,Financials,26.66,26.67,0.000347,1967134,260,12.91,0.0224,0.012251
2024-11-25,XOM,Energy,66.77,67.96,0.017836,3427539,450,23.23,0.018,0.012251
2024-11-25,CVX,Energy,169.16,172.14,0.017589,3863989,300,24.14,0.0114,0.012251
2024-11-25,PG,Consumer,93.28,94.62,0.014348,3904829,380,19.81,0.0255,0.012251
2024-11-25,KO,Consumer,73.97,72.82,-0.015588,3282346,260,31.52,0.0153,0.012251
2024-11-26,AAPL,Technology,192.93,199.71,0.035166,4543834,2800,32.11,0.0258,0.024233
2024-11-26,MSFT,Technology,382.9,388.89,0.01565,10470255,2900,15.34,0.0149,0.024233
2024-11-26,JNJ,Healthcare,134.54,133.4,-0.008481,6076280,380,14.0,0.005,0.024233
2024-11-26,PFE,Healthcare,22.09,22.26,0.007648,2718160,160,12.6,0.0194,0.024233
2024-11-26,JPM,Financials,106.03,111.8,0.054388,7198097,540,19.31,0.0328,0.024233
2024-11-26,BAC,Financials,26.67,27.12,0.017009,2685356,260,25.1,0.0139,0.024233
2024-11-26,XOM,Energy,67.96,69.75,0.026382,6003067,450,21.32,0.0198,0.024233
2024-11-26,CVX,Energy,172.14,179.16,0.040793,2564390,300,26.4,0.0298,0.024233
2024-11-26,PG,Consumer,94.62,98.3,0.038909,5089228,380,22.52,0.0223,0.024233
2024-11-26,KO,Consumer,72.82,75.2,0.032636,194281,260,16.86,0.0224,0.024233
2024-11-28,AAPL,Technology,199.71,211.43,0.058685,2193864,2800,14.92,0.0308,0.022516
2024-11-28,MSFT,Technology,388.89,393.58,0.012048,4300898,2900,20.22,0.0104,0.022516
2024-11-28,JNJ,Healthcare,133.4,138.23,0.036191,5385470,380,17.85,0.0307,0.022516
2024-11-28,PFE,Healthcare,22.26,22.64,0.017243,5919352,160,11.73,0.0387,0.022516
2024-11-28,JPM,Financials,111.8,118.53,0.060157,158349,540,19.49,0.0109,0.022516
2024-11-28,BAC,Financials,27.12,26.5,-0.022705,5420491,260,37.12,0.025,0.022516
2024-11-28,XOM,Energy,69.75,70.47,0.010271,4420868,450,26.53,0.0194,0.022516
2024-11-28,CVX,Energy,179.16,186.51,0.041009,2298657,300,29.13,0.035,0.022516
2024-11-28,PG,Consumer,98.3,101.85,0.036155,5174586,380,28.09,0.0173,0.022516
2024-11-28,KO,Consumer,75.2,78.71,0.046647,4920596,260,5,0.0094,0.022516
2024-11-29,AAPL,Technology,211.43,210.8,-0.002967,5608410,2800,16.08,0.0306,-0.006063
2024-11-29,MSFT,Technology,393.58,391.19,-0.00606,8901215,2900,21.92,0.0324,-0.006063
2024-11-29,JNJ,Healthcare,138.23,139.47,0.009006,7835249,380,17.01,0.0224,-0.006063
2024-11-29,PFE,Healthcare,22.64,22.07,-0.025141,971121,160,37.68,0.0068,-0.006063
2024-11-29,JPM,Financials,118.53,118.41,-0.001015,5098742,540,17.65,0.0448,-0.006063
2024-11-29,BAC,Financials,26.5,26.66,0.006037,6231595,260,32.76,,-0.006063
2024-11-29,XOM,Energy,70.47,71.88,0.020057,5458733,450,36.93,0.0066,-0.006063
2024-11-29,CVX,Energy,186.51,188.58,0.0111,6727528,300,45.0,0.0186,-0.006063
2024-11-29,PG,Consumer,101.85,101.09,-0.00751,2685108,380,14.88,0.0045,-0.006063
2024-11-29,KO,Consumer,78.71,80.07,0.017285,4030912,260,24.13,0.02,-0.006063
2024-12-01,AAPL,Technology,210.8,202.19,-0.040825,4830485,2800,24.76,0.0185,-0.021105
2024-12-01,MSFT,Technology,391.19,391.76,0.001457,5041304,2900,27.99,0.0188,-0.021105
2024-12-01,JNJ,Healthcare,139.47,135.43,-0.028962,5566530,380,25.35,0.0025,-0.021105
2024-12-01,PFE,Healthcare,22.07,21.34,-0.033099,3917174,160,29.56,0.0213,-0.021105
2024-12-01,JPM,Financials,118.41,115.62,-0.023558,4730573,540,17.61,0.0137,-0.021105
2024-12-01,BAC,Financials,26.66,25.51,-0.043077,3334186,260,30.64,0.0263,-0.021105
2024-12-01,XOM,Energy,71.88,68.88,-0.041692,4464738,450,26.69,0.021,-0.021105
2024-12-01,CVX,Energy,188.58,181.64,-0.036825,7088624,300,15.41,,-0.021105
2024-12-01,PG,Consumer,101.09,97.68,-0.03375,5332831,380,25.8,0.0233,-0.021105
2024-12-01,KO,Consumer,80.07,76.51,-0.044463,3768291,260,26.09,0.009,-0.021105
2024-12-02,AAPL,Technology,202.19,198.91,-0.016213,5056375,2800,9.41,0.0123,-0.027237
2024-12-02,MSFT,Technology,391.76,378.69,-0.033353,4102916,2900,15.39,0.0137,-0.027237
2024-12-02,JNJ,Healthcare,135.43,133.86,-0.011579,8619599,380,23.64,0.0051,-0.027237
2024-12-02,PFE,Healthcare,21.34,20.14,-0.056313,10207839,160,34.16,0.0189,-0.027237
2024-12-02,JPM,Financials,115.62,114.75,-0.007538,9576859,540,26.72,0.0144,-0.027237
2024-12-02,BAC,Financials,25.51,24.37,-0.04487,1568700,260,5.99,0.0416,-0.027237
2024-12-02,XOM,Energy,68.88,69.12,0.003454,3450307,450,31.61,0.0188,-0.027237
2024-12-02,CVX,Energy,181.64,179.39,-0.012393,5241562,300,20.59,0.0183,-0.027237
2024-12-02,PG,Consumer,97.68,93.53,-0.042496,6616464,380,18.02,0.0272,-0.027237
2024-12-02,KO,Consumer,76.51,77.71,0.01564,3777567,260,17.5,0.0258,-0.027237
2024-12-04,AAPL,Technology,198.91,197.94,-0.004887,4319137,2800,12.67,0.012,-0.007061
2024-12-04,MSFT,Technology,378.69,372.68,-0.015865,5129273,2900,16.22,0.0179,-0.007061
2024-12-04,JNJ,Healthcare,133.86,131.11,-0.020559,1970932,380,28.04,0.0346,-0.007061
2024-12-04,PFE,Healthcare,20.14,20.38,0.011967,100000,160,29.25,0.0391,-0.007061
2024-12-04,JPM,Financials,114.75,112.09,-0.0232,2595013,540,32.03,0.0178,-0.007061
2024-12-04,BAC,Financials,24.37,24.44,0.002782,5960366,260,5,0.0202,-0.007061
2024-12-04,XOM,Energy,69.12,70.02,0.013038,7416527,450,6.18,0.0208,-0.007061
2024-12-04,CVX,Energy,179.39,177.33,-0.011479,4744369,300,22.91,0.034,-0.007061
2024-12-04,PG,Consumer,93.53,93.25,-0.00299,2572080,380,23.36,0.038,-0.007061
2024-12-04,KO,Consumer,77.71,78.77,0.013678,3160038,260,22.89,0.0212,-0.007061
2024-12-05,AAPL,Technology,197.94,195.16,-0.014044,5930502,2800,30.79,0.0256,0.009666
2024-12-05,MSFT,Technology,372.68,369.13,-0.009532,6434771,2900,37.53,0.0363,0.009666
2024-12-05,JNJ,Healthcare,131.11,132.88,0.013515,2639157,380,5,0.0222,0.009666
2024-12-05,PFE,Healthcare,20.38,20.62,0.011652,8349666,160,26.51,0.0315,0.009666
2024-12-05,JPM,Financials,112.09,115.37,0.029218,2882755,540,15.95,0.0144,0.009666
2024-12-05,BAC,Financials,24.44,25.07,0.025766,1849267,260,21.81,0.0188,0.009666
2024-12-05,XOM,Energy,70.02,71.62,0.022848,4735879,450,30.83,0.0397,0.009666
2024-12-05,CVX,Energy,177.33,183.04,0.032189,3305776,300,36.91,0.0329,0.009666
2024-12-05,PG,Consumer,93.25,92.09,-0.012418,3565076,380,5,0.0254,0.009666
2024-12-05,KO,Consumer,78.77,80.09,0.016771,7474850,260,18.78,0.0249,0.009666
2024-12-07,AAPL,Technology,195.16,196.69,0.007855,5221982,2800,12.75,0.0246,-0.004827
2024-12-07,MSFT,Technology,369.13,374.64,0.014936,5302846,2900,17.39,0.0357,-0.004827
2024-12-07,JNJ,Healthcare,132.88,132.54,-0.00255,5377156,380,34.1,0.0245,-0.004827
2024-12-07,PFE,Healthcare,20.62,20.92,0.014683,4858763,160,22.16,0.0266,-0.004827
2024-12-07,JPM,Financials,115.37,117.96,0.02248,2475728,540,28.53,0.0025,-0.004827
2024-12-07,BAC,Financials,25.07,25.04,-0.001109,3131219,260,19.25,0.0091,-0.004827
2024-12-07,XOM,Energy,71.62,69.93,-0.02353,3272210,450,23.15,0,-0.004827
2024-12-07,CVX,Energy,183.04,181.89,-0.006289,5510606,300,29.66,0.026,-0.004827
2024-12-07,PG,Consumer,92.09,91.33,-0.008227,3613469,380,7.64,0.0272,-0.004827
2024-12-07,KO,Consumer,80.09,77.57,-0.031436,5073939,260,29.88,0.0003,-0.004827
2024-12-08,AAPL,Technology,196.69,199.8,0.015817,5945255,2800,17.58,0.0214,0.007333
2024-12-08,MSFT,Technology,374.64,382.75,0.021656,8576691,2900,27.01,0.0201,0.007333
2024-12-08,JNJ,Healthcare,132.54,130.74,-0.01356,8878240,380,11.0,0.0272,0.007333
2024-12-08,PFE,Healthcare,20.92,21.01,0.004465,6938318,160,32.99,0.0154,0.007333
2024-12-08,JPM,Financials,117.96,120.18,0.018835,2433265,540,23.54,0.0324,0.007333
2024-12-08,BAC,Financials,25.04,25.19,0.006005,4357027,260,29.56,0.0266,0.007333
2024-12-08,XOM,Energy,69.93,70.4,0.006755,4781012,450,15.96,0.0342,0.007333
2024-12-08,CVX,Energy,181.89,186.17,0.023521,3783418,300,23.35,0.0242,0.007333
2024-12-08,PG,Consumer,91.33,93.21,0.020626,884767,380,17.63,0.03,0.007333
2024-12-08,KO,Consumer,77.57,76.8,-0.009866,5625119,260,13.73,0.0341,0.007333
2024-12-10,AAPL,Technology,199.8,192.09,-0.038583,6962681,2800,29.22,0.0299,0.005316
2024-12-10,MSFT,Technology,382.75,402.3,0.051081,1766086,2900,5,0.0293,0.005316
2024-12-10,JNJ,Healthcare,130.74,130.46,-0.002118,6976124,380,13.25,0.031,0.005316
2024-12-10,PFE,Healthcare,21.01,21.3,0.014002,5456230,160,22.02,0.0301,0.005316
2024-12-10,JPM,Financials,120.18,121.75,0.013098,2105318,540,20.36,0.016,0.005316
2024-12-10,BAC,Financials,25.19,24.93,-0.010165,7312219,260,17.52,0.0316,0.005316
2024-12-10,XOM,Energy,70.4,71.85,0.020634,5492669,450,32.04,0.0228,0.005316
2024-12-10,CVX,Energy,186.17,193.62,0.039995,2458984,300,17.98,0.0291,0.005316
2024-12-10,PG,Consumer,93.21,94.67,0.015691,7676406,380,17.15,0.0298,0.005316
2024-12-10,KO,Consumer,76.8,75.48,-0.017223,5175836,260,24.29,0.0166,0.005316
2024-12-11,AAPL,Technology,192.09,195.47,0.017584,2422924,2800,22.05,0.036,0.011174
2024-12-11,MSFT,Technology,402.3,403.9,0.003979,4450396,2900,30.89,0.0178,0.011174
2024-12-11,JNJ,Healthcare,130.46,134.62,0.031895,2525402,380,16.91,0.0148,0.011174
2024-12-11,PFE,Healthcare,21.3,21.5,0.009412,6631081,160,24.23,0.0172,0.011174
2024-12-11,JPM,Financials,121.75,125.56,0.031282,3939868,540,18.76,0.0224,0.011174
2024-12-11,BAC,Financials,24.93,24.93,0.000105,3536292,260,23.63,0.0273,0.011174
2024-12-11,XOM,Energy,71.85,73.5,0.022939,5630072,450,30.21,0.0168,0.011174
2024-12-11,CVX,Energy,193.62,199.35,0.029617,8318618,300,17.36,0.0334,0.011174
2024-12-11,PG,Consumer,94.67,93.62,-0.011099,5675901,380,16.85,0.0106,0.011174
2024-12-11,KO,Consumer,75.48,76.35,0.01146,3513353,260,23.73,0.0159,0.011174
2024-12-13,AAPL,Technology,195.47,196.01,0.002759,8804994,2800,6.57,0.0178,-0.001427
2024-12-13,MSFT,Technology,403.9,401.34,-0.006341,5032891,2900,5,0.0203,-0.001427
2024-12-13,JNJ,Healthcare,134.62,134.3,-0.002402,2322319,380,21.92,0.0145,-0.001427
2024-12-13,PFE,Healthcare,21.5,21.95,0.020974,4284010,160,17.94,0.02,-0.001427
2024-12-13,JPM,Financials,125.56,124.47,-0.00872,7404902,540,5,0.0032,-0.001427
2024-12-13,BAC,Financials,24.93,24.7,-0.009026,4537389,260,20.9,0.0232,-0.001427
2024-12-13,XOM,Energy,73.5,73.26,-0.003209,5961732,450,14.46,0.0195,-0.001427
2024-12-13,CVX,Energy,199.35,198.28,-0.005353,1790221,300,29.88,0.0252,-0.001427
2024-12-13,PG,Consumer,93.62,93.16,-0.004939,5540288,380,17.23,0.0256,-0.001427
2024-12-13,KO,Consumer,76.35,75.88,-0.006109,6505040,260,28.93,0.0167,-0.001427
2024-12-14,AAPL,Technology,196.01,195.14,-0.004449,5264309,2800,35.67,0.0149,-0.020572
2024-12-14,MSFT,Technology,401.34,377.31,-0.05987,6997077,2900,20.82,0.0166,-0.020572
2024-12-14,JNJ,Healthcare,134.3,131.51,-0.020803,7336887,380,18.52,0.0121,-0.020572
2024-12-14,PFE,Healthcare,21.95,21.69,-0.012037,4742233,160,5.82,0.0188,-0.020572
2024-12-14,JPM,Financials,124.47,118.3,-0.049563,6638686,540,26.64,0.0206,-0.020572
2024-12-14,BAC,Financials,24.7,24.28,-0.017087,1637371,260,20.07,0.0219,-0.020572
2024-12-14,XOM,Energy,73.26,71.92,-0.018238,4025523,450,35.71,0.0098,-0.020572
2024-12-14,CVX,Energy,198.28,198.14,-0.000682,6918207,300,25.28,0.0184,-0.020572
2024-12-14,PG,Consumer,93.16,89.25,-0.042023,6268651,380,5,0.0244,-0.020572
2024-12-14,KO,Consumer,75.88,74.7,-0.015585,5707619,260,23.45,0.006,-0.020572
2024-12-15,AAPL,Technology,195.14,192.09,-0.015611,10964651,2800,40.19,0.0192,-0.008573
2024-12-15,MSFT,Technology,377.31,375.49,-0.004828,2936382,2900,22.63,0.0356,-0.008573
2024-12-15,JNJ,Healthcare,131.51,128.43,-0.023449,9207044,380,11.87,0.017,-0.008573
2024-12-15,PFE,Healthcare,21.69,21.36,-0.01524,6450683,160,28.22,0.0177,-0.008573
2024-12-15,JPM,Financials,118.3,117.18,-0.009431,2074492,540,21.38,0.0253,-0.008573
2024-12-15,BAC,Financials,24.28,24.31,0.001313,2885353,260,18.25,0.0287,-0.008573
2024-12-15,XOM,Energy,71.92,70.6,-0.018355,5078004,450,13.99,0.0166,-0.008573
2024-12-15,CVX,Energy,198.14,196.11,-0.010225,7281466,300,26.41,0.0163,-0.008573
2024-12-15,PG,Consumer,89.25,87.76,-0.016672,3922598,380,21.06,0.0191,-0.008573
2024-12-15,KO,Consumer,74.7,74.02,-0.00913,5673934,260,26.23,0.0224,-0.008573
2024-12-17,AAPL,Technology,192.09,191.49,-0.003101,5563414,2800,32.95,0.0178,0.017468
2024-12-17,MSFT,Technology,375.49,382.09,0.017587,5571989,2900,24.07,0,0.017468
2024-12-17,JNJ,Healthcare,128.43,131.94,0.027329,3110080,380,11.11,0.0329,0.017468
2024-12-17,PFE,Healthcare,21.36,20.99,-0.01744,2167935,160,11.2,0.0042,0.017468
2024-12-17,JPM,Financials,117.18,118.09,0.007781,4566396,540,26.21,0.0367,0.017468
2024-12-17,BAC,Financials,24.31,24.56,0.010325,4569549,260,21.71,0.0194,0.017468
2024-12-17,XOM,Energy,70.6,71.76,0.016439,1599682,450,23.72,0.0134,0.017468
2024-12-17,CVX,Energy,196.11,201.22,0.026034,2747846,300,15.45,0.0227,0.017468
2024-12-17,PG,Consumer,87.76,89.67,0.021788,8737493,380,18.27,0.0378,0.017468
2024-12-17,KO,Consumer,74.02,75.81,0.024166,7232829,260,24.64,,0.017468
2024-12-18,AAPL,Technology,191.49,189.9,-0.008327,3163182,2800,25.78,0.0095,0.007192
2024-12-18,MSFT,Technology,382.09,384.79,0.007069,4128847,2900,39.08,0.0288,0.007192
2024-12-18,JNJ,Healthcare,131.94,129.75,-0.01657,6046080,380,23.11,0.0258,0.007192
2024-12-18,PFE,Healthcare,20.99,20.93,-0.002771,4022815,160,18.23,0.0291,0.007192
2024-12-18,JPM,Financials,118.09,116.84,-0.010604,5833382,540,24.54,0.0132,0.007192
2024-12-18,BAC,Financials,24.56,25.15,0.024097,3273568,260,17.36,0,0.007192
2024-12-18,XOM,Energy,71.76,71.78,0.000232,4999276,450,23.0,0.0346,0.007192
2024-12-18,CVX,Energy,201.22,202.13,0.004503,3618646,300,22.36,0.0073,0.007192
2024-12-18,PG,Consumer,89.67,90.28,0.006817,1541981,380,11.97,0.0247,0.007192
2024-12-18,KO,Consumer,75.81,76.71,0.011808,4274130,260,16.07,0.0214,0.007192
2024-12-20,AAPL,Technology,189.9,192.27,0.012477,10065304,2800,12.61,0.0044,0.009135
2024-12-20,MSFT,Technology,384.79,376.87,-0.020578,4498380,2900,33.27,0.016,0.009135
2024-12-20,JNJ,Healthcare,129.75,133.42,0.028296,5825978,380,28.11,0.0272,0.009135
2024-12-20,PFE,Healthcare,20.93,20.68,-0.012146,4187427,160,27.57,0.0178,0.009135
2024-12-20,JPM,Financials,116.84,118.02,0.010094,6036834,540,31.35,0.0211,0.009135
2024-12-20,BAC,Financials,25.15,25.17,0.000822,1802147,260,8.77,0.0313,0.009135
2024-12-20,XOM,Energy,71.78,72.6,0.011385,3573611,450,21.71,0.0242,0.009135
2024-12-20,CVX,Energy,202.13,202.05,-0.000389,9113054,300,33.63,0.0077,0.009135
2024-12-20,PG,Consumer,90.28,90.87,0.006503,4190545,380,14.14,0.0105,0.009135
2024-12-20,KO,Consumer,76.71,75.5,-0.015817,3338663,260,28.94,0.0237,0.009135
2024-12-21,AAPL,Technology,192.27,194.24,0.010224,9228833,2800,17.99,0.0237,0.014481
2024-12-21,MSFT,Technology,376.87,380.01,0.008339,2906110,2900,32.56,0.0093,0.014481
2024-12-21,JNJ,Healthcare,133.42,138.63,0.039083,3062588,380,13.19,0.0117,0.014481
2024-12-21,PFE,Healthcare,20.68,21.19,0.024802,3501022,160,18.77,0.0201,0.014481
2024-12-21,JPM,Financials,118.02,117.88,-0.0012,2628099,540,14.73,0.0271,0.014481
2024-12-21,BAC,Financials,25.17,25.69,0.020611,3659408,260,20.22,0.0144,0.014481
2024-12-21,XOM,Energy,72.6,74.62,0.027884,3104999,450,17.75,0,0.014481
2024-12-21,CVX,Energy,202.05,202.89,0.004161,9102696,300,6.62,0.035,0.014481
2024-12-21,PG,Consumer,90.87,92.54,0.018332,7262970,380,30.72,0.0242,0.014481
2024-12-21,KO,Consumer,75.5,78.94,0.045553,3691133,260,28.5,0.0245,0.014481
2024-12-23,AAPL,Technology,194.24,195.28,0.005372,6107769,2800,32.25,0.0192,0.001096
2024-12-23,MSFT,Technology,380.01,375.27,-0.012479,3023090,2900,30.99,0.0145,0.001096
2024-12-23,JNJ,Healthcare,138.63,139.14,0.003648,3887517,380,39.79,0.0189,0.001096
2024-12-23,PFE,Healthcare,21.19,20.92,-0.012766,5213443,160,25.51,0.0176,0.001096
2024-12-23,JPM,Financials,117.88,116.93,-0.008082,6743409,540,37.39,0.0125,0.001096
2024-12-23,BAC,Financials,25.69,25.36,-0.013019,8082016,260,13.71,0.0376,0.001096
2024-12-23,XOM,Energy,74.62,75.43,0.01079,7238053,450,18.41,0.0139,0.001096
2024-12-23,CVX,Energy,202.89,202.44,-0.002237,5154509,300,12.29,0.0173,0.001096
2024-12-23,PG,Consumer,92.54,92.86,0.003413,3470752,380,24.54,0.0179,0.001096
2024-12-23,KO,Consumer,78.94,79.8,0.010844,3027932,260,6.13,0.0095,0.001096
2024-12-24,AAPL,Technology,195.28,193.41,-0.009598,4296446,2800,29.5,0.0244,-0.013723
2024-12-24,MSFT,Technology,375.27,371.77,-0.009337,10423622,2900,39.58,0.0331,-0.013723
2024-12-24,JNJ,Healthcare,139.14,135.42,-0.026755,3919360,380,26.42,0.0193,-0.013723
2024-12-24,PFE,Healthcare,20.92,20.82,-0.004737,6372450,160,20.13,0.0394,-0.013723
2024-12-24,JPM,Financials,116.93,116.85,-0.00072,4742186,540,8.68,0.0202,-0.013723
2024-12-24,BAC,Financials,25.36,25.17,-0.007535,6755133,260,25.48,0.0109,-0.013723
2024-12-24,XOM,Energy,75.43,72.85,-0.034172,4840090,450,26.8,0.0142,-0.013723
2024-12-24,CVX,Energy,202.44,197.06,-0.026569,4516425,300,11.46,0.0084,-0.013723
2024-12-24,PG,Consumer,92.86,92.96,0.001113,5715823,380,27.0,0.0176,-0.013723
2024-12-24,KO,Consumer,79.8,77.59,-0.027702,7260602,260,20.47,0.0142,-0.013723
2024-12-26,AAPL,Technology,193.41,189.84,-0.018473,9424357,2800,28.7,0.038,-0.013119
2024-12-26,MSFT,Technology,371.77,370.95,-0.0022,6605752,2900,22.79,0.0153,-0.013119
2024-12-26,JNJ,Healthcare,135.42,131.11,-0.031824,4824658,380,13.57,0.0159,-0.013119
2024-12-26,PFE,Healthcare,20.82,20.03,-0.037823,4487100,160,23.46,0.0168,-0.013119
2024-12-26,JPM,Financials,116.85,115.46,-0.011914,8572677,540,25.11,0.0266,-0.013119
2024-12-26,BAC,Financials,25.17,25.05,-0.004761,3081201,260,12.64,0.0277,-0.013119
2024-12-26,XOM,Energy,72.85,69.71,-0.04308,7310006,450,23.23,0.0339,-0.013119
2024-12-26,CVX,Energy,197.06,194.08,-0.015136,4296313,300,24.52,0.0259,-0.013119
2024-12-26,PG,Consumer,92.96,91.2,-0.01895,2477783,380,25.09,0.0175,-0.013119
2024-12-26,KO,Consumer,77.59,79.66,0.026661,4662958,260,32.03,0.0255,-0.013119
2024-12-27,AAPL,Technology,189.84,189.47,-0.001926,4997145,2800,17.0,0.0168,0.007551
2024-12-27,MSFT,Technology,370.95,376.21,0.014177,5458379,2900,30.59,0.0097,0.007551
2024-12-27,JNJ,Healthcare,131.11,131.3,0.00143,4704515,380,37.8,0.0168,0.007551
2024-12-27,PFE,Healthcare,20.03,19.78,-0.012439,2109549,160,25.58,0.0092,0.007551
2024-12-27,JPM,Financials,115.46,117.54,0.018017,5535775,540,16.6,0.0176,0.007551
2024-12-27,BAC,Financials,25.05,25.38,0.013351,4117764,260,16.52,0.0161,0.007551
2024-12-27,XOM,Energy,69.71,69.35,-0.005165,4913941,450,19.01,0.0269,0.007551
2024-12-27,CVX,Energy,194.08,191.56,-0.012988,9036961,300,16.83,0.0188,0.007551
2024-12-27,PG,Consumer,91.2,92.81,0.017671,3967173,380,23.72,0.0125,0.007551
2024-12-27,KO,Consumer,79.66,80.21,0.006844,2379799,260,20.96,0.0356,0.007551
2024-12-29,AAPL,Technology,189.47,186.8,-0.014081,5099981,2800,23.8,0.0215,-0.003964
2024-12-29,MSFT,Technology,376.21,360.81,-0.040943,4641135,2900,23.61,0.0187,-0.003964
2024-12-29,JNJ,Healthcare,131.3,136.25,0.037734,4398802,380,24.96,0.0178,-0.003964
2024-12-29,PFE,Healthcare,19.78,19.7,-0.004212,5983255,160,25.2,0.0228,-0.003964
2024-12-29,JPM,Financials,117.54,116.04,-0.012795,6327420,540,22.72,0.014,-0.003964
2024-12-29,BAC,Financials,25.38,24.71,-0.026482,6800254,260,25.53,0.0269,-0.003964
2024-12-29,XOM,Energy,69.35,69.06,-0.004234,3328829,450,30.85,0.0068,-0.003964
2024-12-29,CVX,Energy,191.56,196.19,0.024169,7125737,300,31.51,0.0316,-0.003964
2024-12-29,PG,Consumer,92.81,93.23,0.004494,7307986,380,32.43,0.0138,-0.003964
2024-12-29,KO,Consumer,80.21,80.01,-0.002509,3570176,260,23.95,0.0231,-0.003964
2024-12-30,AAPL,Technology,186.8,187.15,0.001865,7469066,2800,32.28,0.0102,-0.007881
2024-12-30,MSFT,Technology,360.81,361.9,0.003026,7427891,2900,19.8,0.0126,-0.007881
2024-12-30,JNJ,Healthcare,136.25,135.63,-0.004532,5621032,380,27.69,0.0235,-0.007881
2024-12-30,PFE,Healthcare,19.7,19.8,0.004868,3486333,160,21.97,0.0134,-0.007881
2024-12-30,JPM,Financials,116.04,115.37,-0.005804,3259057,540,14.27,0.0121,-0.007881
2024-12-30,BAC,Financials,24.71,24.85,0.005564,7213077,260,32.77,0.0207,-0.007881
2024-12-30,XOM,Energy,69.06,69.43,0.005307,5176305,450,22.24,0.0019,-0.007881
2024-12-30,CVX,Energy,196.19,195.33,-0.004372,3396566,300,17.56,0.0286,-0.007881
2024-12-30,PG,Consumer,93.23,87.84,-0.057806,4954377,380,21.21,0.0291,-0.007881
2024-12-30,KO,Consumer,80.01,78.59,-0.017766,3241223,260,27.35,0.0087,-0.007881
