date,station,latitude,longitude,temp_celsius,precipitation_mm,humidity_percent,wind_speed_kmh,pressure_hpa,cloud_cover_pct
2020-01-01,STN_NORTH,48.0,-122.3,-6.2,6.5,52.4,12.2,1013.1,100
2020-01-01,STN_CENTRAL,37.8,-122.4,5.3,,83.8,26.7,1005.6,100
2020-01-01,STN_SOUTH,34.0,-118.2,7.8,0,46.6,4.8,1010.5,68.0
2020-01-01,STN_INLAND,36.7,-119.8,3.4,0.3,64.9,0,1017.2,58.0
2020-01-01,STN_COASTAL,32.7,-117.2,6.5,0,60.1,0,1009.7,56.0
2020-01-02,STN_NORTH,48.0,-122.3,-2.9,6.5,71.8,10.0,1002.4,60.0
2020-01-02,STN_CENTRAL,37.8,-122.4,-3.1,3.1,74.5,17.1,1007.4,74.0
2020-01-02,STN_SOUTH,34.0,-118.2,9.2,,81.2,27.1,1017.7,8.0
2020-01-02,STN_INLAND,36.7,-119.8,7.0,2.2,65.0,15.6,1002.3,54.0
2020-01-02,STN_COASTAL,32.7,-117.2,8.8,0,53.9,10.3,1017.9,29.0
2020-01-03,STN_NORTH,48.0,-122.3,-2.9,4.6,66.1,11.7,1011.8,55.0
2020-01-03,STN_CENTRAL,37.8,-122.4,10.1,4.5,71.8,6.0,1007.8,84.0
2020-01-03,STN_SOUTH,34.0,-118.2,8.7,0,60.1,12.3,1014.5,45.0
2020-01-03,STN_INLAND,36.7,-119.8,5.8,0,70.8,13.5,1012.1,54.0
2020-01-03,STN_COASTAL,32.7,-117.2,1.3,0.3,41.6,5.8,1024.2,78.0
2020-01-04,STN_NORTH,48.0,-122.3,-3.1,6.5,65.2,20.4,1006.3,59.0
2020-01-04,STN_CENTRAL,37.8,-122.4,2.3,2.7,68.7,6.0,1012.3,28.0
2020-01-04,STN_SOUTH,34.0,-118.2,5.5,0,63.4,2.1,1017.3,50.0
2020-01-04,STN_INLAND,36.7,-119.8,10.6,0,58.6,13.9,1017.6,65.0
2020-01-04,STN_COASTAL,32.7,-117.2,14.3,0.7,76.2,8.1,1015.7,64.0
2020-01-05,STN_NORTH,48.0,-122.3,6.8,6.5,72.8,5.8,1012.1,18.0
2020-01-05,STN_CENTRAL,37.8,-122.4,4.7,2.0,85.2,17.2,1020.3,68.0
2020-01-05,STN_SOUTH,34.0,-118.2,5.6,1.7,68.7,18.2,1007.4,62.0
2020-01-05,STN_INLAND,36.7,-119.8,5.6,3.9,55.2,1.8,1008.6,95.0
2020-01-05,STN_COASTAL,32.7,-117.2,10.8,2.0,74.0,22.0,1019.1,100
2020-01-06,STN_NORTH,48.0,-122.3,-2.3,4.6,72.4,20.3,1003.1,33.0
2020-01-06,STN_CENTRAL,37.8,-122.4,5.5,0,64.9,14.1,1016.0,45.0
2020-01-06,STN_SOUTH,34.0,-118.2,12.1,0,77.8,11.1,1017.0,35.0
2020-01-06,STN_INLAND,36.7,-119.8,-1.5,0,58.2,19.8,1013.3,26.0
2020-01-06,STN_COASTAL,32.7,-117.2,8.7,0.6,88.6,13.7,1013.3,79.0
2020-01-07,STN_NORTH,48.0,-122.3,-5.9,0,67.9,8.4,1021.4,62.0
2020-01-07,STN_CENTRAL,37.8,-122.4,4.1,1.3,79.2,13.7,1004.4,54.0
2020-01-07,STN_SOUTH,34.0,-118.2,8.8,0,76.5,10.6,1011.5,23.0
2020-01-07,STN_INLAND,36.7,-119.8,6.3,0,91.5,7.2,1012.5,25.0
2020-01-07,STN_COASTAL,32.7,-117.2,8.3,1.0,100,12.7,1002.1,84.0
2020-01-08,STN_NORTH,48.0,-122.3,-2.0,6.2,80.2,3.0,1012.9,38.0
2020-01-08,STN_CENTRAL,37.8,-122.4,4.6,0,69.8,25.2,1013.2,56.0
2020-01-08,STN_SOUTH,34.0,-118.2,9.3,4.2,64.0,8.3,1018.2,26.0
2020-01-08,STN_INLAND,36.7,-119.8,8.1,2.1,59.9,7.5,1012.6,55.0
2020-01-08,STN_COASTAL,32.7,-117.2,12.0,2.9,81.0,15.2,1000.9,75.0
2020-01-09,STN_NORTH,48.0,-122.3,0.0,4.8,89.1,19.3,1011.3,58.0
2020-01-09,STN_CENTRAL,37.8,-122.4,7.3,0.9,72.9,0.6,1009.0,75.0
2020-01-09,STN_SOUTH,34.0,-118.2,5.5,,66.5,10.6,1008.1,57.0
2020-01-09,STN_INLAND,36.7,-119.8,3.0,0,85.2,2.6,1007.8,73.0
2020-01-09,STN_COASTAL,32.7,-117.2,15.8,0,55.2,16.4,1010.7,30.0
2020-01-10,STN_NORTH,48.0,-122.3,5.5,0,75.5,16.1,1021.4,86.0
2020-01-10,STN_CENTRAL,37.8,-122.4,11.3,2.5,61.6,5.7,1002.6,45.0
2020-01-10,STN_SOUTH,34.0,-118.2,8.2,0,79.9,11.0,1015.8,78.0
2020-01-10,STN_INLAND,36.7,-119.8,11.1,1.6,51.5,9.4,1015.3,52.0
2020-01-10,STN_COASTAL,32.7,-117.2,8.0,3.2,69.8,9.1,1014.7,50.0
2020-01-11,STN_NORTH,48.0,-122.3,4.2,0,95.2,,1015.3,73.0
2020-01-11,STN_CENTRAL,37.8,-122.4,0.6,0,55.6,16.3,1011.7,35.0
2020-01-11,STN_SOUTH,34.0,-118.2,2.3,0,50.3,8.6,1019.2,29.0
2020-01-11,STN_INLAND,36.7,-119.8,4.5,4.9,89.5,17.2,1014.7,35.0
2020-01-11,STN_COASTAL,32.7,-117.2,9.0,3.0,59.7,8.0,1010.5,62.0
2020-01-12,STN_NORTH,48.0,-122.3,1.7,0,71.7,4.4,1012.4,31.0
2020-01-12,STN_CENTRAL,37.8,-122.4,6.1,0,54.9,7.9,1002.7,18.0
2020-01-12,STN_SOUTH,34.0,-118.2,8.8,0,57.6,28.9,1018.5,58.0
2020-01-12,STN_INLAND,36.7,-119.8,8.5,0.4,75.4,9.4,1016.9,50.0
2020-01-12,STN_COASTAL,32.7,-117.2,7.3,4.6,76.7,13.7,1009.4,89.0
2020-01-13,STN_NORTH,48.0,-122.3,0.3,5.9,70.1,12.0,1010.5,83.0
2020-01-13,STN_CENTRAL,37.8,-122.4,7.1,0,73.4,6.7,1018.5,9.0
2020-01-13,STN_SOUTH,34.0,-118.2,17.3,3.6,73.7,1.0,1001.7,67.0
2020-01-13,STN_INLAND,36.7,-119.8,7.2,0,58.7,11.0,1008.8,47.0
2020-01-13,STN_COASTAL,32.7,-117.2,4.5,0.6,75.1,2.3,1017.9,78.0
2020-01-14,STN_NORTH,48.0,-122.3,-2.2,0,65.4,14.1,1011.7,7.0
2020-01-14,STN_CENTRAL,37.8,-122.4,7.4,1.2,87.5,11.8,1014.3,70.0
2020-01-14,STN_SOUTH,34.0,-118.2,6.5,0.4,76.2,16.5,1015.0,37.0
2020-01-14,STN_INLAND,36.7,-119.8,5.6,0.1,50.4,14.1,1003.6,100
2020-01-14,STN_COASTAL,32.7,-117.2,9.5,4.0,76.4,17.5,1010.0,94.0
2020-01-15,STN_NORTH,48.0,-122.3,-0.3,4.9,83.4,12.0,1010.5,42.0
2020-01-15,STN_CENTRAL,37.8,-122.4,1.4,0,70.3,14.8,1010.2,29.0
2020-01-15,STN_SOUTH,34.0,-118.2,12.3,3.2,96.6,17.7,1000.8,9.0
2020-01-15,STN_INLAND,36.7,-119.8,4.7,0,69.4,20.7,1009.5,37.0
2020-01-15,STN_COASTAL,32.7,-117.2,8.7,0,60.9,33.3,1006.2,48.0
2020-01-16,STN_NORTH,48.0,-122.3,-5.2,6.3,76.5,28.3,999.1,41.0
2020-01-16,STN_CENTRAL,37.8,-122.4,3.4,3.6,79.9,10.8,1005.3,100
2020-01-16,STN_SOUTH,34.0,-118.2,9.0,0,59.5,26.0,1016.1,39.0
2020-01-16,STN_INLAND,36.7,-119.8,3.5,0,53.4,8.6,1013.6,40.0
2020-01-16,STN_COASTAL,32.7,-117.2,9.3,0,54.5,5.9,1006.1,32.0
2020-01-17,STN_NORTH,48.0,-122.3,5.3,3.8,59.2,13.4,1013.9,59.0
2020-01-17,STN_CENTRAL,37.8,-122.4,7.5,0,55.4,10.5,1009.9,54.0
2020-01-17,STN_SOUTH,34.0,-118.2,12.5,0,40.3,12.9,1017.6,24.0
2020-01-17,STN_INLAND,36.7,-119.8,10.5,1.2,78.4,16.7,1009.5,76.0
2020-01-17,STN_COASTAL,32.7,-117.2,5.7,0,55.0,6.9,997.5,18.0
2020-01-18,STN_NORTH,48.0,-122.3,-2.0,7.4,68.0,15.4,995.7,0.0
2020-01-18,STN_CENTRAL,37.8,-122.4,4.0,0,61.7,18.2,1012.5,38.0
2020-01-18,STN_SOUTH,34.0,-118.2,9.8,0,64.3,10.7,1012.4,51.0
2020-01-18,STN_INLAND,36.7,-119.8,8.9,2.6,78.9,9.1,1013.6,56.0
2020-01-18,STN_COASTAL,32.7,-117.2,11.5,0,79.2,15.3,1013.7,21.0
2020-01-19,STN_NORTH,48.0,-122.3,2.6,0,66.5,13.1,1011.7,76.0
2020-01-19,STN_CENTRAL,37.8,-122.4,6.0,0,71.2,17.6,1010.6,32.0
2020-01-19,STN_SOUTH,34.0,-118.2,11.9,1.0,76.3,29.8,1013.7,40.0
2020-01-19,STN_INLAND,36.7,-119.8,8.2,2.9,59.5,19.8,1014.7,70.0
2020-01-19,STN_COASTAL,32.7,-117.2,8.7,0.9,67.1,15.5,1011.1,71.0
2020-01-20,STN_NORTH,48.0,-122.3,-4.2,4.6,84.8,14.9,1015.0,85.0
2020-01-20,STN_CENTRAL,37.8,-122.4,1.7,0,59.6,7.2,1006.1,39.0
2020-01-20,STN_SOUTH,34.0,-118.2,10.2,1.6,90.7,24.0,1014.6,51.0
2020-01-20,STN_INLAND,36.7,-119.8,8.2,0,51.6,15.3,1016.4,59.0
2020-01-20,STN_COASTAL,32.7,-117.2,11.5,0.0,51.5,14.3,1020.4,98.0
2020-01-21,STN_NORTH,48.0,-122.3,-10.0,,81.5,0.9,1015.5,81.0
2020-01-21,STN_CENTRAL,37.8,-122.4,7.1,0.6,66.6,21.9,1012.3,66.0
2020-01-21,STN_SOUTH,34.0,-118.2,9.3,0,79.2,7.8,1015.2,26.0
2020-01-21,STN_INLAND,36.7,-119.8,2.8,1.9,87.2,4.0,1007.6,74.0
2020-01-21,STN_COASTAL,32.7,-117.2,7.1,0,36.1,5.3,1013.0,53.0
2020-01-22,STN_NORTH,48.0,-122.3,-2.2,8.4,70.7,21.2,1005.7,38.0
2020-01-22,STN_CENTRAL,37.8,-122.4,7.9,0,56.7,0,1015.3,57.0
2020-01-22,STN_SOUTH,34.0,-118.2,7.0,0,36.0,11.9,1011.0,37.0
2020-01-22,STN_INLAND,36.7,-119.8,2.4,0,48.4,21.8,1016.4,23.0
2020-01-22,STN_COASTAL,32.7,-117.2,9.7,0,54.6,15.2,1020.3,43.0
2020-01-23,STN_NORTH,48.0,-122.3,-0.6,0,67.7,6.4,1017.4,8.0
2020-01-23,STN_CENTRAL,37.8,-122.4,2.1,0,38.3,13.6,1008.4,55.0
2020-01-23,STN_SOUTH,34.0,-118.2,13.1,3.0,65.7,29.3,1005.0,58.0
2020-01-23,STN_INLAND,36.7,-119.8,11.9,0,63.8,17.7,1012.7,45.0
2020-01-23,STN_COASTAL,32.7,-117.2,7.3,0,76.9,15.0,1004.9,36.0
2020-01-24,STN_NORTH,48.0,-122.3,-0.3,7.5,73.6,29.8,1015.5,53.0
2020-01-24,STN_CENTRAL,37.8,-122.4,6.2,4.4,58.2,4.1,1018.3,45.0
2020-01-24,STN_SOUTH,34.0,-118.2,9.5,0,73.1,12.0,1020.3,10.0
2020-01-24,STN_INLAND,36.7,-119.8,3.3,0,67.8,19.9,1008.8,39.0
2020-01-24,STN_COASTAL,32.7,-117.2,8.8,0,58.3,24.7,1015.8,12.0
2020-01-25,STN_NORTH,48.0,-122.3,0.2,3.4,72.7,20.1,1015.5,49.0
2020-01-25,STN_CENTRAL,37.8,-122.4,7.4,2.6,87.6,5.8,1017.4,61.0
2020-01-25,STN_SOUTH,34.0,-118.2,8.3,0,54.6,7.9,1014.8,47.0
2020-01-25,STN_INLAND,36.7,-119.8,4.9,0,57.4,18.2,1020.7,33.0
2020-01-25,STN_COASTAL,32.7,-117.2,9.8,0,62.8,24.7,1010.7,62.0
2020-01-26,STN_NORTH,48.0,-122.3,-1.9,0,60.2,11.5,1005.3,56.0
2020-01-26,STN_CENTRAL,37.8,-122.4,5.7,3.8,69.4,17.9,1009.3,54.0
2020-01-26,STN_SOUTH,34.0,-118.2,11.4,1.4,49.6,7.4,1016.4,78.0
2020-01-26,STN_INLAND,36.7,-119.8,6.4,2.2,74.8,16.9,1008.1,38.0
2020-01-26,STN_COASTAL,32.7,-117.2,10.8,1.6,72.5,16.9,1007.0,57.0
2020-01-27,STN_NORTH,48.0,-122.3,4.1,2.1,61.4,13.0,1018.2,56.0
2020-01-27,STN_CENTRAL,37.8,-122.4,9.1,6.9,88.8,3.4,1006.4,52.0
2020-01-27,STN_SOUTH,34.0,-118.2,13.8,0.8,77.1,14.7,1004.5,37.0
2020-01-27,STN_INLAND,36.7,-119.8,5.4,0,47.8,12.5,1019.6,29.0
2020-01-27,STN_COASTAL,32.7,-117.2,13.7,0,64.2,5.2,1018.1,58.0
2020-01-28,STN_NORTH,48.0,-122.3,6.2,2.8,42.1,4.9,999.7,83.0
2020-01-28,STN_CENTRAL,37.8,-122.4,12.8,0,84.3,16.7,1012.5,45.0
2020-01-28,STN_SOUTH,34.0,-118.2,7.3,3.7,59.6,7.5,1005.5,31.0
2020-01-28,STN_INLAND,36.7,-119.8,11.7,1.2,78.8,16.4,1012.2,68.0
2020-01-28,STN_COASTAL,32.7,-117.2,8.5,3.0,67.1,14.9,1005.2,51.0
2020-01-29,STN_NORTH,48.0,-122.3,1.2,0,74.0,22.7,1012.7,41.0
2020-01-29,STN_CENTRAL,37.8,-122.4,9.5,2.2,56.4,11.9,1004.6,75.0
2020-01-29,STN_SOUTH,34.0,-118.2,10.6,3.2,70.7,19.5,1009.6,57.0
2020-01-29,STN_INLAND,36.7,-119.8,12.8,0,70.4,10.6,1012.1,3.0
2020-01-29,STN_COASTAL,32.7,-117.2,15.4,0,66.6,4.7,1015.2,30.0
2020-01-30,STN_NORTH,48.0,-122.3,-2.9,0,60.2,18.2,1010.9,83.0
2020-01-30,STN_CENTRAL,37.8,-122.4,10.8,1.5,70.3,17.7,1011.8,64.0
2020-01-30,STN_SOUTH,34.0,-118.2,8.1,0,63.2,13.0,1012.1,24.0
2020-01-30,STN_INLAND,36.7,-119.8,6.9,,86.6,16.1,1008.3,40.0
2020-01-30,STN_COASTAL,32.7,-117.2,5.1,0,50.8,10.9,1004.9,37.0
2020-01-31,STN_NORTH,48.0,-122.3,0.2,8.3,68.2,20.9,1010.1,66.0
2020-01-31,STN_CENTRAL,37.8,-122.4,7.3,1.7,62.4,1.5,1007.2,44.0
2020-01-31,STN_SOUTH,34.0,-118.2,13.5,1.7,70.6,5.9,1012.5,58.0
2020-01-31,STN_INLAND,36.7,-119.8,9.4,0,73.8,17.3,1013.7,81.0
2020-01-31,STN_COASTAL,32.7,-117.2,1.8,0,75.6,6.9,1008.7,15.0
2020-02-01,STN_NORTH,48.0,-122.3,4.8,6.3,51.9,9.9,1014.1,70.0
2020-02-01,STN_CENTRAL,37.8,-122.4,8.7,0,52.8,18.4,1021.6,17.0
2020-02-01,STN_SOUTH,34.0,-118.2,13.6,0,62.7,8.0,1028.3,27.0
2020-02-01,STN_INLAND,36.7,-119.8,9.2,2.3,85.3,19.1,1020.0,99.0
2020-02-01,STN_COASTAL,32.7,-117.2,10.3,0,70.4,5.1,1011.1,0
2020-02-02,STN_NORTH,48.0,-122.3,2.7,4.2,100,2.4,1013.0,78.0
2020-02-02,STN_CENTRAL,37.8,-122.4,11.0,1.4,69.4,1.8,1004.6,76.0
2020-02-02,STN_SOUTH,34.0,-118.2,7.6,3.4,62.9,17.0,1001.5,47.0
2020-02-02,STN_INLAND,36.7,-119.8,10.9,0,70.2,10.5,1014.9,20.0
2020-02-02,STN_COASTAL,32.7,-117.2,4.9,1.2,41.1,13.8,1004.8,55.0
2020-02-03,STN_NORTH,48.0,-122.3,2.2,0,57.9,15.8,1007.3,32.0
2020-02-03,STN_CENTRAL,37.8,-122.4,7.3,0,64.0,4.0,1023.8,25.0
2020-02-03,STN_SOUTH,34.0,-118.2,7.9,1.5,67.3,19.0,1007.0,49.0
2020-02-03,STN_INLAND,36.7,-119.8,13.1,0,78.6,19.5,1006.3,26.0
2020-02-03,STN_COASTAL,32.7,-117.2,12.7,0,37.5,11.5,1010.8,47.0
2020-02-04,STN_NORTH,48.0,-122.3,2.3,4.2,97.6,7.8,1009.3,47.0
2020-02-04,STN_CENTRAL,37.8,-122.4,6.1,1.6,60.3,13.0,1011.7,55.0
2020-02-04,STN_SOUTH,34.0,-118.2,14.0,0,38.2,9.6,1012.9,45.0
2020-02-04,STN_INLAND,36.7,-119.8,9.7,0,54.1,24.0,1013.6,48.0
2020-02-04,STN_COASTAL,32.7,-117.2,9.2,0,55.7,14.7,1018.5,52.0
2020-02-05,STN_NORTH,48.0,-122.3,-0.3,6.5,86.9,9.5,1010.0,28.0
2020-02-05,STN_CENTRAL,37.8,-122.4,5.5,0.4,74.4,15.8,1013.0,20.0
2020-02-05,STN_SOUTH,34.0,-118.2,6.4,0,56.3,17.3,1018.4,20.0
2020-02-05,STN_INLAND,36.7,-119.8,10.0,,69.5,13.4,1003.2,59.0
2020-02-05,STN_COASTAL,32.7,-117.2,15.2,1.4,73.4,5.7,1013.4,54.0
2020-02-06,STN_NORTH,48.0,-122.3,0.9,0,79.4,11.2,1016.3,60.0
2020-02-06,STN_CENTRAL,37.8,-122.4,1.4,1.2,68.3,14.2,1003.8,50.0
2020-02-06,STN_SOUTH,34.0,-118.2,9.9,1.6,79.3,14.3,1015.2,52.0
2020-02-06,STN_INLAND,36.7,-119.8,10.9,3.4,59.6,16.6,1015.4,65.0
2020-02-06,STN_COASTAL,32.7,-117.2,7.5,0,87.1,24.2,1011.9,42.0
2020-02-07,STN_NORTH,48.0,-122.3,-0.4,0,60.6,15.4,1011.3,16.0
2020-02-07,STN_CENTRAL,37.8,-122.4,6.1,0,49.0,10.2,1012.0,52.0
2020-02-07,STN_SOUTH,34.0,-118.2,12.1,1.2,79.6,12.0,1007.3,44.0
2020-02-07,STN_INLAND,36.7,-119.8,4.0,0,68.0,12.5,1007.1,51.0
2020-02-07,STN_COASTAL,32.7,-117.2,13.7,0.4,85.7,11.5,1014.2,67.0
2020-02-08,STN_NORTH,48.0,-122.3,6.0,2.8,61.5,15.0,1012.0,69.0
2020-02-08,STN_CENTRAL,37.8,-122.4,8.4,0,71.2,6.9,1011.1,40.0
2020-02-08,STN_SOUTH,34.0,-118.2,14.5,2.6,72.3,6.6,1017.1,53.0
2020-02-08,STN_INLAND,36.7,-119.8,12.5,0.4,78.9,13.6,1028.4,82.0
2020-02-08,STN_COASTAL,32.7,-117.2,11.0,0,53.6,2.5,1010.0,24.0
2020-02-09,STN_NORTH,48.0,-122.3,-0.5,0,75.1,7.4,1014.7,8.0
2020-02-09,STN_CENTRAL,37.8,-122.4,10.3,4.8,91.8,25.4,1006.1,69.0
2020-02-09,STN_SOUTH,34.0,-118.2,10.7,0,63.1,12.3,1011.5,14.0
2020-02-09,STN_INLAND,36.7,-119.8,8.1,2.7,82.0,9.6,1004.8,74.0
2020-02-09,STN_COASTAL,32.7,-117.2,15.0,0,88.4,3.6,1010.4,48.0
2020-02-10,STN_NORTH,48.0,-122.3,3.8,3.2,100,9.0,1014.6,52.0
2020-02-10,STN_CENTRAL,37.8,-122.4,9.8,0.3,37.3,15.6,1016.6,51.0
2020-02-10,STN_SOUTH,34.0,-118.2,24.3,3.3,67.3,8.0,1014.1,52.0
2020-02-10,STN_INLAND,36.7,-119.8,7.2,0.9,91.2,13.1,1008.3,70.0
2020-02-10,STN_COASTAL,32.7,-117.2,12.7,0,82.9,11.2,1010.1,42.0
2020-02-11,STN_NORTH,48.0,-122.3,5.1,3.3,75.7,13.6,1010.5,39.0
2020-02-11,STN_CENTRAL,37.8,-122.4,8.8,1.7,64.1,2.5,1004.8,29.0
2020-02-11,STN_SOUTH,34.0,-118.2,11.8,0,39.3,18.2,1016.7,52.0
2020-02-11,STN_INLAND,36.7,-119.8,4.4,0,59.5,18.8,1020.9,0
2020-02-11,STN_COASTAL,32.7,-117.2,12.6,0,64.2,7.6,1014.4,70.0
2020-02-12,STN_NORTH,48.0,-122.3,3.3,4.5,69.0,14.6,1015.8,64.0
2020-02-12,STN_CENTRAL,37.8,-122.4,5.1,4.4,75.2,9.1,1014.6,78.0
2020-02-12,STN_SOUTH,34.0,-118.2,11.7,3.6,84.1,9.0,1016.7,66.0
2020-02-12,STN_INLAND,36.7,-119.8,16.9,,39.8,15.3,1014.6,13.0
2020-02-12,STN_COASTAL,32.7,-117.2,10.1,0,60.7,0.6,1027.5,19.0
2020-02-13,STN_NORTH,48.0,-122.3,1.4,0,91.3,18.4,1011.7,61.0
2020-02-13,STN_CENTRAL,37.8,-122.4,8.7,2.1,62.6,15.3,1006.8,79.0
2020-02-13,STN_SOUTH,34.0,-118.2,10.3,0,77.0,12.2,1024.4,1.0
2020-02-13,STN_INLAND,36.7,-119.8,7.6,0,66.6,4.6,1008.4,26.0
2020-02-13,STN_COASTAL,32.7,-117.2,8.9,4.3,83.4,11.4,1015.8,68.0
2020-02-14,STN_NORTH,48.0,-122.3,3.5,6.0,82.7,17.7,1018.9,68.0
2020-02-14,STN_CENTRAL,37.8,-122.4,11.4,0,53.2,18.6,1012.5,70.0
2020-02-14,STN_SOUTH,34.0,-118.2,12.0,1.9,63.9,13.4,1012.8,22.0
2020-02-14,STN_INLAND,36.7,-119.8,10.6,1.5,80.0,0.3,1015.6,41.0
2020-02-14,STN_COASTAL,32.7,-117.2,7.4,0,40.8,12.8,1016.0,28.0
2020-02-15,STN_NORTH,48.0,-122.3,4.3,6.3,71.0,6.3,1005.4,68.0
2020-02-15,STN_CENTRAL,37.8,-122.4,9.0,2.4,64.7,16.9,1010.4,62.0
2020-02-15,STN_SOUTH,34.0,-118.2,13.7,5.2,72.4,19.3,1016.9,43.0
2020-02-15,STN_INLAND,36.7,-119.8,12.1,0.5,36.6,10.0,1007.8,68.0
2020-02-15,STN_COASTAL,32.7,-117.2,8.5,4.4,77.2,18.5,1007.6,79.0
2020-02-16,STN_NORTH,48.0,-122.3,1.8,0,69.2,8.4,1022.6,17.0
2020-02-16,STN_CENTRAL,37.8,-122.4,7.4,4.5,83.6,7.9,1011.1,49.0
2020-02-16,STN_SOUTH,34.0,-118.2,13.1,0,100,10.0,1005.4,37.0
2020-02-16,STN_INLAND,36.7,-119.8,10.7,,74.2,18.5,1021.3,2.0
2020-02-16,STN_COASTAL,32.7,-117.2,13.5,0,70.3,9.4,1015.8,20.0
2020-02-17,STN_NORTH,48.0,-122.3,-0.8,4.2,78.1,12.7,1013.5,37.0
2020-02-17,STN_CENTRAL,37.8,-122.4,4.0,1.5,71.9,15.4,1014.9,24.0
2020-02-17,STN_SOUTH,34.0,-118.2,17.0,2.7,54.1,12.4,1016.4,23.0
2020-02-17,STN_INLAND,36.7,-119.8,11.5,0,66.8,9.3,1015.5,24.0
2020-02-17,STN_COASTAL,32.7,-117.2,18.1,3.5,66.2,8.7,1014.4,67.0
2020-02-18,STN_NORTH,48.0,-122.3,-0.6,3.5,85.0,12.9,1015.5,84.0
2020-02-18,STN_CENTRAL,37.8,-122.4,7.8,0,52.8,5.9,1007.6,24.0
2020-02-18,STN_SOUTH,34.0,-118.2,16.8,1.5,73.6,11.2,1016.9,66.0
2020-02-18,STN_INLAND,36.7,-119.8,12.8,0,79.2,4.0,1028.4,19.0
2020-02-18,STN_COASTAL,32.7,-117.2,15.3,0,41.4,13.7,1011.1,58.0
2020-02-19,STN_NORTH,48.0,-122.3,4.1,0,77.8,15.1,1019.8,47.0
2020-02-19,STN_CENTRAL,37.8,-122.4,8.0,0,80.1,14.7,1021.0,57.0
2020-02-19,STN_SOUTH,34.0,-118.2,13.2,0,82.4,19.7,1005.0,28.0
2020-02-19,STN_INLAND,36.7,-119.8,9.1,1.7,64.4,19.9,1011.6,51.0
2020-02-19,STN_COASTAL,32.7,-117.2,11.4,1.4,77.0,,1011.1,71.0
2020-02-20,STN_NORTH,48.0,-122.3,4.5,4.0,47.8,2.2,1005.2,42.0
2020-02-20,STN_CENTRAL,37.8,-122.4,5.7,0,71.1,4.9,1015.9,24.0
2020-02-20,STN_SOUTH,34.0,-118.2,14.0,0,56.4,8.9,1011.4,10.0
2020-02-20,STN_INLAND,36.7,-119.8,13.0,0,57.0,15.2,1013.5,48.0
2020-02-20,STN_COASTAL,32.7,-117.2,8.8,0.3,70.4,8.9,1018.7,74.0
2020-02-21,STN_NORTH,48.0,-122.3,0.7,0,64.9,17.6,1015.5,59.0
2020-02-21,STN_CENTRAL,37.8,-122.4,13.6,0,63.5,11.9,1005.7,29.0
2020-02-21,STN_SOUTH,34.0,-118.2,12.3,2.3,65.9,14.8,1014.8,60.0
2020-02-21,STN_INLAND,36.7,-119.8,8.8,0,63.4,14.5,1003.9,58.0
2020-02-21,STN_COASTAL,32.7,-117.2,12.2,2.8,75.0,17.9,1015.0,73.0
2020-02-22,STN_NORTH,48.0,-122.3,5.0,6.1,76.1,6.9,1007.0,49.0
2020-02-22,STN_CENTRAL,37.8,-122.4,7.3,0,72.4,5.9,1012.3,55.0
2020-02-22,STN_SOUTH,34.0,-118.2,16.3,0,63.2,14.0,1022.2,25.0
2020-02-22,STN_INLAND,36.7,-119.8,11.7,0,38.1,15.5,1013.5,15.0
2020-02-22,STN_COASTAL,32.7,-117.2,10.1,1.9,80.8,19.4,1014.3,47.0
2020-02-23,STN_NORTH,48.0,-122.3,2.4,0,70.9,8.8,1011.5,30.0
2020-02-23,STN_CENTRAL,37.8,-122.4,11.7,2.3,59.7,18.9,1008.0,53.0
2020-02-23,STN_SOUTH,34.0,-118.2,12.5,0,46.4,16.7,1004.2,67.0
2020-02-23,STN_INLAND,36.7,-119.8,12.3,0,62.8,13.7,1013.6,24.0
2020-02-23,STN_COASTAL,32.7,-117.2,14.8,0,54.7,20.8,1011.4,49.0
2020-02-24,STN_NORTH,48.0,-122.3,2.4,0,71.6,26.2,1011.3,61.0
2020-02-24,STN_CENTRAL,37.8,-122.4,10.0,0,56.7,13.7,1010.8,33.0
2020-02-24,STN_SOUTH,34.0,-118.2,12.2,0,46.0,13.8,1015.7,9.0
2020-02-24,STN_INLAND,36.7,-119.8,11.3,0,67.8,13.2,1012.0,51.0
2020-02-24,STN_COASTAL,32.7,-117.2,14.0,0.7,71.9,0,1008.5,38.0
2020-02-25,STN_NORTH,48.0,-122.3,3.6,3.4,81.9,5.1,1020.9,36.0
2020-02-25,STN_CENTRAL,37.8,-122.4,11.5,1.7,70.9,5.8,1026.1,73.0
2020-02-25,STN_SOUTH,34.0,-118.2,7.7,0,64.6,9.6,1010.9,39.0
2020-02-25,STN_INLAND,36.7,-119.8,10.6,0,50.1,14.2,1011.0,61.0
2020-02-25,STN_COASTAL,32.7,-117.2,13.4,0,65.4,11.2,1024.2,69.0
2020-02-26,STN_NORTH,48.0,-122.3,3.3,0,55.7,20.2,1020.4,21.0
2020-02-26,STN_CENTRAL,37.8,-122.4,16.5,2.9,75.8,1.7,1007.3,49.0
2020-02-26,STN_SOUTH,34.0,-118.2,13.4,1.5,64.8,7.1,1015.1,83.0
2020-02-26,STN_INLAND,36.7,-119.8,13.7,2.9,64.9,13.1,1011.1,42.0
2020-02-26,STN_COASTAL,32.7,-117.2,10.7,0.3,66.5,10.8,1015.2,32.0
2020-02-27,STN_NORTH,48.0,-122.3,8.6,0,68.3,6.0,1005.5,28.0
2020-02-27,STN_CENTRAL,37.8,-122.4,7.8,0,26.9,12.5,1010.9,4.0
2020-02-27,STN_SOUTH,34.0,-118.2,20.9,0.5,80.3,13.4,1023.6,64.0
2020-02-27,STN_INLAND,36.7,-119.8,14.5,1.6,58.9,7.2,1003.9,49.0
2020-02-27,STN_COASTAL,32.7,-117.2,18.9,0,68.4,12.5,1018.9,36.0
2020-02-28,STN_NORTH,48.0,-122.3,5.1,2.3,52.9,6.5,1007.1,92.0
2020-02-28,STN_CENTRAL,37.8,-122.4,12.3,2.2,68.2,8.5,1019.9,72.0
2020-02-28,STN_SOUTH,34.0,-118.2,16.3,4.9,66.9,25.3,1009.0,65.0
2020-02-28,STN_INLAND,36.7,-119.8,13.3,0,44.3,8.8,1018.7,85.0
2020-02-28,STN_COASTAL,32.7,-117.2,10.0,0,74.2,7.5,1010.7,44.0
2020-02-29,STN_NORTH,48.0,-122.3,4.5,0,63.6,9.1,1011.3,24.0
2020-02-29,STN_CENTRAL,37.8,-122.4,10.7,0,48.7,19.7,1011.5,1.0
2020-02-29,STN_SOUTH,34.0,-118.2,17.1,0,52.4,11.2,1006.6,29.0
2020-02-29,STN_INLAND,36.7,-119.8,8.4,0,43.2,7.0,1015.7,47.0
2020-02-29,STN_COASTAL,32.7,-117.2,14.8,0,53.6,17.4,1015.4,51.0
2020-03-01,STN_NORTH,48.0,-122.3,6.0,3.3,51.9,14.0,1005.8,68.0
2020-03-01,STN_CENTRAL,37.8,-122.4,11.5,0.8,84.2,10.9,1007.1,54.0
2020-03-01,STN_SOUTH,34.0,-118.2,12.5,1.5,61.1,0,1016.9,32.0
2020-03-01,STN_INLAND,36.7,-119.8,7.8,0,53.0,9.8,1012.3,32.0
2020-03-01,STN_COASTAL,32.7,-117.2,13.6,1.4,77.9,11.7,1018.4,86.0
2020-03-02,STN_NORTH,48.0,-122.3,8.1,0,63.6,17.9,1012.4,52.0
2020-03-02,STN_CENTRAL,37.8,-122.4,9.3,1.8,87.9,8.2,1007.8,96.0
2020-03-02,STN_SOUTH,34.0,-118.2,7.8,0,60.9,26.9,1017.6,56.0
2020-03-02,STN_INLAND,36.7,-119.8,14.6,0.1,82.1,9.8,1003.1,98.0
2020-03-02,STN_COASTAL,32.7,-117.2,18.3,0,53.8,20.1,1017.4,17.0
2020-03-03,STN_NORTH,48.0,-122.3,2.7,0,56.5,13.4,1017.5,26.0
2020-03-03,STN_CENTRAL,37.8,-122.4,14.0,2.2,76.2,16.1,1011.2,67.0
2020-03-03,STN_SOUTH,34.0,-118.2,16.1,0,57.2,6.6,1010.5,35.0
2020-03-03,STN_INLAND,36.7,-119.8,18.7,0,60.9,12.6,1015.6,28.0
2020-03-03,STN_COASTAL,32.7,-117.2,12.0,0.6,59.9,12.0,1018.6,62.0
2020-03-04,STN_NORTH,48.0,-122.3,4.0,0,60.3,2.7,1017.5,40.0
2020-03-04,STN_CENTRAL,37.8,-122.4,12.7,2.1,42.5,12.5,1021.4,58.0
2020-03-04,STN_SOUTH,34.0,-118.2,15.6,1.0,82.9,14.0,1014.8,47.0
2020-03-04,STN_INLAND,36.7,-119.8,8.6,0,58.4,9.7,1016.8,80.0
2020-03-04,STN_COASTAL,32.7,-117.2,16.7,4.4,65.8,20.9,1014.7,23.0
2020-03-05,STN_NORTH,48.0,-122.3,4.5,4.0,60.6,5.8,1005.9,87.0
2020-03-05,STN_CENTRAL,37.8,-122.4,13.3,0,72.3,15.8,1001.8,35.0
2020-03-05,STN_SOUTH,34.0,-118.2,15.7,0,64.3,9.9,1008.2,26.0
2020-03-05,STN_INLAND,36.7,-119.8,14.9,0,77.1,23.0,1018.2,57.0
2020-03-05,STN_COASTAL,32.7,-117.2,18.5,0,69.9,16.8,1018.3,27.0
2020-03-06,STN_NORTH,48.0,-122.3,6.1,0,61.3,9.3,1010.2,25.0
2020-03-06,STN_CENTRAL,37.8,-122.4,14.8,2.1,90.9,2.8,1005.1,59.0
2020-03-06,STN_SOUTH,34.0,-118.2,18.4,0,47.8,4.5,1011.6,30.0
2020-03-06,STN_INLAND,36.7,-119.8,12.3,2.1,83.3,11.4,1001.7,93.0
2020-03-06,STN_COASTAL,32.7,-117.2,10.8,0,80.9,1.4,1013.5,34.0
2020-03-07,STN_NORTH,48.0,-122.3,1.1,3.5,83.1,14.2,1013.0,76.0
2020-03-07,STN_CENTRAL,37.8,-122.4,9.4,0,67.0,16.3,1015.5,23.0
2020-03-07,STN_SOUTH,34.0,-118.2,14.1,0,75.8,13.1,1012.1,12.0
2020-03-07,STN_INLAND,36.7,-119.8,11.5,0.2,94.5,12.2,1020.0,83.0
2020-03-07,STN_COASTAL,32.7,-117.2,14.8,0,54.0,14.5,1012.2,13.0
2020-03-08,STN_NORTH,48.0,-122.3,11.4,0,52.3,8.6,1011.1,0
2020-03-08,STN_CENTRAL,37.8,-122.4,6.7,0,36.4,,1011.7,36.0
2020-03-08,STN_SOUTH,34.0,-118.2,14.1,0,50.5,11.2,1015.1,54.0
2020-03-08,STN_INLAND,36.7,-119.8,13.4,3.3,73.9,16.6,1009.6,85.0
2020-03-08,STN_COASTAL,32.7,-117.2,14.4,0,70.8,17.2,1011.3,54.0
2020-03-09,STN_NORTH,48.0,-122.3,7.2,1.2,81.7,13.6,1027.1,47.0
2020-03-09,STN_CENTRAL,37.8,-122.4,15.2,0,64.8,0,1019.9,53.0
2020-03-09,STN_SOUTH,34.0,-118.2,10.2,0,60.6,5.8,1013.3,59.0
2020-03-09,STN_INLAND,36.7,-119.8,12.9,0,71.9,18.6,1017.7,38.0
2020-03-09,STN_COASTAL,32.7,-117.2,14.7,0,56.1,6.1,1014.6,27.0
2020-03-10,STN_NORTH,48.0,-122.3,6.3,0,77.5,19.0,1008.3,19.0
2020-03-10,STN_CENTRAL,37.8,-122.4,13.9,3.9,77.2,8.0,1001.5,68.0
2020-03-10,STN_SOUTH,34.0,-118.2,19.4,0,77.0,22.2,1011.5,43.0
2020-03-10,STN_INLAND,36.7,-119.8,20.5,0.3,83.0,3.8,1015.8,73.0
2020-03-10,STN_COASTAL,32.7,-117.2,12.9,0.0,59.0,17.0,1007.2,64.0
2020-03-11,STN_NORTH,48.0,-122.3,6.2,6.2,62.9,8.9,1008.1,51.0
2020-03-11,STN_CENTRAL,37.8,-122.4,15.7,1.1,56.5,0,1010.4,76.0
2020-03-11,STN_SOUTH,34.0,-118.2,19.3,0,77.4,3.2,1020.9,55.0
2020-03-11,STN_INLAND,36.7,-119.8,16.6,0,80.9,16.8,1018.6,68.0
2020-03-11,STN_COASTAL,32.7,-117.2,14.0,1.0,80.2,24.1,1007.7,65.0
2020-03-12,STN_NORTH,48.0,-122.3,2.8,0,60.8,15.2,1016.9,46.0
2020-03-12,STN_CENTRAL,37.8,-122.4,13.5,0,57.4,5.8,1019.8,33.0
2020-03-12,STN_SOUTH,34.0,-118.2,17.7,0,60.1,22.4,1005.2,44.0
2020-03-12,STN_INLAND,36.7,-119.8,14.6,0,56.7,14.9,1008.0,13.0
2020-03-12,STN_COASTAL,32.7,-117.2,14.7,0,66.0,9.9,1014.8,65.0
2020-03-13,STN_NORTH,48.0,-122.3,7.6,3.4,89.0,11.1,1017.6,67.0
2020-03-13,STN_CENTRAL,37.8,-122.4,11.6,0,55.9,11.8,1002.7,22.0
2020-03-13,STN_SOUTH,34.0,-118.2,17.9,0,61.3,12.0,1011.8,61.0
2020-03-13,STN_INLAND,36.7,-119.8,20.7,0.6,85.5,7.9,1014.3,57.0
2020-03-13,STN_COASTAL,32.7,-117.2,19.1,1.5,86.2,12.8,1017.0,75.0
2020-03-14,STN_NORTH,48.0,-122.3,4.6,0,63.0,6.7,1005.7,23.0
2020-03-14,STN_CENTRAL,37.8,-122.4,15.1,2.5,65.5,4.7,1010.8,86.0
2020-03-14,STN_SOUTH,34.0,-118.2,14.7,2.9,92.4,22.7,1014.6,37.0
2020-03-14,STN_INLAND,36.7,-119.8,11.0,1.1,71.9,15.1,1002.9,57.0
2020-03-14,STN_COASTAL,32.7,-117.2,16.9,0,36.6,8.8,1012.9,41.0
2020-03-15,STN_NORTH,48.0,-122.3,5.4,6.3,50.7,16.8,1014.2,53.0
2020-03-15,STN_CENTRAL,37.8,-122.4,15.5,1.2,50.7,10.9,1004.4,69.0
2020-03-15,STN_SOUTH,34.0,-118.2,13.7,0,31.7,19.1,1013.9,88.0
2020-03-15,STN_INLAND,36.7,-119.8,15.9,4.4,81.2,11.9,1010.3,33.0
2020-03-15,STN_COASTAL,32.7,-117.2,18.9,0,48.5,17.5,1016.3,66.0
2020-03-16,STN_NORTH,48.0,-122.3,7.1,0,74.0,12.2,1005.1,54.0
2020-03-16,STN_CENTRAL,37.8,-122.4,14.2,0,41.0,5.0,1010.0,35.0
2020-03-16,STN_SOUTH,34.0,-118.2,16.0,0,52.5,11.3,1009.9,64.0
2020-03-16,STN_INLAND,36.7,-119.8,17.9,0,45.5,6.4,1017.1,30.0
2020-03-16,STN_COASTAL,32.7,-117.2,18.8,0,47.0,6.3,1019.6,0
2020-03-17,STN_NORTH,48.0,-122.3,7.2,0.9,76.2,13.4,1017.5,32.0
2020-03-17,STN_CENTRAL,37.8,-122.4,12.6,0,70.6,15.9,1014.1,20.0
2020-03-17,STN_SOUTH,34.0,-118.2,17.5,3.0,44.7,9.3,1015.5,68.0
2020-03-17,STN_INLAND,36.7,-119.8,17.9,2.7,71.1,9.8,1016.4,42.0
2020-03-17,STN_COASTAL,32.7,-117.2,16.4,0,58.7,17.9,1017.4,38.0
2020-03-18,STN_NORTH,48.0,-122.3,7.5,3.7,49.2,21.4,1012.6,70.0
2020-03-18,STN_CENTRAL,37.8,-122.4,14.1,0,53.4,16.7,1015.0,57.0
2020-03-18,STN_SOUTH,34.0,-118.2,18.9,0,50.7,14.2,1018.4,21.0
2020-03-18,STN_INLAND,36.7,-119.8,13.7,0,44.7,12.0,1013.8,36.0
2020-03-18,STN_COASTAL,32.7,-117.2,22.5,0,65.8,6.9,1011.1,50.0
2020-03-19,STN_NORTH,48.0,-122.3,3.8,0,69.4,14.3,1013.5,39.0
2020-03-19,STN_CENTRAL,37.8,-122.4,12.5,0,37.2,12.5,1011.0,22.0
2020-03-19,STN_SOUTH,34.0,-118.2,19.3,3.2,72.3,14.7,1022.8,52.0
2020-03-19,STN_INLAND,36.7,-119.8,17.2,0,62.3,16.6,1007.5,60.0
2020-03-19,STN_COASTAL,32.7,-117.2,17.3,0.7,72.6,19.3,1012.8,45.0
2020-03-20,STN_NORTH,48.0,-122.3,7.9,2.4,74.7,12.1,1010.3,76.0
2020-03-20,STN_CENTRAL,37.8,-122.4,13.1,0,62.4,15.1,1021.3,46.0
2020-03-20,STN_SOUTH,34.0,-118.2,21.0,7.5,87.5,16.9,1005.8,51.0
2020-03-20,STN_INLAND,36.7,-119.8,19.4,0,45.2,18.9,1009.6,39.0
2020-03-20,STN_COASTAL,32.7,-117.2,15.9,0.3,78.1,12.4,1009.4,60.0
2020-03-21,STN_NORTH,48.0,-122.3,7.2,0,49.9,11.9,1013.9,59.0
2020-03-21,STN_CENTRAL,37.8,-122.4,17.5,0.8,59.2,8.8,1010.0,48.0
2020-03-21,STN_SOUTH,34.0,-118.2,20.5,0,49.6,10.0,1019.3,15.0
2020-03-21,STN_INLAND,36.7,-119.8,12.9,0,62.5,6.9,1016.3,34.0
2020-03-21,STN_COASTAL,32.7,-117.2,18.3,2.2,63.7,2.7,1007.5,66.0
2020-03-22,STN_NORTH,48.0,-122.3,8.3,4.1,70.6,11.9,1004.1,51.0
2020-03-22,STN_CENTRAL,37.8,-122.4,11.3,0,67.5,5.7,1006.7,40.0
2020-03-22,STN_SOUTH,34.0,-118.2,12.9,1.6,70.9,16.1,1012.0,45.0
2020-03-22,STN_INLAND,36.7,-119.8,19.5,0,43.7,6.2,1016.7,31.0
2020-03-22,STN_COASTAL,32.7,-117.2,16.9,0,56.5,12.9,1007.0,41.0
2020-03-23,STN_NORTH,48.0,-122.3,12.1,2.7,71.8,0,1018.2,50.0
2020-03-23,STN_CENTRAL,37.8,-122.4,15.7,1.3,88.6,5.9,1016.7,49.0
2020-03-23,STN_SOUTH,34.0,-118.2,16.6,0,79.3,8.9,1009.3,57.0
2020-03-23,STN_INLAND,36.7,-119.8,14.9,1.4,75.2,16.4,1013.1,65.0
2020-03-23,STN_COASTAL,32.7,-117.2,15.6,0,48.3,3.3,1021.7,18.0
2020-03-24,STN_NORTH,48.0,-122.3,6.5,3.6,67.8,18.0,1019.6,28.0
2020-03-24,STN_CENTRAL,37.8,-122.4,10.4,0,55.1,19.1,1011.6,69.0
2020-03-24,STN_SOUTH,34.0,-118.2,21.0,0,39.5,2.6,1015.4,0
2020-03-24,STN_INLAND,36.7,-119.8,20.0,0,70.5,8.0,1013.6,7.0
2020-03-24,STN_COASTAL,32.7,-117.2,21.6,2.9,74.0,4.5,1004.5,45.0
2020-03-25,STN_NORTH,48.0,-122.3,4.5,0,58.0,9.3,1014.5,25.0
2020-03-25,STN_CENTRAL,37.8,-122.4,15.8,0,74.3,7.4,1012.8,32.0
2020-03-25,STN_SOUTH,34.0,-118.2,16.4,2.1,73.0,9.0,1002.0,20.0
2020-03-25,STN_INLAND,36.7,-119.8,16.4,0,50.6,11.7,995.6,
2020-03-25,STN_COASTAL,32.7,-117.2,15.3,0,60.8,8.2,1013.0,0
2020-03-26,STN_NORTH,48.0,-122.3,12.1,0,58.5,14.4,1014.1,54.0
2020-03-26,STN_CENTRAL,37.8,-122.4,13.1,1.6,74.1,8.3,1010.1,62.0
2020-03-26,STN_SOUTH,34.0,-118.2,19.6,0,58.8,8.6,1013.1,10.0
2020-03-26,STN_INLAND,36.7,-119.8,16.9,0,66.4,0.1,1012.0,73.0
2020-03-26,STN_COASTAL,32.7,-117.2,16.8,1.3,72.8,12.9,1011.9,50.0
2020-03-27,STN_NORTH,48.0,-122.3,8.4,0,68.4,17.4,1014.8,44.0
2020-03-27,STN_CENTRAL,37.8,-122.4,13.1,1.1,72.2,11.8,1009.8,46.0
2020-03-27,STN_SOUTH,34.0,-118.2,22.3,0,56.8,6.1,1006.7,55.0
2020-03-27,STN_INLAND,36.7,-119.8,14.0,0,49.9,13.1,1018.0,53.0
2020-03-27,STN_COASTAL,32.7,-117.2,20.0,0,62.8,16.2,1021.5,52.0
2020-03-28,STN_NORTH,48.0,-122.3,5.6,0,59.1,5.6,1021.1,50.0
2020-03-28,STN_CENTRAL,37.8,-122.4,14.5,0,58.8,6.5,1016.5,51.0
2020-03-28,STN_SOUTH,34.0,-118.2,17.7,0.4,62.7,26.3,1008.7,100.0
2020-03-28,STN_INLAND,36.7,-119.8,11.2,1.8,71.6,3.2,1012.5,85.0
2020-03-28,STN_COASTAL,32.7,-117.2,17.0,0,54.0,8.2,1013.2,42.0
2020-03-29,STN_NORTH,48.0,-122.3,10.7,3.7,70.4,9.1,1013.0,54.0
2020-03-29,STN_CENTRAL,37.8,-122.4,13.1,1.4,69.9,4.7,1008.6,48.0
2020-03-29,STN_SOUTH,34.0,-118.2,17.6,0.9,92.7,0,1012.4,54.0
2020-03-29,STN_INLAND,36.7,-119.8,14.3,0.0,63.8,6.5,1009.0,36.0
2020-03-29,STN_COASTAL,32.7,-117.2,18.0,0,49.0,8.9,1010.1,47.0
2020-03-30,STN_NORTH,48.0,-122.3,12.8,0,56.6,6.1,1012.1,33.0
2020-03-30,STN_CENTRAL,37.8,-122.4,21.6,0,78.8,4.1,1011.8,36.0
2020-03-30,STN_SOUTH,34.0,-118.2,19.6,0,48.4,3.7,1013.3,45.0
2020-03-30,STN_INLAND,36.7,-119.8,20.7,0,53.9,10.8,1012.0,55.0
2020-03-30,STN_COASTAL,32.7,-117.2,16.6,0,51.1,18.0,1014.6,43.0
2020-03-31,STN_NORTH,48.0,-122.3,6.8,1.0,68.7,2.9,1008.3,100
2020-03-31,STN_CENTRAL,37.8,-122.4,20.2,0.7,77.4,3.0,1011.0,73.0
2020-03-31,STN_SOUTH,34.0,-118.2,20.2,0,75.2,16.2,1022.1,17.0
2020-03-31,STN_INLAND,36.7,-119.8,19.0,1.9,72.3,1.0,1013.3,60.0
2020-03-31,STN_COASTAL,32.7,-117.2,22.0,3.9,100,2.3,1011.8,20.0
2020-04-01,STN_NORTH,48.0,-122.3,7.7,1.9,52.4,3.7,1013.8,55.0
2020-04-01,STN_CENTRAL,37.8,-122.4,18.6,0.5,52.1,1.0,1010.8,78.0
2020-04-01,STN_SOUTH,34.0,-118.2,21.3,0,72.2,16.2,1017.6,34.0
2020-04-01,STN_INLAND,36.7,-119.8,15.4,0,65.3,10.6,1015.4,23.0
2020-04-01,STN_COASTAL,32.7,-117.2,15.8,0,56.8,4.1,1013.2,69.0
2020-04-02,STN_NORTH,48.0,-122.3,8.3,3.1,67.3,8.7,1015.3,52.0
2020-04-02,STN_CENTRAL,37.8,-122.4,12.1,0,58.2,17.4,1019.5,33.0
2020-04-02,STN_SOUTH,34.0,-118.2,17.2,0.9,62.9,7.3,1020.9,62.0
2020-04-02,STN_INLAND,36.7,-119.8,15.0,0,60.5,9.3,1016.1,72.0
2020-04-02,STN_COASTAL,32.7,-117.2,18.7,0,44.0,6.4,1020.0,15.0
2020-04-03,STN_NORTH,48.0,-122.3,10.1,0,52.6,8.4,1017.6,45.0
2020-04-03,STN_CENTRAL,37.8,-122.4,10.0,4.8,53.3,17.5,1005.6,73.0
2020-04-03,STN_SOUTH,34.0,-118.2,25.4,0,43.4,13.1,1014.8,18.0
2020-04-03,STN_INLAND,36.7,-119.8,14.6,5.9,75.9,20.4,997.2,66.0
2020-04-03,STN_COASTAL,32.7,-117.2,19.7,0,46.4,20.7,1008.0,75.0
2020-04-04,STN_NORTH,48.0,-122.3,10.0,1.7,74.1,0,1015.7,47.0
2020-04-04,STN_CENTRAL,37.8,-122.4,14.8,0,53.3,9.4,1016.4,33.0
2020-04-04,STN_SOUTH,34.0,-118.2,21.2,0,34.7,13.7,1018.5,29.0
2020-04-04,STN_INLAND,36.7,-119.8,22.9,0,62.1,15.7,1013.3,56.0
2020-04-04,STN_COASTAL,32.7,-117.2,15.6,2.2,62.3,8.7,1014.9,98.0
2020-04-05,STN_NORTH,48.0,-122.3,11.1,3.9,97.6,16.1,1003.1,83.0
2020-04-05,STN_CENTRAL,37.8,-122.4,19.5,0,65.1,13.9,1007.8,55.0
2020-04-05,STN_SOUTH,34.0,-118.2,19.0,1.9,50.6,0.6,1023.9,57.0
2020-04-05,STN_INLAND,36.7,-119.8,18.2,0,30.3,23.4,1019.6,24.0
2020-04-05,STN_COASTAL,32.7,-117.2,15.3,1.7,68.3,20.3,1020.8,61.0
2020-04-06,STN_NORTH,48.0,-122.3,4.4,6.6,65.6,5.0,1002.9,23.0
2020-04-06,STN_CENTRAL,37.8,-122.4,17.0,0,49.6,16.2,1012.1,33.0
2020-04-06,STN_SOUTH,34.0,-118.2,23.5,0,46.6,17.4,1009.6,28.0
2020-04-06,STN_INLAND,36.7,-119.8,17.5,0.8,81.5,11.2,1005.6,77.0
2020-04-06,STN_COASTAL,32.7,-117.2,18.1,3.3,66.6,17.6,1008.2,35.0
2020-04-07,STN_NORTH,48.0,-122.3,8.0,0,48.0,13.5,1014.5,13.0
2020-04-07,STN_CENTRAL,37.8,-122.4,18.5,3.9,63.2,19.2,1007.1,29.0
2020-04-07,STN_SOUTH,34.0,-118.2,23.9,0,74.7,23.7,1004.3,30.0
2020-04-07,STN_INLAND,36.7,-119.8,17.5,6.3,78.6,15.5,1010.0,26.0
2020-04-07,STN_COASTAL,32.7,-117.2,21.4,2.4,43.4,17.2,1013.9,11.0
2020-04-08,STN_NORTH,48.0,-122.3,4.2,0,60.5,12.6,1016.7,39.0
2020-04-08,STN_CENTRAL,37.8,-122.4,13.3,0,46.1,10.4,1021.3,48.0
2020-04-08,STN_SOUTH,34.0,-118.2,14.8,0,57.2,19.4,1013.0,35.0
2020-04-08,STN_INLAND,36.7,-119.8,18.9,0,69.4,15.2,1007.5,23.0
2020-04-08,STN_COASTAL,32.7,-117.2,17.1,0,63.2,13.9,1008.6,69.0
2020-04-09,STN_NORTH,48.0,-122.3,12.2,1.5,54.3,3.7,1016.6,65.0
2020-04-09,STN_CENTRAL,37.8,-122.4,14.9,0,48.1,7.4,1012.5,27.0
2020-04-09,STN_SOUTH,34.0,-118.2,22.2,0,51.0,8.2,1007.8,26.0
2020-04-09,STN_INLAND,36.7,-119.8,16.2,0,58.6,12.4,1009.8,25.0
2020-04-09,STN_COASTAL,32.7,-117.2,17.2,0,28.8,13.0,1010.5,52.0
2020-04-10,STN_NORTH,48.0,-122.3,15.4,4.1,90.9,2.6,1019.4,43.0
2020-04-10,STN_CENTRAL,37.8,-122.4,17.7,0.9,68.3,9.4,1010.0,46.0
2020-04-10,STN_SOUTH,34.0,-118.2,21.8,2.3,54.1,12.1,999.6,54.0
2020-04-10,STN_INLAND,36.7,-119.8,24.4,0,77.3,16.0,1017.6,46.0
2020-04-10,STN_COASTAL,32.7,-117.2,18.9,1.2,59.4,14.3,1015.9,57.0
2020-04-11,STN_NORTH,48.0,-122.3,9.3,0,63.1,5.3,1016.7,51.0
2020-04-11,STN_CENTRAL,37.8,-122.4,19.5,0.5,71.1,12.7,1011.6,46.0
2020-04-11,STN_SOUTH,34.0,-118.2,21.0,0,43.8,16.4,1012.5,83.0
2020-04-11,STN_INLAND,36.7,-119.8,22.9,2.2,71.8,14.4,1009.8,91.0
2020-04-11,STN_COASTAL,32.7,-117.2,23.9,0.3,49.6,8.5,1012.8,61.0
2020-04-12,STN_NORTH,48.0,-122.3,13.8,1.1,63.8,13.1,1009.5,62.0
2020-04-12,STN_CENTRAL,37.8,-122.4,16.3,0,54.9,9.1,1018.8,0
2020-04-12,STN_SOUTH,34.0,-118.2,22.3,0,51.3,3.2,1011.3,35.0
2020-04-12,STN_INLAND,36.7,-119.8,18.5,0,54.0,12.9,1016.1,12.0
2020-04-12,STN_COASTAL,32.7,-117.2,20.2,0.2,70.7,15.5,1017.3,28.0
2020-04-13,STN_NORTH,48.0,-122.3,15.2,1.4,37.2,5.4,1002.1,100
2020-04-13,STN_CENTRAL,37.8,-122.4,20.4,5.2,77.1,12.6,1007.7,62.0
2020-04-13,STN_SOUTH,34.0,-118.2,18.8,0,64.7,13.6,1024.0,14.0
2020-04-13,STN_INLAND,36.7,-119.8,23.6,0.6,50.7,10.4,1019.2,34.0
2020-04-13,STN_COASTAL,32.7,-117.2,23.9,0,53.8,0.2,1002.4,43.0
2020-04-14,STN_NORTH,48.0,-122.3,13.2,0,39.4,7.8,1015.2,41.0
2020-04-14,STN_CENTRAL,37.8,-122.4,12.7,1.2,69.8,9.4,1008.2,59.0
2020-04-14,STN_SOUTH,34.0,-118.2,24.3,0.4,69.2,12.7,1014.2,26.0
2020-04-14,STN_INLAND,36.7,-119.8,17.7,0,56.1,19.2,1011.0,43.0
2020-04-14,STN_COASTAL,32.7,-117.2,23.0,1.4,69.9,26.4,1003.3,50.0
2020-04-15,STN_NORTH,48.0,-122.3,12.6,3.8,60.0,25.1,1011.1,43.0
2020-04-15,STN_CENTRAL,37.8,-122.4,14.4,0,56.5,10.1,1009.6,60.0
2020-04-15,STN_SOUTH,34.0,-118.2,27.4,0,73.2,13.3,1013.0,16.0
2020-04-15,STN_INLAND,36.7,-119.8,23.9,0,35.0,12.7,1013.7,64.0
2020-04-15,STN_COASTAL,32.7,-117.2,20.0,0,44.8,3.2,1016.1,71.0
2020-04-16,STN_NORTH,48.0,-122.3,10.5,5.5,69.2,12.5,1017.5,57.0
2020-04-16,STN_CENTRAL,37.8,-122.4,20.3,4.8,54.4,15.4,1018.5,60.0
2020-04-16,STN_SOUTH,34.0,-118.2,19.8,0,35.4,14.8,1011.7,63.0
2020-04-16,STN_INLAND,36.7,-119.8,20.4,0,66.6,10.2,1004.5,37.0
2020-04-16,STN_COASTAL,32.7,-117.2,19.6,1.3,74.1,15.2,1008.5,54.0
2020-04-17,STN_NORTH,48.0,-122.3,15.5,3.9,67.6,5.8,1012.9,54.0
2020-04-17,STN_CENTRAL,37.8,-122.4,21.3,3.1,66.9,19.6,1003.4,75.0
2020-04-17,STN_SOUTH,34.0,-118.2,25.0,0,51.3,23.4,1006.7,50.0
2020-04-17,STN_INLAND,36.7,-119.8,22.7,2.1,53.9,10.9,1003.8,58.0
2020-04-17,STN_COASTAL,32.7,-117.2,25.5,0.2,73.9,7.0,1017.5,34.0
2020-04-18,STN_NORTH,48.0,-122.3,12.5,0,67.7,12.4,1007.1,48.0
2020-04-18,STN_CENTRAL,37.8,-122.4,16.9,1.3,56.6,11.3,1012.2,78.0
2020-04-18,STN_SOUTH,34.0,-118.2,25.1,0,53.4,15.1,1008.3,30.0
2020-04-18,STN_INLAND,36.7,-119.8,15.4,0.3,52.9,25.7,1014.3,58.0
2020-04-18,STN_COASTAL,32.7,-117.2,24.6,0,63.2,,1013.9,17.0
2020-04-19,STN_NORTH,48.0,-122.3,18.7,0,64.5,17.3,1010.0,55.0
2020-04-19,STN_CENTRAL,37.8,-122.4,14.3,3.3,59.7,9.8,1002.6,43.0
2020-04-19,STN_SOUTH,34.0,-118.2,25.0,0,66.1,8.5,1013.6,52.0
2020-04-19,STN_INLAND,36.7,-119.8,21.8,0,66.5,18.2,1018.7,26.0
2020-04-19,STN_COASTAL,32.7,-117.2,25.9,2.0,41.1,13.1,1006.6,79.0
2020-04-20,STN_NORTH,48.0,-122.3,16.4,4.7,67.0,13.7,1019.1,33.0
2020-04-20,STN_CENTRAL,37.8,-122.4,24.1,1.8,65.6,16.9,1012.3,50.0
2020-04-20,STN_SOUTH,34.0,-118.2,25.4,0,68.2,13.2,1009.3,55.0
2020-04-20,STN_INLAND,36.7,-119.8,24.5,0,52.4,9.3,1015.6,46.0
2020-04-20,STN_COASTAL,32.7,-117.2,16.1,0.4,61.1,4.1,1013.2,48.0
2020-04-21,STN_NORTH,48.0,-122.3,15.2,2.3,47.5,9.1,1010.0,75.0
2020-04-21,STN_CENTRAL,37.8,-122.4,18.2,0,69.9,4.3,1015.2,31.0
2020-04-21,STN_SOUTH,34.0,-118.2,25.7,0,69.4,3.6,1011.3,60.0
2020-04-21,STN_INLAND,36.7,-119.8,23.8,0,56.0,20.5,1012.2,32.0
2020-04-21,STN_COASTAL,32.7,-117.2,20.5,1.2,73.2,9.3,1014.9,64.0
2020-04-22,STN_NORTH,48.0,-122.3,17.1,3.8,95.2,18.4,1017.2,44.0
2020-04-22,STN_CENTRAL,37.8,-122.4,21.6,3.7,48.9,20.0,998.3,96.0
2020-04-22,STN_SOUTH,34.0,-118.2,25.6,0,60.8,11.9,1016.9,30.0
2020-04-22,STN_INLAND,36.7,-119.8,21.3,0,57.8,21.3,1013.1,61.0
2020-04-22,STN_COASTAL,32.7,-117.2,21.7,0,53.1,10.8,1014.2,0.0
2020-04-23,STN_NORTH,48.0,-122.3,14.1,0,47.7,13.9,1010.8,57.0
2020-04-23,STN_CENTRAL,37.8,-122.4,10.7,3.4,74.7,4.4,1010.8,100
2020-04-23,STN_SOUTH,34.0,-118.2,20.1,0,64.9,11.4,1010.3,41.0
2020-04-23,STN_INLAND,36.7,-119.8,22.3,0,61.0,13.8,1012.3,12.0
2020-04-23,STN_COASTAL,32.7,-117.2,22.3,4.2,82.1,15.7,1013.7,56.0
2020-04-24,STN_NORTH,48.0,-122.3,14.6,0,70.3,8.9,1005.8,40.0
2020-04-24,STN_CENTRAL,37.8,-122.4,18.8,0,53.6,19.8,1011.7,40.0
2020-04-24,STN_SOUTH,34.0,-118.2,23.8,0,71.4,15.5,1022.8,8.0
2020-04-24,STN_INLAND,36.7,-119.8,21.2,0.5,56.6,6.5,1019.5,19.0
2020-04-24,STN_COASTAL,32.7,-117.2,17.5,0,68.5,1.7,1014.8,38.0
2020-04-25,STN_NORTH,48.0,-122.3,11.9,0,42.2,10.3,1006.4,21.0
2020-04-25,STN_CENTRAL,37.8,-122.4,17.8,0,62.3,2.3,1013.9,37.0
2020-04-25,STN_SOUTH,34.0,-118.2,20.5,0.5,75.1,16.3,1006.3,63.0
2020-04-25,STN_INLAND,36.7,-119.8,19.6,0,37.0,8.8,1015.0,76.0
2020-04-25,STN_COASTAL,32.7,-117.2,22.1,0,56.3,17.8,1007.5,57.0
2020-04-26,STN_NORTH,48.0,-122.3,12.2,0,37.1,8.4,1012.2,59.0
2020-04-26,STN_CENTRAL,37.8,-122.4,12.9,0,74.1,17.6,1010.2,59.0
2020-04-26,STN_SOUTH,34.0,-118.2,21.9,0,49.8,6.3,1011.5,19.0
2020-04-26,STN_INLAND,36.7,-119.8,21.2,0,48.1,14.4,1015.0,52.0
2020-04-26,STN_COASTAL,32.7,-117.2,25.2,1.8,73.6,11.8,1013.8,54.0
2020-04-27,STN_NORTH,48.0,-122.3,17.7,0,41.1,13.5,1017.5,58.0
2020-04-27,STN_CENTRAL,37.8,-122.4,22.9,4.0,93.8,10.8,1007.4,46.0
2020-04-27,STN_SOUTH,34.0,-118.2,24.6,0,57.6,17.8,1018.4,57.0
2020-04-27,STN_INLAND,36.7,-119.8,19.6,0.4,57.0,27.9,1018.0,26.0
2020-04-27,STN_COASTAL,32.7,-117.2,21.1,1.8,52.2,18.4,1012.8,100
2020-04-28,STN_NORTH,48.0,-122.3,22.5,3.3,77.7,14.4,1005.1,46.0
2020-04-28,STN_CENTRAL,37.8,-122.4,20.0,0,66.4,12.3,1008.5,37.0
2020-04-28,STN_SOUTH,34.0,-118.2,26.7,0,36.7,13.1,1014.6,76.0
2020-04-28,STN_INLAND,36.7,-119.8,25.3,0.7,50.2,9.2,1012.3,43.0
2020-04-28,STN_COASTAL,32.7,-117.2,24.2,1.5,75.1,4.6,1021.4,55.0
2020-04-29,STN_NORTH,48.0,-122.3,17.9,4.3,80.0,7.2,1003.1,73.0
2020-04-29,STN_CENTRAL,37.8,-122.4,26.7,2.6,73.9,3.9,1014.4,53.0
2020-04-29,STN_SOUTH,34.0,-118.2,23.0,0,46.5,8.7,1013.8,32.0
2020-04-29,STN_INLAND,36.7,-119.8,17.1,0,71.4,9.8,1014.3,11.0
2020-04-29,STN_COASTAL,32.7,-117.2,22.7,3.5,58.8,5.0,1014.4,51.0
2020-04-30,STN_NORTH,48.0,-122.3,16.7,2.9,61.0,20.7,1013.3,96.0
2020-04-30,STN_CENTRAL,37.8,-122.4,24.1,3.1,59.8,16.9,1010.8,64.0
2020-04-30,STN_SOUTH,34.0,-118.2,27.1,0.9,81.8,10.4,1007.3,72.0
2020-04-30,STN_INLAND,36.7,-119.8,18.2,0,43.6,12.9,1013.5,30.0
2020-04-30,STN_COASTAL,32.7,-117.2,21.2,0,61.2,15.6,1011.1,14.0
2020-05-01,STN_NORTH,48.0,-122.3,10.8,0,49.9,14.3,1015.3,40.0
2020-05-01,STN_CENTRAL,37.8,-122.4,21.1,0,50.9,8.0,1003.5,0
2020-05-01,STN_SOUTH,34.0,-118.2,27.1,0.9,74.4,14.2,1010.5,35.0
2020-05-01,STN_INLAND,36.7,-119.8,19.5,0,75.7,13.1,999.3,30.0
2020-05-01,STN_COASTAL,32.7,-117.2,21.3,1.5,55.4,5.7,1015.6,73.0
2020-05-02,STN_NORTH,48.0,-122.3,19.8,0,64.5,15.4,1012.9,39.0
2020-05-02,STN_CENTRAL,37.8,-122.4,27.1,0.5,84.2,19.7,1012.5,22.0
2020-05-02,STN_SOUTH,34.0,-118.2,26.2,0,56.2,2.7,1012.6,13.0
2020-05-02,STN_INLAND,36.7,-119.8,22.4,0,72.8,11.2,1007.8,64.0
2020-05-02,STN_COASTAL,32.7,-117.2,28.5,0,35.3,12.2,1014.9,41.0
2020-05-03,STN_NORTH,48.0,-122.3,10.4,0,72.9,9.6,1012.9,46.0
2020-05-03,STN_CENTRAL,37.8,-122.4,21.5,0,31.1,4.1,1016.3,
2020-05-03,STN_SOUTH,34.0,-118.2,24.6,0,53.2,21.5,1016.7,14.0
2020-05-03,STN_INLAND,36.7,-119.8,23.0,0,55.3,5.4,1008.4,7.0
2020-05-03,STN_COASTAL,32.7,-117.2,22.0,0,65.2,7.8,1016.2,80.0
2020-05-04,STN_NORTH,48.0,-122.3,16.8,5.3,86.2,11.6,1007.3,27.0
2020-05-04,STN_CENTRAL,37.8,-122.4,17.7,4.3,69.8,11.7,1012.0,46.0
2020-05-04,STN_SOUTH,34.0,-118.2,22.9,2.3,65.6,16.5,1015.2,32.0
2020-05-04,STN_INLAND,36.7,-119.8,22.0,1.2,83.2,9.2,1008.7,92.0
2020-05-04,STN_COASTAL,32.7,-117.2,19.1,0,58.0,0.5,1011.0,61.0
2020-05-05,STN_NORTH,48.0,-122.3,14.9,0,73.4,11.1,1009.6,51.0
2020-05-05,STN_CENTRAL,37.8,-122.4,23.4,0,66.7,8.4,1010.2,78.0
2020-05-05,STN_SOUTH,34.0,-118.2,23.9,0,70.2,6.5,1012.4,42.0
2020-05-05,STN_INLAND,36.7,-119.8,23.3,1.6,51.0,17.5,1003.3,64.0
2020-05-05,STN_COASTAL,32.7,-117.2,24.9,,65.4,9.5,1020.0,28.0
2020-05-06,STN_NORTH,48.0,-122.3,13.4,0,56.9,11.8,1021.2,60.0
2020-05-06,STN_CENTRAL,37.8,-122.4,18.1,0,49.7,12.6,1006.3,28.0
2020-05-06,STN_SOUTH,34.0,-118.2,20.9,4.5,45.4,16.6,1008.7,39.0
2020-05-06,STN_INLAND,36.7,-119.8,24.4,,61.3,22.0,1009.5,98.0
2020-05-06,STN_COASTAL,32.7,-117.2,24.8,0,42.2,16.2,1011.3,4.0
2020-05-07,STN_NORTH,48.0,-122.3,19.2,0,41.7,2.3,1018.3,25.0
2020-05-07,STN_CENTRAL,37.8,-122.4,24.6,0,45.2,14.8,1010.1,17.0
2020-05-07,STN_SOUTH,34.0,-118.2,24.0,0.8,47.5,16.6,1005.4,97.0
2020-05-07,STN_INLAND,36.7,-119.8,17.8,3.2,48.6,7.8,1014.2,41.0
2020-05-07,STN_COASTAL,32.7,-117.2,25.9,0,43.6,18.5,1018.4,15.0
2020-05-08,STN_NORTH,48.0,-122.3,14.8,1.1,73.1,12.6,1015.9,57.0
2020-05-08,STN_CENTRAL,37.8,-122.4,21.2,4.8,62.5,1.4,1012.7,55.0
2020-05-08,STN_SOUTH,34.0,-118.2,27.5,0,69.7,17.6,1010.3,67.0
2020-05-08,STN_INLAND,36.7,-119.8,20.0,1.5,51.0,3.9,1005.4,51.0
2020-05-08,STN_COASTAL,32.7,-117.2,24.2,2.3,70.8,5.0,1000.4,59.0
2020-05-09,STN_NORTH,48.0,-122.3,12.1,0.4,46.6,6.2,1011.4,66.0
2020-05-09,STN_CENTRAL,37.8,-122.4,20.5,0,54.1,3.0,1012.6,49.0
2020-05-09,STN_SOUTH,34.0,-118.2,27.4,0.2,69.4,16.3,1009.0,32.0
2020-05-09,STN_INLAND,36.7,-119.8,19.0,3.2,54.9,9.5,1007.6,70.0
2020-05-09,STN_COASTAL,32.7,-117.2,23.5,0,44.4,14.7,1002.0,61.0
2020-05-10,STN_NORTH,48.0,-122.3,18.4,3.3,76.7,5.0,1009.0,64.0
2020-05-10,STN_CENTRAL,37.8,-122.4,26.0,0,60.2,12.4,1017.1,55.0
2020-05-10,STN_SOUTH,34.0,-118.2,27.0,2.0,58.7,8.6,1015.3,77.0
2020-05-10,STN_INLAND,36.7,-119.8,22.0,0,55.9,13.0,1020.3,15.0
2020-05-10,STN_COASTAL,32.7,-117.2,24.6,0,68.7,7.5,1012.8,78.0
2020-05-11,STN_NORTH,48.0,-122.3,18.1,0,37.7,13.1,1007.5,43.0
2020-05-11,STN_CENTRAL,37.8,-122.4,20.8,0.8,39.5,15.0,1017.1,42.0
2020-05-11,STN_SOUTH,34.0,-118.2,26.1,0,77.0,8.6,1003.0,21.0
2020-05-11,STN_INLAND,36.7,-119.8,21.2,2.6,64.8,0,1009.3,62.0
2020-05-11,STN_COASTAL,32.7,-117.2,23.3,2.8,68.3,13.2,1021.4,50.0
2020-05-12,STN_NORTH,48.0,-122.3,14.2,0,59.5,10.2,1016.1,17.0
2020-05-12,STN_CENTRAL,37.8,-122.4,20.0,0.0,51.7,12.1,1019.9,42.0
2020-05-12,STN_SOUTH,34.0,-118.2,23.3,1.2,64.7,15.5,1009.3,65.0
2020-05-12,STN_INLAND,36.7,-119.8,32.0,0.7,73.2,12.0,1008.3,47.0
2020-05-12,STN_COASTAL,32.7,-117.2,26.0,0.9,76.3,3.4,1012.3,
2020-05-13,STN_NORTH,48.0,-122.3,12.7,2.1,65.6,14.1,1009.1,63.0
2020-05-13,STN_CENTRAL,37.8,-122.4,22.3,3.0,67.3,12.3,1003.4,51.0
2020-05-13,STN_SOUTH,34.0,-118.2,29.0,0,50.6,0,1013.2,26.0
2020-05-13,STN_INLAND,36.7,-119.8,23.8,0.4,58.2,21.1,1017.0,69.0
2020-05-13,STN_COASTAL,32.7,-117.2,24.3,0,60.1,3.2,1020.4,21.0
2020-05-14,STN_NORTH,48.0,-122.3,19.1,2.4,72.9,9.4,1008.9,94.0
2020-05-14,STN_CENTRAL,37.8,-122.4,26.4,4.0,65.0,3.1,1009.9,90.0
2020-05-14,STN_SOUTH,34.0,-118.2,30.7,0.6,64.4,1.2,1019.8,68.0
2020-05-14,STN_INLAND,36.7,-119.8,31.1,0.9,65.6,12.6,1015.5,54.0
2020-05-14,STN_COASTAL,32.7,-117.2,21.5,0,36.2,3.8,1010.8,0
2020-05-15,STN_NORTH,48.0,-122.3,13.9,0,40.7,11.9,1017.7,56.0
2020-05-15,STN_CENTRAL,37.8,-122.4,25.7,0,72.0,22.6,1018.2,9.0
2020-05-15,STN_SOUTH,34.0,-118.2,29.4,0,62.1,4.5,1017.3,81.0
2020-05-15,STN_INLAND,36.7,-119.8,28.0,0,74.6,12.2,1018.3,38.0
2020-05-15,STN_COASTAL,32.7,-117.2,23.3,0,50.1,16.5,1004.6,62.0
2020-05-16,STN_NORTH,48.0,-122.3,15.3,1.1,59.8,9.3,1012.5,46.0
2020-05-16,STN_CENTRAL,37.8,-122.4,25.7,0,66.6,9.0,1003.9,48.0
2020-05-16,STN_SOUTH,34.0,-118.2,24.6,0,45.1,4.2,1010.8,48.0
2020-05-16,STN_INLAND,36.7,-119.8,17.4,4.1,82.0,14.5,1004.5,66.0
2020-05-16,STN_COASTAL,32.7,-117.2,23.6,0,47.6,22.6,1005.8,43.0
2020-05-17,STN_NORTH,48.0,-122.3,18.6,0,40.6,11.0,1015.4,65.0
2020-05-17,STN_CENTRAL,37.8,-122.4,17.9,0.1,79.8,8.1,1014.4,68.0
2020-05-17,STN_SOUTH,34.0,-118.2,31.3,0,51.3,0.9,1010.4,43.0
2020-05-17,STN_INLAND,36.7,-119.8,27.9,3.2,42.0,0,1007.0,35.0
2020-05-17,STN_COASTAL,32.7,-117.2,25.9,0,48.6,24.9,1018.3,79.0
2020-05-18,STN_NORTH,48.0,-122.3,15.1,3.0,53.9,13.1,1013.4,59.0
2020-05-18,STN_CENTRAL,37.8,-122.4,22.6,1.0,66.1,2.0,1022.3,64.0
2020-05-18,STN_SOUTH,34.0,-118.2,25.5,0,42.5,11.7,1011.3,26.0
2020-05-18,STN_INLAND,36.7,-119.8,24.5,0,66.9,3.3,1009.5,55.0
2020-05-18,STN_COASTAL,32.7,-117.2,24.6,0.9,74.7,20.6,1023.5,65.0
2020-05-19,STN_NORTH,48.0,-122.3,9.1,1.2,76.7,13.2,1002.6,68.0
2020-05-19,STN_CENTRAL,37.8,-122.4,21.8,0,51.7,15.4,1001.5,27.0
2020-05-19,STN_SOUTH,34.0,-118.2,28.2,0,51.0,11.3,1011.7,28.0
2020-05-19,STN_INLAND,36.7,-119.8,28.3,0,71.5,14.1,1009.7,33.0
2020-05-19,STN_COASTAL,32.7,-117.2,23.3,0,32.7,0.3,1015.4,34.0
2020-05-20,STN_NORTH,48.0,-122.3,19.4,0,57.3,0,1017.3,66.0
2020-05-20,STN_CENTRAL,37.8,-122.4,23.5,0,54.3,20.6,1013.0,74.0
2020-05-20,STN_SOUTH,34.0,-118.2,32.9,1.6,62.2,10.2,1010.6,68.0
2020-05-20,STN_INLAND,36.7,-119.8,29.2,0.6,74.3,5.2,1014.1,50.0
2020-05-20,STN_COASTAL,32.7,-117.2,27.4,0.2,49.3,24.0,1002.1,60.0
2020-05-21,STN_NORTH,48.0,-122.3,17.9,0.5,63.1,18.7,1016.2,89.0
2020-05-21,STN_CENTRAL,37.8,-122.4,21.4,0,73.4,13.2,1003.9,36.0
2020-05-21,STN_SOUTH,34.0,-118.2,28.7,1.0,65.8,12.2,1010.4,55.0
2020-05-21,STN_INLAND,36.7,-119.8,30.8,0,63.7,14.4,1009.7,43.0
2020-05-21,STN_COASTAL,32.7,-117.2,29.0,1.0,52.4,6.5,1006.5,100
2020-05-22,STN_NORTH,48.0,-122.3,19.0,0.6,76.5,10.6,1008.7,32.0
2020-05-22,STN_CENTRAL,37.8,-122.4,23.0,0.7,56.0,18.7,1013.6,43.0
2020-05-22,STN_SOUTH,34.0,-118.2,22.7,0,51.6,21.4,1013.9,67.0
2020-05-22,STN_INLAND,36.7,-119.8,26.7,0,60.0,2.8,1007.6,41.0
2020-05-22,STN_COASTAL,32.7,-117.2,30.8,1.9,53.6,14.2,1012.3,74.0
2020-05-23,STN_NORTH,48.0,-122.3,24.1,2.2,59.3,11.1,1007.9,44.0
2020-05-23,STN_CENTRAL,37.8,-122.4,26.2,0,42.4,14.7,1018.1,27.0
2020-05-23,STN_SOUTH,34.0,-118.2,21.5,,67.2,7.7,1009.3,19.0
2020-05-23,STN_INLAND,36.7,-119.8,19.9,0,46.1,8.4,1012.8,58.0
2020-05-23,STN_COASTAL,32.7,-117.2,28.2,0,56.8,7.2,1012.5,23.0
2020-05-24,STN_NORTH,48.0,-122.3,13.6,0,44.6,5.4,1011.6,18.0
2020-05-24,STN_CENTRAL,37.8,-122.4,24.4,0.6,50.2,14.1,1007.1,70.0
2020-05-24,STN_SOUTH,34.0,-118.2,24.1,0,45.6,16.2,1013.2,46.0
2020-05-24,STN_INLAND,36.7,-119.8,21.3,0.2,70.9,12.1,1024.9,20.0
2020-05-24,STN_COASTAL,32.7,-117.2,25.8,1.0,69.2,3.5,1015.4,46.0
2020-05-25,STN_NORTH,48.0,-122.3,18.7,6.0,53.4,17.4,1011.0,41.0
2020-05-25,STN_CENTRAL,37.8,-122.4,25.2,0.0,69.5,14.0,1007.8,79.0
2020-05-25,STN_SOUTH,34.0,-118.2,27.3,0.8,47.3,4.2,1020.8,51.0
2020-05-25,STN_INLAND,36.7,-119.8,18.4,0,55.7,21.1,1015.6,47.0
2020-05-25,STN_COASTAL,32.7,-117.2,21.3,0,64.7,10.8,1011.2,31.0
2020-05-26,STN_NORTH,48.0,-122.3,15.9,0,70.0,16.6,1012.2,57.0
2020-05-26,STN_CENTRAL,37.8,-122.4,17.1,0,32.2,11.8,1006.4,47.0
2020-05-26,STN_SOUTH,34.0,-118.2,26.9,0,60.9,17.5,1008.8,34.0
2020-05-26,STN_INLAND,36.7,-119.8,25.6,0,79.4,7.8,1024.3,61.0
2020-05-26,STN_COASTAL,32.7,-117.2,28.6,0,71.3,29.8,1004.0,45.0
2020-05-27,STN_NORTH,48.0,-122.3,19.1,1.0,63.4,16.5,1004.2,58.0
2020-05-27,STN_CENTRAL,37.8,-122.4,19.9,0,47.7,25.3,1008.2,21.0
2020-05-27,STN_SOUTH,34.0,-118.2,26.9,0,76.6,15.6,1002.3,40.0
2020-05-27,STN_INLAND,36.7,-119.8,24.7,0,50.1,10.7,1020.9,42.0
2020-05-27,STN_COASTAL,32.7,-117.2,29.1,0,62.0,15.8,1017.9,21.0
2020-05-28,STN_NORTH,48.0,-122.3,18.8,0,58.1,11.1,1018.9,3.0
2020-05-28,STN_CENTRAL,37.8,-122.4,20.5,0,44.6,8.2,1020.5,56.0
2020-05-28,STN_SOUTH,34.0,-118.2,25.1,1.1,54.9,7.8,1006.9,25.0
2020-05-28,STN_INLAND,36.7,-119.8,28.6,0,80.2,17.6,1013.1,65.0
2020-05-28,STN_COASTAL,32.7,-117.2,20.5,0,56.4,19.7,1009.5,40.0
2020-05-29,STN_NORTH,48.0,-122.3,16.4,0.1,60.6,9.4,1023.6,86.0
2020-05-29,STN_CENTRAL,37.8,-122.4,19.3,0,42.6,11.0,1009.9,31.0
2020-05-29,STN_SOUTH,34.0,-118.2,24.5,0,61.8,10.5,1010.0,9.0
2020-05-29,STN_INLAND,36.7,-119.8,20.0,0,59.2,9.6,1025.3,28.0
2020-05-29,STN_COASTAL,32.7,-117.2,33.2,1.8,59.6,3.7,1009.3,42.0
2020-05-30,STN_NORTH,48.0,-122.3,13.6,0,44.9,6.8,1014.2,30.0
2020-05-30,STN_CENTRAL,37.8,-122.4,27.2,0,62.9,13.0,1018.8,62.0
2020-05-30,STN_SOUTH,34.0,-118.2,30.2,0,43.5,13.6,1009.1,24.0
2020-05-30,STN_INLAND,36.7,-119.8,28.0,0,20.2,12.7,1007.3,58.0
2020-05-30,STN_COASTAL,32.7,-117.2,26.0,0,43.4,6.8,1013.9,40.0
2020-05-31,STN_NORTH,48.0,-122.3,22.8,2.1,82.7,20.4,1014.7,56.0
2020-05-31,STN_CENTRAL,37.8,-122.4,24.4,2.4,76.3,2.5,1019.2,50.0
2020-05-31,STN_SOUTH,34.0,-118.2,30.7,0,31.5,10.2,1014.5,69.0
2020-05-31,STN_INLAND,36.7,-119.8,26.0,0,68.6,21.5,1003.9,11.0
2020-05-31,STN_COASTAL,32.7,-117.2,20.7,4.4,58.2,0,1010.8,36.0
2020-06-01,STN_NORTH,48.0,-122.3,19.7,0,68.7,19.1,1015.5,18.0
2020-06-01,STN_CENTRAL,37.8,-122.4,23.5,0,60.4,13.3,1013.8,21.0
2020-06-01,STN_SOUTH,34.0,-118.2,30.9,0,57.4,14.1,1011.4,24.0
2020-06-01,STN_INLAND,36.7,-119.8,26.9,0,65.7,19.0,1010.2,5.0
2020-06-01,STN_COASTAL,32.7,-117.2,28.5,0.2,78.1,5.0,1019.5,75.0
2020-06-02,STN_NORTH,48.0,-122.3,19.7,0,53.6,15.5,1014.2,41.0
2020-06-02,STN_CENTRAL,37.8,-122.4,23.5,1.0,50.1,9.4,1015.4,40.0
2020-06-02,STN_SOUTH,34.0,-118.2,25.9,3.2,98.4,21.6,1009.4,36.0
2020-06-02,STN_INLAND,36.7,-119.8,30.2,0,54.3,13.1,1012.6,35.0
2020-06-02,STN_COASTAL,32.7,-117.2,26.5,1.8,76.4,1.9,1013.9,
2020-06-03,STN_NORTH,48.0,-122.3,15.4,2.6,60.8,13.4,1015.1,96.0
2020-06-03,STN_CENTRAL,37.8,-122.4,16.8,2.3,70.3,6.8,1010.3,22.0
2020-06-03,STN_SOUTH,34.0,-118.2,29.6,0,49.8,5.9,1017.6,54.0
2020-06-03,STN_INLAND,36.7,-119.8,27.3,0,37.3,12.9,1008.6,71.0
2020-06-03,STN_COASTAL,32.7,-117.2,26.5,0.1,59.1,14.0,1013.2,99.0
2020-06-04,STN_NORTH,48.0,-122.3,15.9,4.2,53.3,3.0,1006.7,37.0
2020-06-04,STN_CENTRAL,37.8,-122.4,23.8,3.4,80.2,19.3,996.5,76.0
2020-06-04,STN_SOUTH,34.0,-118.2,30.6,0,44.8,15.9,1002.0,50.0
2020-06-04,STN_INLAND,36.7,-119.8,31.6,0,44.6,10.7,1011.7,64.0
2020-06-04,STN_COASTAL,32.7,-117.2,25.7,2.7,74.7,21.1,1007.6,49.0
2020-06-05,STN_NORTH,48.0,-122.3,25.8,0,68.0,5.9,1018.7,34.0
2020-06-05,STN_CENTRAL,37.8,-122.4,24.1,0,56.6,10.6,1018.8,52.0
2020-06-05,STN_SOUTH,34.0,-118.2,26.8,0,57.9,2.6,1021.0,70.0
2020-06-05,STN_INLAND,36.7,-119.8,24.6,0,68.8,11.9,1003.3,43.0
2020-06-05,STN_COASTAL,32.7,-117.2,27.0,0,45.4,7.8,1011.2,70.0
2020-06-06,STN_NORTH,48.0,-122.3,16.3,0,63.5,18.0,1014.8,13.0
2020-06-06,STN_CENTRAL,37.8,-122.4,24.3,0,45.9,10.1,1013.1,23.0
2020-06-06,STN_SOUTH,34.0,-118.2,31.5,3.0,82.9,4.6,1005.2,35.0
2020-06-06,STN_INLAND,36.7,-119.8,29.4,1.2,66.3,13.0,1012.8,70.0
2020-06-06,STN_COASTAL,32.7,-117.2,20.2,0.3,67.4,14.4,1015.4,66.0
2020-06-07,STN_NORTH,48.0,-122.3,21.4,2.3,72.8,23.1,1019.0,100
2020-06-07,STN_CENTRAL,37.8,-122.4,20.9,0,61.2,4.4,1010.0,5.0
2020-06-07,STN_SOUTH,34.0,-118.2,25.9,0.8,70.4,10.6,1016.7,79.0
2020-06-07,STN_INLAND,36.7,-119.8,22.8,0,53.6,16.8,1009.0,32.0
2020-06-07,STN_COASTAL,32.7,-117.2,27.3,1.9,68.7,10.6,1011.1,73.0
2020-06-08,STN_NORTH,48.0,-122.3,21.2,3.6,64.8,18.4,1006.3,71.0
2020-06-08,STN_CENTRAL,37.8,-122.4,22.4,0,46.0,12.1,1017.4,50.0
2020-06-08,STN_SOUTH,34.0,-118.2,27.4,0,70.3,11.2,1013.9,57.0
2020-06-08,STN_INLAND,36.7,-119.8,26.8,5.5,53.5,2.9,1012.5,30.0
2020-06-08,STN_COASTAL,32.7,-117.2,25.6,5.0,75.8,11.2,1015.8,77.0
2020-06-09,STN_NORTH,48.0,-122.3,14.2,0,50.3,3.1,1018.5,39.0
2020-06-09,STN_CENTRAL,37.8,-122.4,28.0,0,60.4,10.8,1009.0,12.0
2020-06-09,STN_SOUTH,34.0,-118.2,26.5,0,59.3,7.8,1012.5,41.0
2020-06-09,STN_INLAND,36.7,-119.8,30.0,0,69.8,0.3,1020.0,48.0
2020-06-09,STN_COASTAL,32.7,-117.2,29.6,0,66.8,10.9,999.4,36.0
2020-06-10,STN_NORTH,48.0,-122.3,18.4,3.2,62.9,11.3,1008.6,70.0
2020-06-10,STN_CENTRAL,37.8,-122.4,19.3,0.5,83.9,11.8,1017.0,49.0
2020-06-10,STN_SOUTH,34.0,-118.2,29.9,0,53.9,12.7,1006.2,51.0
2020-06-10,STN_INLAND,36.7,-119.8,23.3,0,78.2,4.8,1005.2,31.0
2020-06-10,STN_COASTAL,32.7,-117.2,29.0,3.2,60.8,8.5,1015.0,85.0
2020-06-11,STN_NORTH,48.0,-122.3,17.8,5.0,61.7,18.4,1010.3,82.0
2020-06-11,STN_CENTRAL,37.8,-122.4,24.5,0,63.2,14.9,1011.5,3.0
2020-06-11,STN_SOUTH,34.0,-118.2,26.4,0,48.4,9.8,1012.1,31.0
2020-06-11,STN_INLAND,36.7,-119.8,27.8,0,42.4,24.5,1014.9,57.0
2020-06-11,STN_COASTAL,32.7,-117.2,24.0,0,38.1,19.4,1012.6,34.0
2020-06-12,STN_NORTH,48.0,-122.3,17.0,2.3,71.4,8.7,1010.6,100
2020-06-12,STN_CENTRAL,37.8,-122.4,27.9,4.3,74.2,16.4,1017.8,42.0
2020-06-12,STN_SOUTH,34.0,-118.2,30.3,2.0,65.4,9.1,1012.5,43.0
2020-06-12,STN_INLAND,36.7,-119.8,26.4,0,46.2,24.9,1001.8,34.0
2020-06-12,STN_COASTAL,32.7,-117.2,25.1,0,62.3,13.9,1011.7,58.0
2020-06-13,STN_NORTH,48.0,-122.3,15.7,0,59.3,9.5,1004.3,27.0
2020-06-13,STN_CENTRAL,37.8,-122.4,20.0,0,67.0,14.8,1013.9,38.0
2020-06-13,STN_SOUTH,34.0,-118.2,24.7,0,41.4,9.3,1014.4,39.0
2020-06-13,STN_INLAND,36.7,-119.8,23.5,1.2,50.3,15.5,1008.1,51.0
2020-06-13,STN_COASTAL,32.7,-117.2,28.4,0,55.2,14.8,1003.3,30.0
2020-06-14,STN_NORTH,48.0,-122.3,11.8,0,60.1,10.3,1009.7,58.0
2020-06-14,STN_CENTRAL,37.8,-122.4,21.7,0.6,44.5,14.6,1010.3,83.0
2020-06-14,STN_SOUTH,34.0,-118.2,31.6,0,67.7,15.0,1009.6,72.0
2020-06-14,STN_INLAND,36.7,-119.8,26.4,0,56.1,10.5,1003.7,2.0
2020-06-14,STN_COASTAL,32.7,-117.2,26.5,0,56.8,13.5,1015.3,93.0
2020-06-15,STN_NORTH,48.0,-122.3,12.9,1.4,58.7,13.3,1012.8,29.0
2020-06-15,STN_CENTRAL,37.8,-122.4,23.8,0.6,38.8,16.9,1019.4,42.0
2020-06-15,STN_SOUTH,34.0,-118.2,20.2,0.3,55.5,20.2,1011.3,47.0
2020-06-15,STN_INLAND,36.7,-119.8,27.8,0,59.3,6.0,1011.2,34.0
2020-06-15,STN_COASTAL,32.7,-117.2,24.3,0,59.0,15.5,1011.6,34.0
2020-06-16,STN_NORTH,48.0,-122.3,20.2,0,68.4,,1016.4,44.0
2020-06-16,STN_CENTRAL,37.8,-122.4,22.9,0,59.5,9.2,1017.2,54.0
2020-06-16,STN_SOUTH,34.0,-118.2,27.4,0,56.0,15.3,1011.5,20.0
2020-06-16,STN_INLAND,36.7,-119.8,26.6,0,43.8,3.2,1014.5,43.0
2020-06-16,STN_COASTAL,32.7,-117.2,25.6,0,76.8,11.4,1014.3,39.0
2020-06-17,STN_NORTH,48.0,-122.3,17.9,2.0,60.0,10.6,1016.0,51.0
2020-06-17,STN_CENTRAL,37.8,-122.4,18.6,0,33.4,2.9,1002.9,40.0
2020-06-17,STN_SOUTH,34.0,-118.2,25.8,1.4,64.4,12.2,1009.3,99.0
2020-06-17,STN_INLAND,36.7,-119.8,31.6,0,46.8,3.3,1005.6,41.0
2020-06-17,STN_COASTAL,32.7,-117.2,28.8,0,64.3,18.0,1009.8,62.0
2020-06-18,STN_NORTH,48.0,-122.3,16.9,0,42.2,14.0,1019.1,40.0
2020-06-18,STN_CENTRAL,37.8,-122.4,19.9,0,50.6,8.5,1016.9,23.0
2020-06-18,STN_SOUTH,34.0,-118.2,24.2,0,44.0,10.7,1013.0,54.0
2020-06-18,STN_INLAND,36.7,-119.8,23.5,1.2,76.7,10.6,1013.8,58.0
2020-06-18,STN_COASTAL,32.7,-117.2,23.9,0,63.7,12.4,1015.9,47.0
2020-06-19,STN_NORTH,48.0,-122.3,21.4,0.5,67.2,19.8,1018.4,33.0
2020-06-19,STN_CENTRAL,37.8,-122.4,23.7,0,65.3,11.0,1015.6,62.0
2020-06-19,STN_SOUTH,34.0,-118.2,26.7,0,58.3,14.7,1007.8,6.0
2020-06-19,STN_INLAND,36.7,-119.8,22.5,0,56.9,16.5,1010.8,18.0
2020-06-19,STN_COASTAL,32.7,-117.2,29.4,0,48.4,4.6,1020.9,12.0
2020-06-20,STN_NORTH,48.0,-122.3,21.6,2.7,67.4,20.2,1009.4,73.0
2020-06-20,STN_CENTRAL,37.8,-122.4,18.3,0,62.3,13.3,1023.2,59.0
2020-06-20,STN_SOUTH,34.0,-118.2,28.9,0,59.4,18.0,1020.6,49.0
2020-06-20,STN_INLAND,36.7,-119.8,25.6,0,47.0,13.2,1018.4,76.0
2020-06-20,STN_COASTAL,32.7,-117.2,21.7,0,59.9,7.2,1010.0,42.0
2020-06-21,STN_NORTH,48.0,-122.3,14.2,3.0,83.8,12.9,1003.1,28.0
2020-06-21,STN_CENTRAL,37.8,-122.4,23.7,0,57.7,8.0,1015.9,
2020-06-21,STN_SOUTH,34.0,-118.2,32.8,3.5,66.2,0,1007.2,44.0
2020-06-21,STN_INLAND,36.7,-119.8,28.1,0,51.4,15.2,1011.5,41.0
2020-06-21,STN_COASTAL,32.7,-117.2,26.1,6.2,62.7,12.4,1011.4,38.0
2020-06-22,STN_NORTH,48.0,-122.3,17.3,0,48.0,5.5,1023.3,33.0
2020-06-22,STN_CENTRAL,37.8,-122.4,29.0,3.0,61.8,15.2,1011.0,40.0
2020-06-22,STN_SOUTH,34.0,-118.2,25.9,0,46.5,10.9,1017.1,90.0
2020-06-22,STN_INLAND,36.7,-119.8,30.5,1.1,63.6,26.3,1007.8,79.0
2020-06-22,STN_COASTAL,32.7,-117.2,27.1,1.3,86.0,11.5,1009.2,76.0
2020-06-23,STN_NORTH,48.0,-122.3,19.1,0,39.0,15.7,1006.3,44.0
2020-06-23,STN_CENTRAL,37.8,-122.4,28.3,0,60.4,4.1,1010.7,27.0
2020-06-23,STN_SOUTH,34.0,-118.2,26.4,0,53.6,12.8,1019.9,25.0
2020-06-23,STN_INLAND,36.7,-119.8,29.6,2.0,77.0,10.1,1013.6,68.0
2020-06-23,STN_COASTAL,32.7,-117.2,19.3,0,47.5,21.3,1008.3,20.0
2020-06-24,STN_NORTH,48.0,-122.3,22.0,0,45.3,9.4,1012.5,43.0
2020-06-24,STN_CENTRAL,37.8,-122.4,24.6,1.6,46.1,9.1,1014.0,74.0
2020-06-24,STN_SOUTH,34.0,-118.2,26.9,0,64.4,14.8,1003.4,72.0
2020-06-24,STN_INLAND,36.7,-119.8,25.7,2.1,68.3,5.4,1005.0,55.0
2020-06-24,STN_COASTAL,32.7,-117.2,24.2,0,50.7,24.5,1004.4,77.0
2020-06-25,STN_NORTH,48.0,-122.3,19.7,0,35.1,9.2,1012.4,53.0
2020-06-25,STN_CENTRAL,37.8,-122.4,21.2,0,58.2,10.9,1013.2,61.0
2020-06-25,STN_SOUTH,34.0,-118.2,28.6,0,68.6,11.0,1004.9,15.0
2020-06-25,STN_INLAND,36.7,-119.8,23.9,0,68.2,7.0,1022.2,33.0
2020-06-25,STN_COASTAL,32.7,-117.2,25.6,0,60.2,14.0,1016.3,34.0
2020-06-26,STN_NORTH,48.0,-122.3,14.6,1.5,56.3,12.5,1018.4,58.0
2020-06-26,STN_CENTRAL,37.8,-122.4,20.3,1.0,72.4,14.6,1017.4,0.0
2020-06-26,STN_SOUTH,34.0,-118.2,33.3,2.2,59.1,12.2,1012.1,27.0
2020-06-26,STN_INLAND,36.7,-119.8,27.2,0,62.8,10.2,1008.6,42.0
2020-06-26,STN_COASTAL,32.7,-117.2,22.1,1.1,44.8,18.1,1006.8,80.0
2020-06-27,STN_NORTH,48.0,-122.3,17.0,0,64.8,9.0,1010.5,25.0
2020-06-27,STN_CENTRAL,37.8,-122.4,21.4,0,54.7,7.4,1013.7,27.0
2020-06-27,STN_SOUTH,34.0,-118.2,28.7,1.5,50.9,6.6,1012.7,52.0
2020-06-27,STN_INLAND,36.7,-119.8,26.3,0,56.5,8.3,1016.3,52.0
2020-06-27,STN_COASTAL,32.7,-117.2,25.9,1.4,81.9,3.5,1007.7,58.0
2020-06-28,STN_NORTH,48.0,-122.3,15.8,0,55.0,7.0,1014.9,52.0
2020-06-28,STN_CENTRAL,37.8,-122.4,26.0,0,60.0,8.6,1008.3,49.0
2020-06-28,STN_SOUTH,34.0,-118.2,34.4,0,53.9,22.5,1010.8,55.0
2020-06-28,STN_INLAND,36.7,-119.8,25.7,1.8,76.2,4.9,1014.4,45.0
2020-06-28,STN_COASTAL,32.7,-117.2,23.3,1.4,74.9,25.7,1014.8,43.0
2020-06-29,STN_NORTH,48.0,-122.3,22.2,0,61.7,9.8,1007.8,69.0
2020-06-29,STN_CENTRAL,37.8,-122.4,24.0,0,76.2,10.2,1012.5,85.0
2020-06-29,STN_SOUTH,34.0,-118.2,30.7,0,70.5,10.1,1014.3,42.0
2020-06-29,STN_INLAND,36.7,-119.8,26.3,0,52.2,4.0,1017.9,26.0
2020-06-29,STN_COASTAL,32.7,-117.2,25.3,0,64.6,10.7,1008.9,0
2020-06-30,STN_NORTH,48.0,-122.3,19.5,2.5,100,11.6,1003.7,86.0
2020-06-30,STN_CENTRAL,37.8,-122.4,21.7,1.5,80.9,14.6,1010.5,69.0
2020-06-30,STN_SOUTH,34.0,-118.2,22.3,1.5,49.0,16.9,1004.9,50.0
2020-06-30,STN_INLAND,36.7,-119.8,24.0,0,50.2,7.8,1015.7,35.0
2020-06-30,STN_COASTAL,32.7,-117.2,27.2,0,56.8,3.3,1022.8,35.0
2020-07-01,STN_NORTH,48.0,-122.3,18.2,0,51.3,10.5,1021.5,57.0
2020-07-01,STN_CENTRAL,37.8,-122.4,25.8,0,59.7,16.3,1019.3,55.0
2020-07-01,STN_SOUTH,34.0,-118.2,29.1,0,44.1,19.4,1020.8,25.0
2020-07-01,STN_INLAND,36.7,-119.8,30.9,0,48.7,7.2,1014.8,65.0
2020-07-01,STN_COASTAL,32.7,-117.2,30.5,4.2,72.7,10.0,1007.1,83.0
2020-07-02,STN_NORTH,48.0,-122.3,17.9,0,60.4,11.4,1008.1,15.0
2020-07-02,STN_CENTRAL,37.8,-122.4,20.6,0,42.9,22.2,1008.2,29.0
2020-07-02,STN_SOUTH,34.0,-118.2,27.1,2.9,50.1,12.9,1020.2,100
2020-07-02,STN_INLAND,36.7,-119.8,28.5,0,68.5,11.7,1012.7,40.0
2020-07-02,STN_COASTAL,32.7,-117.2,28.6,0,35.0,20.2,1005.5,42.0
2020-07-03,STN_NORTH,48.0,-122.3,20.3,2.7,65.0,5.6,1014.5,70.0
2020-07-03,STN_CENTRAL,37.8,-122.4,23.8,0,45.1,13.4,1015.6,40.0
2020-07-03,STN_SOUTH,34.0,-118.2,31.0,0,64.8,11.4,1005.6,55.0
2020-07-03,STN_INLAND,36.7,-119.8,25.1,0,45.9,17.7,1010.7,3.0
2020-07-03,STN_COASTAL,32.7,-117.2,28.2,1.1,64.1,11.1,1012.4,38.0
2020-07-04,STN_NORTH,48.0,-122.3,20.4,0,55.1,18.4,1022.9,35.0
2020-07-04,STN_CENTRAL,37.8,-122.4,21.8,1.3,63.8,9.5,1017.1,57.0
2020-07-04,STN_SOUTH,34.0,-118.2,34.3,0,63.3,9.5,1008.6,42.0
2020-07-04,STN_INLAND,36.7,-119.8,27.2,0,53.0,13.5,1007.2,49.0
2020-07-04,STN_COASTAL,32.7,-117.2,27.5,0,55.9,20.2,1015.8,14.0
2020-07-05,STN_NORTH,48.0,-122.3,20.6,1.1,50.3,11.7,1013.8,50.0
2020-07-05,STN_CENTRAL,37.8,-122.4,28.0,0,43.9,24.9,1014.9,68.0
2020-07-05,STN_SOUTH,34.0,-118.2,31.1,0,42.8,20.7,1014.8,31.0
2020-07-05,STN_INLAND,36.7,-119.8,28.5,0.0,68.0,16.2,1021.8,80.0
2020-07-05,STN_COASTAL,32.7,-117.2,21.3,0,66.8,19.0,1005.4,
2020-07-06,STN_NORTH,48.0,-122.3,15.7,2.7,73.1,8.3,1008.9,76.0
2020-07-06,STN_CENTRAL,37.8,-122.4,19.3,0,61.4,29.4,1020.5,48.0
2020-07-06,STN_SOUTH,34.0,-118.2,26.2,0,50.3,19.0,1009.7,45.0
2020-07-06,STN_INLAND,36.7,-119.8,25.5,0.2,49.3,0,1017.4,26.0
2020-07-06,STN_COASTAL,32.7,-117.2,28.1,1.7,66.7,8.0,1017.2,32.0
2020-07-07,STN_NORTH,48.0,-122.3,20.3,0,61.3,22.8,1016.3,59.0
2020-07-07,STN_CENTRAL,37.8,-122.4,23.2,0,57.4,15.9,1021.7,60.0
2020-07-07,STN_SOUTH,34.0,-118.2,32.1,0,73.8,8.2,1014.1,49.0
2020-07-07,STN_INLAND,36.7,-119.8,26.0,3.3,61.0,13.8,1007.7,91.0
2020-07-07,STN_COASTAL,32.7,-117.2,23.3,0,53.1,22.4,1011.5,40.0
2020-07-08,STN_NORTH,48.0,-122.3,17.6,0,61.5,13.0,1010.7,19.0
2020-07-08,STN_CENTRAL,37.8,-122.4,25.9,0,85.5,13.3,1002.2,15.0
2020-07-08,STN_SOUTH,34.0,-118.2,32.1,0,46.1,2.7,1014.2,18.0
2020-07-08,STN_INLAND,36.7,-119.8,22.8,0,39.1,6.0,1009.3,44.0
2020-07-08,STN_COASTAL,32.7,-117.2,24.6,0,58.4,15.0,1012.8,56.0
2020-07-09,STN_NORTH,48.0,-122.3,13.3,3.5,50.7,13.1,1010.0,88.0
2020-07-09,STN_CENTRAL,37.8,-122.4,19.5,0,36.8,16.6,1021.0,65.0
2020-07-09,STN_SOUTH,34.0,-118.2,28.4,2.6,79.8,12.4,1008.7,45.0
2020-07-09,STN_INLAND,36.7,-119.8,21.5,0,70.0,12.8,1010.9,37.0
2020-07-09,STN_COASTAL,32.7,-117.2,25.5,0,58.8,11.9,1021.4,67.0
2020-07-10,STN_NORTH,48.0,-122.3,17.9,2.9,89.5,7.7,1005.5,62.0
2020-07-10,STN_CENTRAL,37.8,-122.4,26.8,3.5,81.5,5.0,1011.1,79.0
2020-07-10,STN_SOUTH,34.0,-118.2,24.4,0,55.7,6.9,1018.5,81.0
2020-07-10,STN_INLAND,36.7,-119.8,29.7,0,48.8,13.9,1011.7,38.0
2020-07-10,STN_COASTAL,32.7,-117.2,28.1,0,53.1,,1016.1,7.0
2020-07-11,STN_NORTH,48.0,-122.3,17.7,4.4,73.0,3.9,1017.0,47.0
2020-07-11,STN_CENTRAL,37.8,-122.4,21.4,0,46.3,17.7,1015.1,51.0
2020-07-11,STN_SOUTH,34.0,-118.2,22.4,1.8,53.8,23.5,1014.3,58.0
2020-07-11,STN_INLAND,36.7,-119.8,26.1,0,48.4,17.0,1013.1,20.0
2020-07-11,STN_COASTAL,32.7,-117.2,23.8,1.5,72.5,8.2,1008.0,20.0
2020-07-12,STN_NORTH,48.0,-122.3,16.1,0,63.3,19.3,1012.0,5.0
2020-07-12,STN_CENTRAL,37.8,-122.4,24.0,0,43.2,9.2,1005.3,61.0
2020-07-12,STN_SOUTH,34.0,-118.2,25.8,0.8,62.6,11.5,1012.9,63.0
2020-07-12,STN_INLAND,36.7,-119.8,21.5,0,62.0,0.6,1014.6,58.0
2020-07-12,STN_COASTAL,32.7,-117.2,28.5,0,59.7,11.8,1018.5,54.0
2020-07-13,STN_NORTH,48.0,-122.3,19.1,3.5,71.3,12.1,1020.9,89.0
2020-07-13,STN_CENTRAL,37.8,-122.4,20.5,0,44.1,17.1,1015.8,55.0
2020-07-13,STN_SOUTH,34.0,-118.2,23.8,2.1,62.9,8.8,1008.2,47.0
2020-07-13,STN_INLAND,36.7,-119.8,29.5,2.2,58.4,9.0,1014.7,35.0
2020-07-13,STN_COASTAL,32.7,-117.2,26.8,0,57.5,19.0,1018.9,25.0
2020-07-14,STN_NORTH,48.0,-122.3,18.0,0.6,63.4,8.6,1006.0,47.0
2020-07-14,STN_CENTRAL,37.8,-122.4,22.6,4.1,74.5,19.5,1001.3,34.0
2020-07-14,STN_SOUTH,34.0,-118.2,27.5,0,36.9,14.3,1016.4,31.0
2020-07-14,STN_INLAND,36.7,-119.8,30.5,0,62.8,17.2,999.8,29.0
2020-07-14,STN_COASTAL,32.7,-117.2,25.1,0,42.7,10.1,1017.7,36.0
2020-07-15,STN_NORTH,48.0,-122.3,21.0,0,43.1,8.8,1015.8,10.0
2020-07-15,STN_CENTRAL,37.8,-122.4,28.0,0,51.4,18.9,1013.1,59.0
2020-07-15,STN_SOUTH,34.0,-118.2,27.8,0,63.6,8.2,1017.9,53.0
2020-07-15,STN_INLAND,36.7,-119.8,27.6,0,55.6,18.0,1014.0,65.0
2020-07-15,STN_COASTAL,32.7,-117.2,24.5,0,66.7,19.7,1011.7,38.0
2020-07-16,STN_NORTH,48.0,-122.3,21.1,0,52.3,19.7,1010.7,14.0
2020-07-16,STN_CENTRAL,37.8,-122.4,16.2,0,42.5,19.4,1006.7,24.0
2020-07-16,STN_SOUTH,34.0,-118.2,22.3,4.4,68.7,12.3,1010.4,61.0
2020-07-16,STN_INLAND,36.7,-119.8,24.4,0,44.3,9.7,1012.4,22.0
2020-07-16,STN_COASTAL,32.7,-117.2,25.6,3.2,64.0,5.5,1008.8,48.0
2020-07-17,STN_NORTH,48.0,-122.3,17.3,0,52.1,13.0,1025.7,35.0
2020-07-17,STN_CENTRAL,37.8,-122.4,25.6,2.8,56.1,19.1,1005.7,35.0
2020-07-17,STN_SOUTH,34.0,-118.2,28.6,0.2,59.1,14.1,1013.6,86.0
2020-07-17,STN_INLAND,36.7,-119.8,22.4,2.3,59.0,22.4,1015.0,38.0
2020-07-17,STN_COASTAL,32.7,-117.2,22.8,1.1,44.9,10.4,1010.6,48.0
2020-07-18,STN_NORTH,48.0,-122.3,16.8,0,53.4,15.5,1009.4,51.0
2020-07-18,STN_CENTRAL,37.8,-122.4,21.0,0,61.9,24.9,1018.0,40.0
2020-07-18,STN_SOUTH,34.0,-118.2,26.2,1.9,63.3,19.3,1004.8,59.0
2020-07-18,STN_INLAND,36.7,-119.8,18.8,2.9,52.0,10.7,1008.0,89.0
2020-07-18,STN_COASTAL,32.7,-117.2,24.9,0,60.8,11.9,1012.2,30.0
2020-07-19,STN_NORTH,48.0,-122.3,15.2,3.7,67.1,24.3,1019.8,64.0
2020-07-19,STN_CENTRAL,37.8,-122.4,26.0,0,52.1,7.1,1003.8,63.0
2020-07-19,STN_SOUTH,34.0,-118.2,28.3,0,74.8,20.7,1010.7,56.0
2020-07-19,STN_INLAND,36.7,-119.8,27.7,0,48.9,12.8,1012.5,70.0
2020-07-19,STN_COASTAL,32.7,-117.2,26.7,0,45.7,19.0,1012.5,57.0
2020-07-20,STN_NORTH,48.0,-122.3,17.5,3.1,73.6,12.3,1012.7,62.0
2020-07-20,STN_CENTRAL,37.8,-122.4,24.2,2.1,81.1,15.1,1008.9,47.0
2020-07-20,STN_SOUTH,34.0,-118.2,25.6,1.7,70.2,22.4,1010.0,83.0
2020-07-20,STN_INLAND,36.7,-119.8,27.5,0,68.6,18.9,1019.6,18.0
2020-07-20,STN_COASTAL,32.7,-117.2,24.4,0,58.8,7.9,1010.5,24.0
2020-07-21,STN_NORTH,48.0,-122.3,11.2,0,55.6,7.1,1017.8,20.0
2020-07-21,STN_CENTRAL,37.8,-122.4,19.6,0.9,71.3,13.0,1015.9,66.0
2020-07-21,STN_SOUTH,34.0,-118.2,26.8,0.9,83.6,17.6,1011.9,45.0
2020-07-21,STN_INLAND,36.7,-119.8,22.4,0,51.2,2.9,1016.6,62.0
2020-07-21,STN_COASTAL,32.7,-117.2,23.3,0,70.1,19.5,1013.3,19.0
2020-07-22,STN_NORTH,48.0,-122.3,16.3,0.8,69.5,15.9,1010.3,68.0
2020-07-22,STN_CENTRAL,37.8,-122.4,25.6,0.5,82.0,18.4,1013.5,43.0
2020-07-22,STN_SOUTH,34.0,-118.2,26.7,1.0,54.1,21.9,1008.6,46.0
2020-07-22,STN_INLAND,36.7,-119.8,24.2,0,45.7,17.1,1016.3,41.0
2020-07-22,STN_COASTAL,32.7,-117.2,28.8,2.6,54.1,12.4,1015.9,65.0
2020-07-23,STN_NORTH,48.0,-122.3,17.9,3.6,79.0,7.9,1008.0,44.0
2020-07-23,STN_CENTRAL,37.8,-122.4,23.4,2.4,66.5,10.8,1022.7,75.0
2020-07-23,STN_SOUTH,34.0,-118.2,23.8,0,67.8,4.6,1010.9,51.0
2020-07-23,STN_INLAND,36.7,-119.8,24.4,0,70.1,9.6,1008.7,7.0
2020-07-23,STN_COASTAL,32.7,-117.2,26.6,0,52.2,12.0,1020.7,33.0
2020-07-24,STN_NORTH,48.0,-122.3,14.7,0,68.9,13.8,1017.6,55.0
2020-07-24,STN_CENTRAL,37.8,-122.4,22.6,0,64.6,11.7,1011.3,83.0
2020-07-24,STN_SOUTH,34.0,-118.2,23.8,0,54.6,9.0,1006.4,50.0
2020-07-24,STN_INLAND,36.7,-119.8,21.9,0,46.7,10.5,1014.1,33.0
2020-07-24,STN_COASTAL,32.7,-117.2,24.4,0,34.8,16.8,1011.9,39.0
2020-07-25,STN_NORTH,48.0,-122.3,18.1,3.6,54.8,11.0,1017.4,43.0
2020-07-25,STN_CENTRAL,37.8,-122.4,24.2,2.1,59.5,8.0,1015.8,66.0
2020-07-25,STN_SOUTH,34.0,-118.2,22.5,0,59.7,0,1016.2,30.0
2020-07-25,STN_INLAND,36.7,-119.8,20.7,0,43.9,15.2,1007.3,36.0
2020-07-25,STN_COASTAL,32.7,-117.2,29.6,0,35.4,18.4,1014.2,35.0
2020-07-26,STN_NORTH,48.0,-122.3,15.3,3.7,53.6,13.4,1005.5,89.0
2020-07-26,STN_CENTRAL,37.8,-122.4,25.0,0,37.3,8.1,1005.3,29.0
2020-07-26,STN_SOUTH,34.0,-118.2,28.4,0.8,58.7,8.2,1014.7,73.0
2020-07-26,STN_INLAND,36.7,-119.8,21.4,0,69.1,23.6,1010.3,45.0
2020-07-26,STN_COASTAL,32.7,-117.2,20.3,0,57.0,11.5,1014.1,54.0
2020-07-27,STN_NORTH,48.0,-122.3,19.9,0,46.6,15.5,1005.4,21.0
2020-07-27,STN_CENTRAL,37.8,-122.4,26.9,0,63.0,18.3,1022.3,63.0
2020-07-27,STN_SOUTH,34.0,-118.2,26.4,0,57.9,10.6,1022.3,58.0
2020-07-27,STN_INLAND,36.7,-119.8,28.0,0,55.5,25.1,1016.7,62.0
2020-07-27,STN_COASTAL,32.7,-117.2,28.3,0,53.9,19.6,1011.0,49.0
2020-07-28,STN_NORTH,48.0,-122.3,19.4,0,82.0,1.8,1008.8,0
2020-07-28,STN_CENTRAL,37.8,-122.4,19.5,4.9,49.9,12.8,1012.1,83.0
2020-07-28,STN_SOUTH,34.0,-118.2,33.4,0,79.5,12.5,1004.6,40.0
2020-07-28,STN_INLAND,36.7,-119.8,21.2,0,52.8,20.5,1010.5,8.0
2020-07-28,STN_COASTAL,32.7,-117.2,31.9,2.2,65.1,18.9,1005.8,71.0
2020-07-29,STN_NORTH,48.0,-122.3,9.8,0,59.7,16.0,1010.0,44.0
2020-07-29,STN_CENTRAL,37.8,-122.4,22.7,0.4,90.2,16.2,1005.6,64.0
2020-07-29,STN_SOUTH,34.0,-118.2,29.7,0,58.5,4.4,1002.9,78.0
2020-07-29,STN_INLAND,36.7,-119.8,23.4,0,36.5,13.9,1009.9,13.0
2020-07-29,STN_COASTAL,32.7,-117.2,28.5,2.5,69.1,19.0,1015.0,74.0
2020-07-30,STN_NORTH,48.0,-122.3,15.3,5.0,55.5,14.2,1011.9,44.0
2020-07-30,STN_CENTRAL,37.8,-122.4,23.9,0,46.1,6.1,1013.9,57.0
2020-07-30,STN_SOUTH,34.0,-118.2,28.1,0,41.4,6.3,1005.5,63.0
2020-07-30,STN_INLAND,36.7,-119.8,23.5,0,81.2,14.7,1007.7,47.0
2020-07-30,STN_COASTAL,32.7,-117.2,22.4,0,73.0,17.5,1008.6,19.0
2020-07-31,STN_NORTH,48.0,-122.3,16.0,3.1,60.3,11.9,1010.8,58.0
2020-07-31,STN_CENTRAL,37.8,-122.4,21.2,3.3,74.5,18.2,1014.9,63.0
2020-07-31,STN_SOUTH,34.0,-118.2,29.8,0,48.5,12.7,1012.9,11.0
2020-07-31,STN_INLAND,36.7,-119.8,22.2,0,69.1,17.6,1012.2,29.0
2020-07-31,STN_COASTAL,32.7,-117.2,24.5,1.3,74.4,0.3,1014.6,32.0
2020-08-01,STN_NORTH,48.0,-122.3,12.6,1.4,76.5,12.3,1009.2,76.0
2020-08-01,STN_CENTRAL,37.8,-122.4,21.2,2.1,85.6,19.4,1001.8,86.0
2020-08-01,STN_SOUTH,34.0,-118.2,22.7,0,84.5,5.6,1015.8,15.0
2020-08-01,STN_INLAND,36.7,-119.8,27.9,0.4,84.8,13.8,1018.1,55.0
2020-08-01,STN_COASTAL,32.7,-117.2,20.4,3.3,67.8,16.4,1002.9,45.0
2020-08-02,STN_NORTH,48.0,-122.3,10.9,1.1,77.0,8.9,1011.8,73.0
2020-08-02,STN_CENTRAL,37.8,-122.4,22.7,0,40.9,11.0,1015.2,35.0
2020-08-02,STN_SOUTH,34.0,-118.2,23.8,0,46.9,15.4,1014.0,62.0
2020-08-02,STN_INLAND,36.7,-119.8,20.2,2.3,50.9,9.8,1011.2,92.0
2020-08-02,STN_COASTAL,32.7,-117.2,24.2,4.1,61.9,9.0,1010.7,76.0
2020-08-03,STN_NORTH,48.0,-122.3,18.4,3.4,69.8,14.3,1017.2,47.0
2020-08-03,STN_CENTRAL,37.8,-122.4,18.4,0.3,70.8,5.8,1014.8,67.0
2020-08-03,STN_SOUTH,34.0,-118.2,24.7,0,60.8,9.4,1012.5,27.0
2020-08-03,STN_INLAND,36.7,-119.8,22.9,4.2,68.6,7.2,1004.9,77.0
2020-08-03,STN_COASTAL,32.7,-117.2,20.8,1.3,63.5,21.3,1012.6,50.0
2020-08-04,STN_NORTH,48.0,-122.3,17.1,4.0,83.2,2.7,1010.8,43.0
2020-08-04,STN_CENTRAL,37.8,-122.4,29.7,3.4,65.0,16.8,1006.8,73.0
2020-08-04,STN_SOUTH,34.0,-118.2,23.6,0,48.0,16.7,1017.4,38.0
2020-08-04,STN_INLAND,36.7,-119.8,19.7,1.0,48.9,5.5,1021.6,18.0
2020-08-04,STN_COASTAL,32.7,-117.2,27.1,0,36.3,7.7,1006.5,39.0
2020-08-05,STN_NORTH,48.0,-122.3,14.8,0,42.9,9.1,1013.8,39.0
2020-08-05,STN_CENTRAL,37.8,-122.4,19.8,0,36.6,26.8,1019.6,48.0
2020-08-05,STN_SOUTH,34.0,-118.2,28.6,0,66.9,15.0,1006.7,13.0
2020-08-05,STN_INLAND,36.7,-119.8,26.0,0,57.8,,1014.0,46.0
2020-08-05,STN_COASTAL,32.7,-117.2,24.4,0,34.5,9.4,1011.1,62.0
2020-08-06,STN_NORTH,48.0,-122.3,11.0,0,38.3,2.9,1017.5,40.0
2020-08-06,STN_CENTRAL,37.8,-122.4,19.6,0.1,81.6,9.9,1015.8,43.0
2020-08-06,STN_SOUTH,34.0,-118.2,31.3,5.0,83.7,13.7,1006.2,52.0
2020-08-06,STN_INLAND,36.7,-119.8,23.5,0,63.1,17.4,1016.9,57.0
2020-08-06,STN_COASTAL,32.7,-117.2,16.9,0,62.6,0.5,1019.3,65.0
2020-08-07,STN_NORTH,48.0,-122.3,10.4,3.6,77.6,17.6,1012.5,73.0
2020-08-07,STN_CENTRAL,37.8,-122.4,20.8,0,47.2,19.9,1003.2,31.0
2020-08-07,STN_SOUTH,34.0,-118.2,20.3,1.8,82.0,14.1,1007.0,78.0
2020-08-07,STN_INLAND,36.7,-119.8,25.4,0,88.6,18.2,1001.6,37.0
2020-08-07,STN_COASTAL,32.7,-117.2,19.7,,46.6,15.7,1007.3,51.0
2020-08-08,STN_NORTH,48.0,-122.3,14.6,1.5,75.6,12.8,1017.7,34.0
2020-08-08,STN_CENTRAL,37.8,-122.4,13.1,0,79.8,19.4,1017.4,48.0
2020-08-08,STN_SOUTH,34.0,-118.2,26.8,0,76.0,8.2,1011.1,25.0
2020-08-08,STN_INLAND,36.7,-119.8,22.1,0,71.3,7.6,1008.2,28.0
2020-08-08,STN_COASTAL,32.7,-117.2,20.4,0,56.8,17.2,1000.2,89.0
2020-08-09,STN_NORTH,48.0,-122.3,11.9,0,48.6,21.2,1015.0,59.0
2020-08-09,STN_CENTRAL,37.8,-122.4,17.2,0,58.9,11.1,1012.9,58.0
2020-08-09,STN_SOUTH,34.0,-118.2,16.5,0.3,47.7,14.7,1010.8,37.0
2020-08-09,STN_INLAND,36.7,-119.8,17.0,0,54.4,4.3,1011.7,63.0
2020-08-09,STN_COASTAL,32.7,-117.2,25.4,1.5,57.4,19.2,1009.9,71.0
2020-08-10,STN_NORTH,48.0,-122.3,13.3,1.5,63.4,2.9,1009.9,
2020-08-10,STN_CENTRAL,37.8,-122.4,28.2,0,65.5,9.9,1014.0,61.0
2020-08-10,STN_SOUTH,34.0,-118.2,22.1,0,66.6,9.1,1005.9,61.0
2020-08-10,STN_INLAND,36.7,-119.8,20.5,1.2,75.5,6.0,1007.4,51.0
2020-08-10,STN_COASTAL,32.7,-117.2,20.1,0,32.7,12.9,1011.4,52.0
2020-08-11,STN_NORTH,48.0,-122.3,10.5,0,40.3,0.3,1009.0,38.0
2020-08-11,STN_CENTRAL,37.8,-122.4,23.4,0,42.6,10.1,1016.3,27.0
2020-08-11,STN_SOUTH,34.0,-118.2,26.7,0,38.6,15.1,1009.3,48.0
2020-08-11,STN_INLAND,36.7,-119.8,25.2,0,55.6,13.6,1017.0,3.0
2020-08-11,STN_COASTAL,32.7,-117.2,20.7,0,60.3,10.4,1014.1,36.0
2020-08-12,STN_NORTH,48.0,-122.3,18.5,0,52.3,10.9,1020.8,63.0
2020-08-12,STN_CENTRAL,37.8,-122.4,23.4,0,36.5,8.4,1016.1,72.0
2020-08-12,STN_SOUTH,34.0,-118.2,24.2,0,46.6,8.7,1008.4,54.0
2020-08-12,STN_INLAND,36.7,-119.8,23.8,2.2,67.3,9.8,1014.5,77.0
2020-08-12,STN_COASTAL,32.7,-117.2,23.8,0,55.6,13.7,1012.7,79.0
2020-08-13,STN_NORTH,48.0,-122.3,11.0,0,49.9,21.8,1014.7,36.0
2020-08-13,STN_CENTRAL,37.8,-122.4,17.7,0,60.5,0,1014.5,35.0
2020-08-13,STN_SOUTH,34.0,-118.2,20.1,0,82.1,20.7,1011.3,3.0
2020-08-13,STN_INLAND,36.7,-119.8,21.4,0,49.5,6.9,1016.4,44.0
2020-08-13,STN_COASTAL,32.7,-117.2,26.7,0,54.5,15.4,1004.5,37.0
2020-08-14,STN_NORTH,48.0,-122.3,14.6,0,55.8,1.0,1014.5,40.0
2020-08-14,STN_CENTRAL,37.8,-122.4,24.1,0,42.8,15.0,1011.5,31.0
2020-08-14,STN_SOUTH,34.0,-118.2,27.5,0,56.8,13.0,1008.7,27.0
2020-08-14,STN_INLAND,36.7,-119.8,15.5,0,52.8,12.9,1008.8,16.0
2020-08-14,STN_COASTAL,32.7,-117.2,19.9,1.8,42.0,12.6,1009.9,48.0
2020-08-15,STN_NORTH,48.0,-122.3,13.6,0,47.9,13.8,1011.9,27.0
2020-08-15,STN_CENTRAL,37.8,-122.4,18.4,1.7,76.7,2.7,1008.8,53.0
2020-08-15,STN_SOUTH,34.0,-118.2,33.1,0,53.2,5.0,1014.7,34.0
2020-08-15,STN_INLAND,36.7,-119.8,21.8,2.8,52.6,19.1,1016.6,46.0
2020-08-15,STN_COASTAL,32.7,-117.2,25.0,0,57.3,6.0,1017.2,74.0
2020-08-16,STN_NORTH,48.0,-122.3,15.3,0,56.6,14.2,1017.3,
2020-08-16,STN_CENTRAL,37.8,-122.4,20.2,0,61.7,21.2,1016.6,12.0
2020-08-16,STN_SOUTH,34.0,-118.2,28.3,1.6,66.4,16.2,1005.2,77.0
2020-08-16,STN_INLAND,36.7,-119.8,18.1,0,59.2,0.9,1018.4,42.0
2020-08-16,STN_COASTAL,32.7,-117.2,23.6,0,63.8,17.4,1011.8,26.0
2020-08-17,STN_NORTH,48.0,-122.3,9.5,1.5,44.6,16.0,1009.0,99.0
2020-08-17,STN_CENTRAL,37.8,-122.4,20.9,1.1,52.4,9.9,1015.8,42.0
2020-08-17,STN_SOUTH,34.0,-118.2,23.6,2.3,72.4,8.6,1015.4,57.0
2020-08-17,STN_INLAND,36.7,-119.8,17.8,0,59.5,9.2,1006.9,65.0
2020-08-17,STN_COASTAL,32.7,-117.2,18.8,0,54.9,6.9,1009.6,30.0
2020-08-18,STN_NORTH,48.0,-122.3,14.4,1.9,65.0,10.4,1013.4,85.0
2020-08-18,STN_CENTRAL,37.8,-122.4,22.4,2.9,55.9,22.9,1006.1,57.0
2020-08-18,STN_SOUTH,34.0,-118.2,19.3,1.6,64.7,10.2,1010.4,100
2020-08-18,STN_INLAND,36.7,-119.8,25.0,0,55.2,22.3,1005.7,39.0
2020-08-18,STN_COASTAL,32.7,-117.2,20.3,1.1,44.7,12.3,1009.4,41.0
2020-08-19,STN_NORTH,48.0,-122.3,13.4,0,46.6,4.0,1011.8,40.0
2020-08-19,STN_CENTRAL,37.8,-122.4,16.4,1.7,63.0,13.3,1005.5,60.0
2020-08-19,STN_SOUTH,34.0,-118.2,23.8,0,65.0,11.7,1009.7,30.0
2020-08-19,STN_INLAND,36.7,-119.8,21.4,0,73.9,14.1,1013.6,38.0
2020-08-19,STN_COASTAL,32.7,-117.2,23.5,2.5,45.8,11.7,1010.6,68.0
2020-08-20,STN_NORTH,48.0,-122.3,12.7,0,71.2,15.7,1012.7,11.0
2020-08-20,STN_CENTRAL,37.8,-122.4,20.1,0,31.2,9.7,1013.6,59.0
2020-08-20,STN_SOUTH,34.0,-118.2,22.2,0.3,45.4,11.0,1021.2,63.0
2020-08-20,STN_INLAND,36.7,-119.8,25.6,1.1,62.5,9.8,1010.9,81.0
2020-08-20,STN_COASTAL,32.7,-117.2,23.2,0,39.7,11.8,1016.6,59.0
2020-08-21,STN_NORTH,48.0,-122.3,19.9,0.7,83.5,19.8,1003.8,49.0
2020-08-21,STN_CENTRAL,37.8,-122.4,23.5,0,62.1,0.6,1008.8,51.0
2020-08-21,STN_SOUTH,34.0,-118.2,20.8,0,49.6,11.0,1017.3,37.0
2020-08-21,STN_INLAND,36.7,-119.8,19.9,0.9,42.0,13.8,1015.9,38.0
2020-08-21,STN_COASTAL,32.7,-117.2,21.5,0,43.6,11.3,1019.3,65.0
2020-08-22,STN_NORTH,48.0,-122.3,9.0,2.3,58.2,7.0,1000.5,32.0
2020-08-22,STN_CENTRAL,37.8,-122.4,26.9,1.0,72.6,7.7,1010.9,72.0
2020-08-22,STN_SOUTH,34.0,-118.2,21.5,0,37.9,14.1,1006.9,50.0
2020-08-22,STN_INLAND,36.7,-119.8,13.3,3.1,67.6,6.5,1010.9,84.0
2020-08-22,STN_COASTAL,32.7,-117.2,21.8,0,64.6,10.8,1011.6,58.0
2020-08-23,STN_NORTH,48.0,-122.3,11.9,0,64.4,13.5,1013.7,49.0
2020-08-23,STN_CENTRAL,37.8,-122.4,18.5,0,36.1,17.8,1019.3,30.0
2020-08-23,STN_SOUTH,34.0,-118.2,23.2,0,68.6,21.7,1013.3,11.0
2020-08-23,STN_INLAND,36.7,-119.8,20.8,0,57.0,18.2,1007.2,23.0
2020-08-23,STN_COASTAL,32.7,-117.2,25.1,1.1,68.1,16.1,1010.9,100.0
2020-08-24,STN_NORTH,48.0,-122.3,14.3,4.1,58.3,15.3,1006.8,47.0
2020-08-24,STN_CENTRAL,37.8,-122.4,16.9,0,24.7,10.2,1017.3,14.0
2020-08-24,STN_SOUTH,34.0,-118.2,19.1,0,45.8,7.8,1015.8,26.0
2020-08-24,STN_INLAND,36.7,-119.8,20.6,0,52.0,12.0,1011.3,19.0
2020-08-24,STN_COASTAL,32.7,-117.2,15.6,0,72.6,3.4,999.9,76.0
2020-08-25,STN_NORTH,48.0,-122.3,11.5,0,71.4,15.7,1001.2,55.0
2020-08-25,STN_CENTRAL,37.8,-122.4,13.2,0,69.2,22.7,1017.2,8.0
2020-08-25,STN_SOUTH,34.0,-118.2,16.2,3.0,39.9,4.8,1014.0,40.0
2020-08-25,STN_INLAND,36.7,-119.8,21.1,0,55.0,10.7,1011.3,44.0
2020-08-25,STN_COASTAL,32.7,-117.2,14.8,2.1,72.6,12.9,1014.6,76.0
2020-08-26,STN_NORTH,48.0,-122.3,12.5,2.4,63.2,12.4,1016.1,67.0
2020-08-26,STN_CENTRAL,37.8,-122.4,16.7,0,50.6,22.8,1019.3,62.0
2020-08-26,STN_SOUTH,34.0,-118.2,20.4,0,63.4,18.6,1012.5,40.0
2020-08-26,STN_INLAND,36.7,-119.8,22.8,0,47.6,15.4,1022.0,42.0
2020-08-26,STN_COASTAL,32.7,-117.2,17.3,0.5,85.7,14.4,1011.3,75.0
2020-08-27,STN_NORTH,48.0,-122.3,9.7,4.1,68.6,10.4,1013.5,78.0
2020-08-27,STN_CENTRAL,37.8,-122.4,17.5,0,57.0,10.7,1015.3,25.0
2020-08-27,STN_SOUTH,34.0,-118.2,20.0,0,45.5,10.1,1009.1,73.0
2020-08-27,STN_INLAND,36.7,-119.8,18.2,0,44.2,10.9,1011.8,38.0
2020-08-27,STN_COASTAL,32.7,-117.2,21.2,0,70.7,9.2,1010.1,39.0
2020-08-28,STN_NORTH,48.0,-122.3,12.7,7.0,71.7,13.5,1007.5,42.0
2020-08-28,STN_CENTRAL,37.8,-122.4,20.6,1.2,64.8,9.4,1012.4,66.0
2020-08-28,STN_SOUTH,34.0,-118.2,19.4,0,67.7,8.4,1015.1,29.0
2020-08-28,STN_INLAND,36.7,-119.8,22.0,0,84.3,14.7,1009.9,45.0
2020-08-28,STN_COASTAL,32.7,-117.2,21.9,1.4,50.7,18.2,1012.7,85.0
2020-08-29,STN_NORTH,48.0,-122.3,11.0,0,38.4,15.7,1008.9,17.0
2020-08-29,STN_CENTRAL,37.8,-122.4,14.8,0,53.6,9.1,1020.4,48.0
2020-08-29,STN_SOUTH,34.0,-118.2,18.6,1.9,60.6,2.6,1010.3,77.0
2020-08-29,STN_INLAND,36.7,-119.8,13.9,0,49.8,6.6,1012.5,35.0
2020-08-29,STN_COASTAL,32.7,-117.2,28.7,3.8,69.8,16.6,1018.4,73.0
2020-08-30,STN_NORTH,48.0,-122.3,12.0,0,48.9,3.0,1009.8,69.0
2020-08-30,STN_CENTRAL,37.8,-122.4,19.3,0,64.8,6.8,1013.3,40.0
2020-08-30,STN_SOUTH,34.0,-118.2,22.9,0,36.0,11.9,1012.7,44.0
2020-08-30,STN_INLAND,36.7,-119.8,15.8,1.3,49.4,12.7,1015.4,44.0
2020-08-30,STN_COASTAL,32.7,-117.2,17.7,0,77.7,16.9,1010.2,34.0
2020-08-31,STN_NORTH,48.0,-122.3,11.2,0,46.5,8.9,1010.6,49.0
2020-08-31,STN_CENTRAL,37.8,-122.4,21.6,,45.3,19.2,1005.3,40.0
2020-08-31,STN_SOUTH,34.0,-118.2,20.6,0,64.9,8.5,1013.3,38.0
2020-08-31,STN_INLAND,36.7,-119.8,26.2,1.3,51.2,17.0,1015.7,61.0
2020-08-31,STN_COASTAL,32.7,-117.2,25.8,0.5,69.8,18.5,1014.9,64.0
2020-09-01,STN_NORTH,48.0,-122.3,9.8,0,49.5,15.7,1008.7,18.0
2020-09-01,STN_CENTRAL,37.8,-122.4,14.8,0,52.8,16.8,1014.2,12.0
2020-09-01,STN_SOUTH,34.0,-118.2,21.4,0.1,80.3,15.0,1008.7,46.0
2020-09-01,STN_INLAND,36.7,-119.8,19.3,0,52.9,9.8,1009.5,50.0
2020-09-01,STN_COASTAL,32.7,-117.2,15.9,0,70.0,19.0,1012.1,32.0
2020-09-02,STN_NORTH,48.0,-122.3,16.3,0,77.6,14.3,1007.1,78.0
2020-09-02,STN_CENTRAL,37.8,-122.4,17.0,2.1,90.3,6.3,1007.2,83.0
2020-09-02,STN_SOUTH,34.0,-118.2,21.5,0,61.4,9.2,1010.2,53.0
2020-09-02,STN_INLAND,36.7,-119.8,21.2,2.1,63.8,7.6,1008.6,86.0
2020-09-02,STN_COASTAL,32.7,-117.2,15.5,0,48.3,8.9,1013.7,32.0
2020-09-03,STN_NORTH,48.0,-122.3,10.2,2.3,87.1,14.6,1006.9,86.0
2020-09-03,STN_CENTRAL,37.8,-122.4,18.2,0,63.5,13.5,1016.2,27.0
2020-09-03,STN_SOUTH,34.0,-118.2,17.5,2.0,71.9,16.3,1008.0,32.0
2020-09-03,STN_INLAND,36.7,-119.8,19.2,0,56.8,16.2,1020.4,47.0
2020-09-03,STN_COASTAL,32.7,-117.2,19.2,2.1,54.5,,1008.6,90.0
2020-09-04,STN_NORTH,48.0,-122.3,12.9,0,34.9,13.3,1005.0,52.0
2020-09-04,STN_CENTRAL,37.8,-122.4,17.8,,62.9,5.4,1004.1,64.0
2020-09-04,STN_SOUTH,34.0,-118.2,22.8,0,72.6,18.9,1012.3,23.0
2020-09-04,STN_INLAND,36.7,-119.8,20.8,0,61.2,13.1,1008.2,53.0
2020-09-04,STN_COASTAL,32.7,-117.2,21.9,0,46.7,17.4,1022.0,11.0
2020-09-05,STN_NORTH,48.0,-122.3,4.2,0,66.7,5.8,1003.6,0
2020-09-05,STN_CENTRAL,37.8,-122.4,15.1,3.6,77.6,26.8,1009.2,76.0
2020-09-05,STN_SOUTH,34.0,-118.2,23.7,3.6,71.8,12.1,1016.0,66.0
2020-09-05,STN_INLAND,36.7,-119.8,21.9,0,68.5,13.3,1011.3,38.0
2020-09-05,STN_COASTAL,32.7,-117.2,16.9,1.9,61.5,15.4,1015.2,67.0
2020-09-06,STN_NORTH,48.0,-122.3,13.3,0,49.5,22.6,1007.4,55.0
2020-09-06,STN_CENTRAL,37.8,-122.4,16.2,2.3,80.6,9.4,1012.8,38.0
2020-09-06,STN_SOUTH,34.0,-118.2,13.8,1.1,69.4,1.5,1012.4,30.0
2020-09-06,STN_INLAND,36.7,-119.8,15.4,0,78.4,7.1,1012.4,11.0
2020-09-06,STN_COASTAL,32.7,-117.2,15.7,0,50.1,12.8,1011.1,43.0
2020-09-07,STN_NORTH,48.0,-122.3,13.0,5.0,83.1,10.1,1016.4,84.0
2020-09-07,STN_CENTRAL,37.8,-122.4,16.3,0,66.0,14.2,1008.1,53.0
2020-09-07,STN_SOUTH,34.0,-118.2,20.1,0,68.0,19.3,1013.0,26.0
2020-09-07,STN_INLAND,36.7,-119.8,15.1,0,63.4,16.0,1009.3,44.0
2020-09-07,STN_COASTAL,32.7,-117.2,17.9,0.6,91.9,14.3,1006.2,67.0
2020-09-08,STN_NORTH,48.0,-122.3,11.9,0,59.3,3.4,1017.4,11.0
2020-09-08,STN_CENTRAL,37.8,-122.4,14.7,0,65.8,15.7,1013.0,27.0
2020-09-08,STN_SOUTH,34.0,-118.2,20.0,0,58.2,9.7,1012.1,56.0
2020-09-08,STN_INLAND,36.7,-119.8,17.7,0.5,78.6,12.6,1010.0,
2020-09-08,STN_COASTAL,32.7,-117.2,15.4,2.5,91.7,5.4,1007.6,23.0
2020-09-09,STN_NORTH,48.0,-122.3,11.3,0,63.0,18.1,1008.8,64.0
2020-09-09,STN_CENTRAL,37.8,-122.4,12.9,0,67.3,22.4,1006.9,28.0
2020-09-09,STN_SOUTH,34.0,-118.2,20.2,0,64.3,7.2,1012.9,17.0
2020-09-09,STN_INLAND,36.7,-119.8,19.6,0,57.4,13.3,1017.3,33.0
2020-09-09,STN_COASTAL,32.7,-117.2,15.4,2.4,73.0,17.4,1015.8,41.0
2020-09-10,STN_NORTH,48.0,-122.3,13.0,1.5,73.7,10.6,1012.3,100
2020-09-10,STN_CENTRAL,37.8,-122.4,19.4,0,58.8,9.3,1020.3,41.0
2020-09-10,STN_SOUTH,34.0,-118.2,19.3,1.8,61.9,,1008.7,22.0
2020-09-10,STN_INLAND,36.7,-119.8,21.8,0,55.8,17.2,1015.3,38.0
2020-09-10,STN_COASTAL,32.7,-117.2,21.3,3.5,56.3,15.9,1013.3,63.0
2020-09-11,STN_NORTH,48.0,-122.3,8.5,0,67.8,12.7,1015.9,34.0
2020-09-11,STN_CENTRAL,37.8,-122.4,14.7,0.9,60.0,19.2,1008.4,41.0
2020-09-11,STN_SOUTH,34.0,-118.2,22.3,0,39.5,19.2,1012.0,57.0
2020-09-11,STN_INLAND,36.7,-119.8,15.6,0,43.1,3.6,1011.5,33.0
2020-09-11,STN_COASTAL,32.7,-117.2,16.4,1.0,54.8,0,1014.2,61.0
2020-09-12,STN_NORTH,48.0,-122.3,9.1,2.8,68.7,13.0,1018.4,54.0
2020-09-12,STN_CENTRAL,37.8,-122.4,16.8,0,60.6,5.6,1013.0,29.0
2020-09-12,STN_SOUTH,34.0,-118.2,20.9,1.1,64.5,19.8,1013.0,14.0
2020-09-12,STN_INLAND,36.7,-119.8,11.7,0,46.3,14.8,1009.3,
2020-09-12,STN_COASTAL,32.7,-117.2,17.9,0,79.7,6.5,1012.4,43.0
2020-09-13,STN_NORTH,48.0,-122.3,10.6,2.4,78.5,25.7,1013.4,71.0
2020-09-13,STN_CENTRAL,37.8,-122.4,11.8,0,65.1,13.9,1018.9,57.0
2020-09-13,STN_SOUTH,34.0,-118.2,22.1,0,59.9,10.7,1010.2,
2020-09-13,STN_INLAND,36.7,-119.8,18.0,0.9,73.8,14.1,1007.3,32.0
2020-09-13,STN_COASTAL,32.7,-117.2,22.7,0,79.5,20.6,1012.5,78.0
2020-09-14,STN_NORTH,48.0,-122.3,7.7,0,53.8,11.3,1013.7,14.0
2020-09-14,STN_CENTRAL,37.8,-122.4,15.5,0,58.4,6.2,1019.9,45.0
2020-09-14,STN_SOUTH,34.0,-118.2,16.4,0.3,83.7,12.5,1013.4,75.0
2020-09-14,STN_INLAND,36.7,-119.8,15.9,0,43.4,17.8,1016.7,49.0
2020-09-14,STN_COASTAL,32.7,-117.2,18.6,0,72.5,20.2,1008.3,41.0
2020-09-15,STN_NORTH,48.0,-122.3,15.9,4.5,62.2,17.4,1016.7,74.0
2020-09-15,STN_CENTRAL,37.8,-122.4,20.5,0,84.1,,1012.4,40.0
2020-09-15,STN_SOUTH,34.0,-118.2,21.3,1.3,79.0,13.9,1013.1,68.0
2020-09-15,STN_INLAND,36.7,-119.8,21.7,0,58.1,4.9,1016.2,48.0
2020-09-15,STN_COASTAL,32.7,-117.2,11.0,0,65.0,12.8,1012.6,66.0
2020-09-16,STN_NORTH,48.0,-122.3,8.2,1.5,54.8,10.2,1012.6,71.0
2020-09-16,STN_CENTRAL,37.8,-122.4,15.9,2.8,76.8,3.9,1015.5,24.0
2020-09-16,STN_SOUTH,34.0,-118.2,22.3,0.3,74.5,14.1,1007.4,66.0
2020-09-16,STN_INLAND,36.7,-119.8,17.2,0.6,51.9,14.2,1014.0,71.0
2020-09-16,STN_COASTAL,32.7,-117.2,21.5,0,65.5,10.5,1012.8,28.0
2020-09-17,STN_NORTH,48.0,-122.3,3.2,5.4,60.4,24.8,1009.9,69.0
2020-09-17,STN_CENTRAL,37.8,-122.4,14.8,,49.8,18.2,1006.0,18.0
2020-09-17,STN_SOUTH,34.0,-118.2,14.2,0,69.8,12.1,1011.3,34.0
2020-09-17,STN_INLAND,36.7,-119.8,19.0,1.8,57.0,13.6,1009.4,62.0
2020-09-17,STN_COASTAL,32.7,-117.2,22.0,0,57.0,1.2,1008.2,59.0
2020-09-18,STN_NORTH,48.0,-122.3,4.3,0,44.6,7.2,1011.5,31.0
2020-09-18,STN_CENTRAL,37.8,-122.4,12.9,0,45.6,2.4,1014.9,24.0
2020-09-18,STN_SOUTH,34.0,-118.2,18.5,3.3,79.1,15.4,1007.9,84.0
2020-09-18,STN_INLAND,36.7,-119.8,19.7,0,58.0,16.5,1016.2,3.0
2020-09-18,STN_COASTAL,32.7,-117.2,17.2,0,58.1,18.6,1008.6,28.0
2020-09-19,STN_NORTH,48.0,-122.3,5.0,0,55.5,4.9,1022.5,70.0
2020-09-19,STN_CENTRAL,37.8,-122.4,14.0,0,59.0,6.1,1016.0,7.0
2020-09-19,STN_SOUTH,34.0,-118.2,21.8,0,60.5,15.7,1019.3,28.0
2020-09-19,STN_INLAND,36.7,-119.8,18.5,2.1,74.4,9.0,1004.7,87.0
2020-09-19,STN_COASTAL,32.7,-117.2,17.8,1.7,89.6,7.5,1008.8,65.0
2020-09-20,STN_NORTH,48.0,-122.3,8.7,8.5,76.8,18.2,1003.8,20.0
2020-09-20,STN_CENTRAL,37.8,-122.4,20.9,0,66.7,9.4,1012.9,66.0
2020-09-20,STN_SOUTH,34.0,-118.2,16.3,0,54.9,0,1019.9,47.0
2020-09-20,STN_INLAND,36.7,-119.8,16.0,2.8,81.0,19.6,1013.5,93.0
2020-09-20,STN_COASTAL,32.7,-117.2,16.1,0,65.3,5.9,1010.5,74.0
2020-09-21,STN_NORTH,48.0,-122.3,11.3,5.2,41.5,3.1,1004.8,26.0
2020-09-21,STN_CENTRAL,37.8,-122.4,8.9,3.8,62.5,20.5,1020.1,65.0
2020-09-21,STN_SOUTH,34.0,-118.2,18.3,0.5,76.0,14.9,1017.7,47.0
2020-09-21,STN_INLAND,36.7,-119.8,19.3,0,82.2,11.0,1002.5,54.0
2020-09-21,STN_COASTAL,32.7,-117.2,14.8,0,55.3,17.9,1024.4,37.0
2020-09-22,STN_NORTH,48.0,-122.3,9.1,2.1,71.6,18.4,1007.2,31.0
2020-09-22,STN_CENTRAL,37.8,-122.4,16.7,4.1,62.6,17.8,1019.4,49.0
2020-09-22,STN_SOUTH,34.0,-118.2,16.4,0,70.5,21.3,1015.4,66.0
2020-09-22,STN_INLAND,36.7,-119.8,17.5,0,63.1,18.9,1009.9,39.0
2020-09-22,STN_COASTAL,32.7,-117.2,16.6,0,69.1,3.5,1019.1,1.0
2020-09-23,STN_NORTH,48.0,-122.3,1.5,0,69.4,14.0,1010.1,32.0
2020-09-23,STN_CENTRAL,37.8,-122.4,11.8,1.4,44.9,3.5,1006.4,19.0
2020-09-23,STN_SOUTH,34.0,-118.2,14.4,0,50.1,10.4,1014.2,46.0
2020-09-23,STN_INLAND,36.7,-119.8,9.7,0.0,62.9,26.2,1005.6,79.0
2020-09-23,STN_COASTAL,32.7,-117.2,16.4,3.0,89.9,19.6,1019.4,100
2020-09-24,STN_NORTH,48.0,-122.3,11.1,5.0,65.3,21.7,1019.8,66.0
2020-09-24,STN_CENTRAL,37.8,-122.4,12.3,2.5,52.5,16.2,1012.7,37.0
2020-09-24,STN_SOUTH,34.0,-118.2,16.3,2.7,79.5,7.2,1011.1,56.0
2020-09-24,STN_INLAND,36.7,-119.8,13.9,0,67.7,9.7,1013.8,59.0
2020-09-24,STN_COASTAL,32.7,-117.2,19.0,1.1,66.3,17.8,1015.2,25.0
2020-09-25,STN_NORTH,48.0,-122.3,8.0,3.1,76.6,6.4,1010.6,32.0
2020-09-25,STN_CENTRAL,37.8,-122.4,11.0,0,49.9,12.8,1017.5,66.0
2020-09-25,STN_SOUTH,34.0,-118.2,21.2,0,78.6,5.8,1013.7,47.0
2020-09-25,STN_INLAND,36.7,-119.8,14.2,0,64.5,19.4,1012.3,43.0
2020-09-25,STN_COASTAL,32.7,-117.2,14.8,0,41.2,10.8,1011.3,32.0
2020-09-26,STN_NORTH,48.0,-122.3,13.7,4.5,69.5,11.2,1023.4,70.0
2020-09-26,STN_CENTRAL,37.8,-122.4,10.7,0.9,66.4,14.8,1018.5,60.0
2020-09-26,STN_SOUTH,34.0,-118.2,20.1,0.2,78.0,6.4,1014.4,52.0
2020-09-26,STN_INLAND,36.7,-119.8,17.8,0,63.1,17.5,1021.6,78.0
2020-09-26,STN_COASTAL,32.7,-117.2,13.9,0,63.8,7.7,1013.5,20.0
2020-09-27,STN_NORTH,48.0,-122.3,1.3,5.7,81.2,12.0,1012.5,79.0
2020-09-27,STN_CENTRAL,37.8,-122.4,7.6,0,31.0,5.4,1011.9,35.0
2020-09-27,STN_SOUTH,34.0,-118.2,15.4,1.8,70.1,13.3,1008.1,79.0
2020-09-27,STN_INLAND,36.7,-119.8,16.3,2.0,43.0,9.3,1014.9,62.0
2020-09-27,STN_COASTAL,32.7,-117.2,16.9,0,57.5,18.7,1011.2,8.0
2020-09-28,STN_NORTH,48.0,-122.3,8.0,4.5,66.4,8.8,1007.0,48.0
2020-09-28,STN_CENTRAL,37.8,-122.4,12.5,1.6,100,11.3,1002.5,69.0
2020-09-28,STN_SOUTH,34.0,-118.2,15.0,0,47.0,11.9,1019.4,46.0
2020-09-28,STN_INLAND,36.7,-119.8,15.6,0,50.2,8.2,1012.9,44.0
2020-09-28,STN_COASTAL,32.7,-117.2,18.1,0,36.2,9.7,1015.1,33.0
2020-09-29,STN_NORTH,48.0,-122.3,4.9,3.6,55.1,12.3,1007.4,68.0
2020-09-29,STN_CENTRAL,37.8,-122.4,7.4,2.5,74.0,13.3,1003.3,94.0
2020-09-29,STN_SOUTH,34.0,-118.2,9.3,0,68.4,10.2,1025.7,29.0
2020-09-29,STN_INLAND,36.7,-119.8,17.6,3.1,77.1,21.6,1003.3,77.0
2020-09-29,STN_COASTAL,32.7,-117.2,18.8,1.7,60.8,11.5,1023.2,65.0
2020-09-30,STN_NORTH,48.0,-122.3,9.0,0,75.8,15.9,1020.1,50.0
2020-09-30,STN_CENTRAL,37.8,-122.4,11.0,0.1,78.5,3.5,1019.6,67.0
2020-09-30,STN_SOUTH,34.0,-118.2,12.9,0,49.4,3.2,1023.4,22.0
2020-09-30,STN_INLAND,36.7,-119.8,17.4,0,55.6,10.7,1016.9,
2020-09-30,STN_COASTAL,32.7,-117.2,8.7,0,57.2,21.6,1012.3,58.0
2020-10-01,STN_NORTH,48.0,-122.3,4.4,3.4,71.2,16.1,1009.8,86.0
2020-10-01,STN_CENTRAL,37.8,-122.4,13.5,0.4,78.3,25.9,1015.2,65.0
2020-10-01,STN_SOUTH,34.0,-118.2,17.3,0,44.3,5.3,1005.1,39.0
2020-10-01,STN_INLAND,36.7,-119.8,13.6,0,77.8,4.1,1017.7,
2020-10-01,STN_COASTAL,32.7,-117.2,12.8,0,47.2,16.4,1008.2,22.0
2020-10-02,STN_NORTH,48.0,-122.3,16.6,4.8,76.0,10.4,1011.2,77.0
2020-10-02,STN_CENTRAL,37.8,-122.4,8.8,0,68.3,13.8,1017.3,23.0
2020-10-02,STN_SOUTH,34.0,-118.2,16.6,0,54.5,4.1,1011.9,28.0
2020-10-02,STN_INLAND,36.7,-119.8,11.8,0,52.0,15.8,1015.8,5.0
2020-10-02,STN_COASTAL,32.7,-117.2,11.6,0,60.7,17.1,1023.1,24.0
2020-10-03,STN_NORTH,48.0,-122.3,6.8,0,73.6,18.3,1017.5,35.0
2020-10-03,STN_CENTRAL,37.8,-122.4,9.8,0,59.7,18.0,1011.0,91.0
2020-10-03,STN_SOUTH,34.0,-118.2,14.4,0,38.1,2.9,1012.9,26.0
2020-10-03,STN_INLAND,36.7,-119.8,12.6,0,40.5,15.3,1008.5,40.0
2020-10-03,STN_COASTAL,32.7,-117.2,14.1,0,69.7,15.4,1018.1,64.0
2020-10-04,STN_NORTH,48.0,-122.3,5.2,1.0,72.5,6.0,1011.4,70.0
2020-10-04,STN_CENTRAL,37.8,-122.4,10.0,0,69.2,16.2,1007.7,50.0
2020-10-04,STN_SOUTH,34.0,-118.2,8.3,0,47.9,15.5,1010.7,56.0
2020-10-04,STN_INLAND,36.7,-119.8,12.1,0,51.7,20.2,1013.7,43.0
2020-10-04,STN_COASTAL,32.7,-117.2,14.8,1.3,60.3,5.6,1006.6,
2020-10-05,STN_NORTH,48.0,-122.3,1.9,5.5,70.5,16.7,1008.3,78.0
2020-10-05,STN_CENTRAL,37.8,-122.4,14.7,1.9,65.2,16.8,1010.0,60.0
2020-10-05,STN_SOUTH,34.0,-118.2,17.3,2.4,80.6,12.0,1012.4,46.0
2020-10-05,STN_INLAND,36.7,-119.8,13.9,1.6,63.4,3.9,1011.2,78.0
2020-10-05,STN_COASTAL,32.7,-117.2,15.0,2.9,74.3,14.5,1006.1,37.0
2020-10-06,STN_NORTH,48.0,-122.3,7.4,0,60.3,0,1012.1,
2020-10-06,STN_CENTRAL,37.8,-122.4,7.4,2.1,79.9,13.2,1013.0,52.0
2020-10-06,STN_SOUTH,34.0,-118.2,11.6,0,72.8,11.2,1012.2,23.0
2020-10-06,STN_INLAND,36.7,-119.8,16.9,0,73.0,5.9,1017.1,38.0
2020-10-06,STN_COASTAL,32.7,-117.2,21.4,1.8,75.3,9.8,1009.7,34.0
2020-10-07,STN_NORTH,48.0,-122.3,2.0,0,72.0,8.9,1007.3,50.0
2020-10-07,STN_CENTRAL,37.8,-122.4,13.2,0,79.6,1.5,1014.2,18.0
2020-10-07,STN_SOUTH,34.0,-118.2,13.8,0,44.4,8.0,1016.2,38.0
2020-10-07,STN_INLAND,36.7,-119.8,8.2,0,63.5,13.2,1014.7,51.0
2020-10-07,STN_COASTAL,32.7,-117.2,15.8,0,79.3,4.4,1018.9,34.0
2020-10-08,STN_NORTH,48.0,-122.3,2.9,2.5,86.0,7.5,1006.5,45.0
2020-10-08,STN_CENTRAL,37.8,-122.4,12.2,3.6,72.7,14.9,1010.8,42.0
2020-10-08,STN_SOUTH,34.0,-118.2,13.7,0,82.8,11.6,1010.2,34.0
2020-10-08,STN_INLAND,36.7,-119.8,11.5,1.4,93.1,18.9,1014.9,66.0
2020-10-08,STN_COASTAL,32.7,-117.2,12.1,0,41.9,23.4,1015.4,48.0
2020-10-09,STN_NORTH,48.0,-122.3,-0.6,0,67.4,4.6,1006.3,27.0
2020-10-09,STN_CENTRAL,37.8,-122.4,12.8,0,75.4,24.1,1004.7,11.0
2020-10-09,STN_SOUTH,34.0,-118.2,17.8,0,61.1,16.1,1016.5,51.0
2020-10-09,STN_INLAND,36.7,-119.8,19.3,0,57.5,16.1,1008.1,27.0
2020-10-09,STN_COASTAL,32.7,-117.2,14.0,0,75.2,12.1,1010.7,27.0
2020-10-10,STN_NORTH,48.0,-122.3,7.0,0,43.9,0,1004.9,57.0
2020-10-10,STN_CENTRAL,37.8,-122.4,9.7,0,82.1,12.9,1019.5,28.0
2020-10-10,STN_SOUTH,34.0,-118.2,12.0,2.2,66.2,10.2,1012.6,79.0
2020-10-10,STN_INLAND,36.7,-119.8,13.0,1.3,68.6,11.6,1010.1,62.0
2020-10-10,STN_COASTAL,32.7,-117.2,16.1,0,52.8,7.8,1012.8,24.0
2020-10-11,STN_NORTH,48.0,-122.3,4.3,5.8,57.8,22.4,1015.2,41.0
2020-10-11,STN_CENTRAL,37.8,-122.4,6.4,0,41.5,19.6,1015.8,33.0
2020-10-11,STN_SOUTH,34.0,-118.2,8.1,0,46.7,21.4,1016.1,26.0
2020-10-11,STN_INLAND,36.7,-119.8,18.0,3.3,60.4,,1013.8,67.0
2020-10-11,STN_COASTAL,32.7,-117.2,13.3,4.1,72.6,18.1,1009.8,46.0
2020-10-12,STN_NORTH,48.0,-122.3,5.8,3.9,58.5,15.9,1015.1,68.0
2020-10-12,STN_CENTRAL,37.8,-122.4,7.4,2.4,62.9,19.2,1020.3,48.0
2020-10-12,STN_SOUTH,34.0,-118.2,16.9,0,62.4,3.1,1012.9,29.0
2020-10-12,STN_INLAND,36.7,-119.8,14.9,0,37.4,21.3,1008.6,95.0
2020-10-12,STN_COASTAL,32.7,-117.2,8.7,1.4,83.9,15.6,1012.9,61.0
2020-10-13,STN_NORTH,48.0,-122.3,6.7,0,57.8,12.2,1011.6,56.0
2020-10-13,STN_CENTRAL,37.8,-122.4,12.7,1.5,86.2,3.2,1014.3,48.0
2020-10-13,STN_SOUTH,34.0,-118.2,7.9,0,73.3,8.8,1014.6,47.0
2020-10-13,STN_INLAND,36.7,-119.8,6.1,0,71.5,8.0,1021.8,8.0
2020-10-13,STN_COASTAL,32.7,-117.2,13.1,0,65.3,19.2,1021.2,15.0
2020-10-14,STN_NORTH,48.0,-122.3,2.9,2.9,82.7,3.1,1020.7,36.0
2020-10-14,STN_CENTRAL,37.8,-122.4,12.2,0,65.9,10.4,1007.4,47.0
2020-10-14,STN_SOUTH,34.0,-118.2,14.4,0,75.1,,1007.1,29.0
2020-10-14,STN_INLAND,36.7,-119.8,12.4,0,64.4,13.0,1018.0,30.0
2020-10-14,STN_COASTAL,32.7,-117.2,11.2,6.4,46.9,8.9,1009.9,70.0
2020-10-15,STN_NORTH,48.0,-122.3,3.3,3.4,81.5,17.4,1005.6,56.0
2020-10-15,STN_CENTRAL,37.8,-122.4,10.6,2.6,71.7,4.2,1015.2,43.0
2020-10-15,STN_SOUTH,34.0,-118.2,11.3,0.1,90.4,14.6,1009.3,60.0
2020-10-15,STN_INLAND,36.7,-119.8,11.1,0,67.5,22.9,1005.7,16.0
2020-10-15,STN_COASTAL,32.7,-117.2,11.0,0.5,57.4,15.4,1010.1,36.0
2020-10-16,STN_NORTH,48.0,-122.3,1.1,5.6,95.0,11.5,1016.0,97.0
2020-10-16,STN_CENTRAL,37.8,-122.4,15.0,0,53.5,9.4,1016.3,34.0
2020-10-16,STN_SOUTH,34.0,-118.2,16.3,2.1,78.1,2.3,1014.6,58.0
2020-10-16,STN_INLAND,36.7,-119.8,9.3,2.3,40.2,11.5,1007.5,54.0
2020-10-16,STN_COASTAL,32.7,-117.2,16.2,0,49.3,7.8,1010.5,16.0
2020-10-17,STN_NORTH,48.0,-122.3,6.6,3.0,86.7,6.0,1018.0,45.0
2020-10-17,STN_CENTRAL,37.8,-122.4,2.8,0,75.1,16.8,1013.8,7.0
2020-10-17,STN_SOUTH,34.0,-118.2,15.6,0,66.0,12.2,1018.9,6.0
2020-10-17,STN_INLAND,36.7,-119.8,13.7,0,61.9,18.0,1011.9,31.0
2020-10-17,STN_COASTAL,32.7,-117.2,11.5,2.7,76.4,18.2,1020.8,47.0
2020-10-18,STN_NORTH,48.0,-122.3,0.9,0,60.4,7.5,1014.4,39.0
2020-10-18,STN_CENTRAL,37.8,-122.4,5.8,0,68.0,11.3,1010.8,56.0
2020-10-18,STN_SOUTH,34.0,-118.2,13.6,0,69.5,10.1,1003.7,77.0
2020-10-18,STN_INLAND,36.7,-119.8,8.9,1.1,66.8,23.8,1015.4,28.0
2020-10-18,STN_COASTAL,32.7,-117.2,9.3,0,46.5,11.9,1023.1,59.0
2020-10-19,STN_NORTH,48.0,-122.3,5.3,5.1,86.1,11.8,1016.1,79.0
2020-10-19,STN_CENTRAL,37.8,-122.4,6.6,3.3,85.8,13.0,1005.0,72.0
2020-10-19,STN_SOUTH,34.0,-118.2,13.4,0,58.8,16.9,1017.6,55.0
2020-10-19,STN_INLAND,36.7,-119.8,9.9,1.5,78.5,11.2,1008.2,70.0
2020-10-19,STN_COASTAL,32.7,-117.2,3.4,1.5,100,19.7,1004.0,32.0
2020-10-20,STN_NORTH,48.0,-122.3,2.7,0,75.6,20.0,1012.0,61.0
2020-10-20,STN_CENTRAL,37.8,-122.4,5.0,0,77.8,6.2,1014.0,0
2020-10-20,STN_SOUTH,34.0,-118.2,12.4,0,47.5,16.2,1008.0,39.0
2020-10-20,STN_INLAND,36.7,-119.8,12.0,0,75.3,0,1014.8,73.0
2020-10-20,STN_COASTAL,32.7,-117.2,11.3,0.3,89.7,16.2,1014.6,81.0
2020-10-21,STN_NORTH,48.0,-122.3,2.1,0,50.9,10.1,1017.4,56.0
2020-10-21,STN_CENTRAL,37.8,-122.4,12.0,0,63.1,10.1,1011.3,36.0
2020-10-21,STN_SOUTH,34.0,-118.2,12.2,0,49.2,5.4,1019.4,59.0
2020-10-21,STN_INLAND,36.7,-119.8,14.4,0,58.0,11.3,1010.0,38.0
2020-10-21,STN_COASTAL,32.7,-117.2,17.3,0,68.9,15.2,1015.4,60.0
2020-10-22,STN_NORTH,48.0,-122.3,0.9,2.2,64.7,7.8,1010.7,36.0
2020-10-22,STN_CENTRAL,37.8,-122.4,9.9,0,69.3,15.4,1012.2,13.0
2020-10-22,STN_SOUTH,34.0,-118.2,8.8,2.4,73.2,16.4,1025.2,78.0
2020-10-22,STN_INLAND,36.7,-119.8,11.9,0.6,57.5,0.4,1016.0,52.0
2020-10-22,STN_COASTAL,32.7,-117.2,12.8,0,66.3,7.8,1019.7,44.0
2020-10-23,STN_NORTH,48.0,-122.3,3.1,0,60.2,20.0,1011.8,15.0
2020-10-23,STN_CENTRAL,37.8,-122.4,10.8,1.1,77.1,10.9,1015.7,53.0
2020-10-23,STN_SOUTH,34.0,-118.2,12.2,2.7,77.5,10.8,1013.3,52.0
2020-10-23,STN_INLAND,36.7,-119.8,11.9,0,81.6,9.8,1010.8,24.0
2020-10-23,STN_COASTAL,32.7,-117.2,11.5,2.0,53.6,6.6,1008.0,28.0
2020-10-24,STN_NORTH,48.0,-122.3,1.4,5.6,84.9,13.1,1006.0,66.0
2020-10-24,STN_CENTRAL,37.8,-122.4,4.3,0,55.8,16.7,1014.4,18.0
2020-10-24,STN_SOUTH,34.0,-118.2,11.0,0,65.9,2.3,1013.8,45.0
2020-10-24,STN_INLAND,36.7,-119.8,7.0,0,61.5,2.4,1014.5,54.0
2020-10-24,STN_COASTAL,32.7,-117.2,15.2,2.7,71.9,9.6,1014.1,34.0
2020-10-25,STN_NORTH,48.0,-122.3,3.6,0,77.7,3.9,1009.8,35.0
2020-10-25,STN_CENTRAL,37.8,-122.4,2.9,2.7,79.2,10.9,1003.3,15.0
2020-10-25,STN_SOUTH,34.0,-118.2,8.0,0,50.7,15.2,1005.4,0
2020-10-25,STN_INLAND,36.7,-119.8,3.1,0,67.0,9.2,1014.3,31.0
2020-10-25,STN_COASTAL,32.7,-117.2,10.8,0,60.3,19.8,1015.6,13.0
2020-10-26,STN_NORTH,48.0,-122.3,1.5,0,54.3,19.7,1012.1,20.0
2020-10-26,STN_CENTRAL,37.8,-122.4,8.2,3.7,68.3,6.2,1007.9,28.0
2020-10-26,STN_SOUTH,34.0,-118.2,11.4,4.6,70.1,16.2,1005.8,85.0
2020-10-26,STN_INLAND,36.7,-119.8,14.2,1.8,61.3,8.1,1011.4,77.0
2020-10-26,STN_COASTAL,32.7,-117.2,13.2,0,50.5,0,1002.4,60.0
2020-10-27,STN_NORTH,48.0,-122.3,5.0,0,77.8,13.3,1001.0,25.0
2020-10-27,STN_CENTRAL,37.8,-122.4,8.0,0.9,71.5,13.0,1010.1,90.0
2020-10-27,STN_SOUTH,34.0,-118.2,9.6,0,63.0,8.7,1013.9,47.0
2020-10-27,STN_INLAND,36.7,-119.8,9.2,2.3,86.7,9.3,1008.9,37.0
2020-10-27,STN_COASTAL,32.7,-117.2,9.0,0,50.8,11.4,1014.8,76.0
2020-10-28,STN_NORTH,48.0,-122.3,2.2,4.2,68.2,8.4,1005.3,74.0
2020-10-28,STN_CENTRAL,37.8,-122.4,9.2,0,52.8,21.5,1018.7,45.0
2020-10-28,STN_SOUTH,34.0,-118.2,8.4,1.8,99.2,17.5,1005.3,55.0
2020-10-28,STN_INLAND,36.7,-119.8,14.3,4.7,98.9,10.3,1009.7,72.0
2020-10-28,STN_COASTAL,32.7,-117.2,12.7,0,78.7,11.9,1016.8,79.0
2020-10-29,STN_NORTH,48.0,-122.3,3.7,0,64.1,15.2,1018.1,26.0
2020-10-29,STN_CENTRAL,37.8,-122.4,7.5,1.1,54.8,19.2,1012.5,39.0
2020-10-29,STN_SOUTH,34.0,-118.2,15.9,0,45.6,19.5,1013.1,18.0
2020-10-29,STN_INLAND,36.7,-119.8,10.6,0,51.2,13.1,1014.7,49.0
2020-10-29,STN_COASTAL,32.7,-117.2,11.4,0,64.0,14.2,1014.3,45.0
2020-10-30,STN_NORTH,48.0,-122.3,-1.1,1.7,54.5,10.6,1015.6,68.0
2020-10-30,STN_CENTRAL,37.8,-122.4,0.0,0,79.4,6.1,1013.2,7.0
2020-10-30,STN_SOUTH,34.0,-118.2,15.4,0,72.4,2.4,1015.5,66.0
2020-10-30,STN_INLAND,36.7,-119.8,10.1,2.5,85.4,14.0,1006.1,89.0
2020-10-30,STN_COASTAL,32.7,-117.2,6.4,1.1,77.4,16.5,1003.0,56.0
2020-10-31,STN_NORTH,48.0,-122.3,4.3,4.7,75.9,17.1,1011.8,37.0
2020-10-31,STN_CENTRAL,37.8,-122.4,10.1,,67.9,27.4,1012.2,62.0
2020-10-31,STN_SOUTH,34.0,-118.2,14.6,0,55.1,11.3,1007.1,37.0
2020-10-31,STN_INLAND,36.7,-119.8,12.8,0,46.1,14.6,1013.9,22.0
2020-10-31,STN_COASTAL,32.7,-117.2,12.6,1.0,86.0,6.6,1018.1,77.0
2020-11-01,STN_NORTH,48.0,-122.3,1.9,5.6,61.5,27.1,1010.3,29.0
2020-11-01,STN_CENTRAL,37.8,-122.4,12.8,0,53.0,18.3,1008.8,25.0
2020-11-01,STN_SOUTH,34.0,-118.2,12.3,0.0,70.6,7.2,1013.9,42.0
2020-11-01,STN_INLAND,36.7,-119.8,11.3,0,66.5,14.6,1013.7,29.0
2020-11-01,STN_COASTAL,32.7,-117.2,9.3,0,61.1,16.0,1008.3,8.0
2020-11-02,STN_NORTH,48.0,-122.3,-2.6,0.9,97.5,13.2,1007.5,29.0
2020-11-02,STN_CENTRAL,37.8,-122.4,4.6,2.8,53.8,3.6,1016.8,47.0
2020-11-02,STN_SOUTH,34.0,-118.2,9.2,0,52.2,7.1,1014.8,15.0
2020-11-02,STN_INLAND,36.7,-119.8,4.7,1.9,80.5,15.7,1008.4,82.0
2020-11-02,STN_COASTAL,32.7,-117.2,5.9,0,82.4,20.7,1014.8,40.0
2020-11-03,STN_NORTH,48.0,-122.3,1.0,0,100,14.5,1014.9,0
2020-11-03,STN_CENTRAL,37.8,-122.4,8.7,0.6,66.9,16.8,1019.9,42.0
2020-11-03,STN_SOUTH,34.0,-118.2,10.2,0,52.9,12.2,1007.6,35.0
2020-11-03,STN_INLAND,36.7,-119.8,7.1,1.2,74.7,13.2,1008.9,50.0
2020-11-03,STN_COASTAL,32.7,-117.2,6.3,1.2,82.3,14.5,1011.3,83.0
2020-11-04,STN_NORTH,48.0,-122.3,1.9,2.7,81.0,16.6,1014.9,49.0
2020-11-04,STN_CENTRAL,37.8,-122.4,10.1,0,76.0,7.3,1022.0,56.0
2020-11-04,STN_SOUTH,34.0,-118.2,18.2,0,52.3,12.5,1011.9,62.0
2020-11-04,STN_INLAND,36.7,-119.8,11.2,0,66.5,8.1,1015.3,8.0
2020-11-04,STN_COASTAL,32.7,-117.2,9.9,0,66.3,18.6,1014.7,60.0
2020-11-05,STN_NORTH,48.0,-122.3,4.5,0,56.5,26.0,1014.4,39.0
2020-11-05,STN_CENTRAL,37.8,-122.4,12.1,0,66.8,6.1,1011.2,21.0
2020-11-05,STN_SOUTH,34.0,-118.2,10.9,0,63.3,7.4,1011.2,55.0
2020-11-05,STN_INLAND,36.7,-119.8,7.9,0,67.3,13.7,1012.8,27.0
2020-11-05,STN_COASTAL,32.7,-117.2,9.1,1.6,91.3,13.1,1004.8,41.0
2020-11-06,STN_NORTH,48.0,-122.3,2.0,6.8,77.6,18.3,1012.5,67.0
2020-11-06,STN_CENTRAL,37.8,-122.4,8.6,1.7,60.3,14.3,1008.7,55.0
2020-11-06,STN_SOUTH,34.0,-118.2,10.1,1.2,86.2,4.4,1012.7,94.0
2020-11-06,STN_INLAND,36.7,-119.8,5.7,0.1,49.2,,1005.1,78.0
2020-11-06,STN_COASTAL,32.7,-117.2,12.8,1.8,67.1,15.3,1009.0,20.0
2020-11-07,STN_NORTH,48.0,-122.3,6.3,4.4,69.9,16.7,1017.3,77.0
2020-11-07,STN_CENTRAL,37.8,-122.4,4.8,2.3,77.8,7.3,1006.7,37.0
2020-11-07,STN_SOUTH,34.0,-118.2,9.9,0.4,90.4,3.3,1016.3,66.0
2020-11-07,STN_INLAND,36.7,-119.8,8.0,0.2,81.6,6.5,1014.7,63.0
2020-11-07,STN_COASTAL,32.7,-117.2,9.2,2.1,67.7,3.3,1012.1,47.0
2020-11-08,STN_NORTH,48.0,-122.3,-1.7,2.2,71.9,9.9,1006.9,37.0
2020-11-08,STN_CENTRAL,37.8,-122.4,6.8,3.4,72.1,9.6,1000.8,50.0
2020-11-08,STN_SOUTH,34.0,-118.2,9.8,2.6,90.5,23.6,1002.5,71.0
2020-11-08,STN_INLAND,36.7,-119.8,7.8,0,68.0,16.7,1018.7,24.0
2020-11-08,STN_COASTAL,32.7,-117.2,8.4,0,71.1,13.9,1024.0,56.0
2020-11-09,STN_NORTH,48.0,-122.3,0.5,7.4,67.4,28.4,1007.9,44.0
2020-11-09,STN_CENTRAL,37.8,-122.4,5.5,3.9,82.9,10.6,1016.3,43.0
2020-11-09,STN_SOUTH,34.0,-118.2,12.0,0,63.6,0.1,1008.1,44.0
2020-11-09,STN_INLAND,36.7,-119.8,11.6,0,47.9,9.2,1016.8,50.0
2020-11-09,STN_COASTAL,32.7,-117.2,7.6,0,44.7,9.1,1012.9,47.0
2020-11-10,STN_NORTH,48.0,-122.3,2.5,6.5,63.2,14.5,1007.7,83.0
2020-11-10,STN_CENTRAL,37.8,-122.4,7.9,1.0,62.7,12.4,1016.1,29.0
2020-11-10,STN_SOUTH,34.0,-118.2,7.5,0,55.5,4.6,1014.0,50.0
2020-11-10,STN_INLAND,36.7,-119.8,17.8,0,76.1,9.9,1015.9,34.0
2020-11-10,STN_COASTAL,32.7,-117.2,14.0,0,80.5,,1013.1,58.0
2020-11-11,STN_NORTH,48.0,-122.3,2.2,5.2,89.2,18.1,1020.9,67.0
2020-11-11,STN_CENTRAL,37.8,-122.4,6.2,3.2,84.8,13.8,1011.6,45.0
2020-11-11,STN_SOUTH,34.0,-118.2,7.1,0,42.8,0,1016.6,48.0
2020-11-11,STN_INLAND,36.7,-119.8,7.2,0.8,76.4,23.6,1013.9,72.0
2020-11-11,STN_COASTAL,32.7,-117.2,8.6,0,55.5,0,1009.5,45.0
2020-11-12,STN_NORTH,48.0,-122.3,-2.1,0,66.6,9.0,1006.8,52.0
2020-11-12,STN_CENTRAL,37.8,-122.4,9.4,3.9,56.6,11.8,1012.6,86.0
2020-11-12,STN_SOUTH,34.0,-118.2,9.0,0,80.1,13.3,1014.7,59.0
2020-11-12,STN_INLAND,36.7,-119.8,10.0,0,68.5,16.5,1015.5,60.0
2020-11-12,STN_COASTAL,32.7,-117.2,11.5,3.1,71.6,23.5,1009.6,75.0
2020-11-13,STN_NORTH,48.0,-122.3,0.2,5.8,52.0,22.1,1014.2,61.0
2020-11-13,STN_CENTRAL,37.8,-122.4,4.5,0,56.2,7.9,1015.9,33.0
2020-11-13,STN_SOUTH,34.0,-118.2,10.6,0.5,82.8,9.6,1017.7,100
2020-11-13,STN_INLAND,36.7,-119.8,6.2,1.3,82.3,12.1,1011.0,
2020-11-13,STN_COASTAL,32.7,-117.2,10.0,0,65.7,16.6,1012.4,46.0
2020-11-14,STN_NORTH,48.0,-122.3,-3.6,2.8,73.4,3.4,1014.9,62.0
2020-11-14,STN_CENTRAL,37.8,-122.4,5.3,1.5,80.5,21.3,1007.3,63.0
2020-11-14,STN_SOUTH,34.0,-118.2,10.9,0,66.8,15.0,1021.7,32.0
2020-11-14,STN_INLAND,36.7,-119.8,6.9,0.8,62.3,1.8,1015.8,19.0
2020-11-14,STN_COASTAL,32.7,-117.2,6.1,0.2,94.1,8.1,1022.4,21.0
2020-11-15,STN_NORTH,48.0,-122.3,-0.6,0,78.3,6.7,1014.7,17.0
2020-11-15,STN_CENTRAL,37.8,-122.4,6.6,0,63.8,13.7,1007.1,7.0
2020-11-15,STN_SOUTH,34.0,-118.2,9.7,0,68.0,15.3,1015.4,35.0
2020-11-15,STN_INLAND,36.7,-119.8,13.4,0,76.8,13.4,1012.7,0
2020-11-15,STN_COASTAL,32.7,-117.2,7.9,1.9,92.3,12.4,1005.7,48.0
2020-11-16,STN_NORTH,48.0,-122.3,-5.0,7.3,84.7,11.4,1016.9,76.0
2020-11-16,STN_CENTRAL,37.8,-122.4,7.2,0.4,62.9,9.6,1009.1,69.0
2020-11-16,STN_SOUTH,34.0,-118.2,12.1,2.3,57.5,2.5,1000.6,77.0
2020-11-16,STN_INLAND,36.7,-119.8,5.1,2.8,56.7,13.7,1010.2,67.0
2020-11-16,STN_COASTAL,32.7,-117.2,3.9,0.1,62.4,1.4,1008.9,47.0
2020-11-17,STN_NORTH,48.0,-122.3,-1.5,4.9,76.4,7.7,1014.0,57.0
2020-11-17,STN_CENTRAL,37.8,-122.4,0.2,0,42.8,16.1,1013.1,35.0
2020-11-17,STN_SOUTH,34.0,-118.2,10.9,0,62.7,9.0,1013.3,68.0
2020-11-17,STN_INLAND,36.7,-119.8,2.8,0.6,76.1,22.7,1016.6,50.0
2020-11-17,STN_COASTAL,32.7,-117.2,13.4,4.0,65.4,9.5,1014.2,31.0
2020-11-18,STN_NORTH,48.0,-122.3,-1.3,2.5,68.4,13.8,1008.7,28.0
2020-11-18,STN_CENTRAL,37.8,-122.4,9.0,0,65.1,14.4,1006.4,24.0
2020-11-18,STN_SOUTH,34.0,-118.2,7.8,4.5,89.3,12.5,1005.6,43.0
2020-11-18,STN_INLAND,36.7,-119.8,5.3,0,70.5,12.1,1025.7,
2020-11-18,STN_COASTAL,32.7,-117.2,6.4,0,70.3,13.1,1013.7,46.0
2020-11-19,STN_NORTH,48.0,-122.3,1.8,5.0,63.0,12.6,1014.4,66.0
2020-11-19,STN_CENTRAL,37.8,-122.4,4.8,0,53.2,16.2,1013.1,49.0
2020-11-19,STN_SOUTH,34.0,-118.2,2.0,0.7,65.9,3.5,1022.9,43.0
2020-11-19,STN_INLAND,36.7,-119.8,2.5,0,67.0,14.0,1006.3,22.0
2020-11-19,STN_COASTAL,32.7,-117.2,4.6,1.1,62.3,19.3,1002.0,43.0
2020-11-20,STN_NORTH,48.0,-122.3,-0.4,0,75.7,18.2,1013.6,19.0
2020-11-20,STN_CENTRAL,37.8,-122.4,7.7,1.1,69.7,17.5,1008.7,24.0
2020-11-20,STN_SOUTH,34.0,-118.2,9.8,1.1,88.9,16.2,1007.2,78.0
2020-11-20,STN_INLAND,36.7,-119.8,4.5,0.3,69.6,13.5,1026.9,65.0
2020-11-20,STN_COASTAL,32.7,-117.2,7.9,2.5,45.5,0,1009.7,42.0
2020-11-21,STN_NORTH,48.0,-122.3,2.2,0,45.2,6.9,1009.1,23.0
2020-11-21,STN_CENTRAL,37.8,-122.4,6.1,2.4,85.5,9.4,1006.8,28.0
2020-11-21,STN_SOUTH,34.0,-118.2,5.9,0,72.3,19.3,1002.8,74.0
2020-11-21,STN_INLAND,36.7,-119.8,9.0,4.5,54.9,10.6,1012.2,51.0
2020-11-21,STN_COASTAL,32.7,-117.2,8.6,0,44.3,10.4,1013.8,33.0
2020-11-22,STN_NORTH,48.0,-122.3,-1.2,4.1,79.5,14.5,1004.6,0
2020-11-22,STN_CENTRAL,37.8,-122.4,7.3,6.2,85.3,19.6,1010.4,14.0
2020-11-22,STN_SOUTH,34.0,-118.2,7.7,2.8,74.3,14.3,1014.6,93.0
2020-11-22,STN_INLAND,36.7,-119.8,7.0,0,56.5,23.1,1010.1,38.0
2020-11-22,STN_COASTAL,32.7,-117.2,6.8,3.2,83.4,9.7,1004.1,80.0
2020-11-23,STN_NORTH,48.0,-122.3,-0.8,3.5,69.0,11.4,1010.4,56.0
2020-11-23,STN_CENTRAL,37.8,-122.4,6.5,0,56.4,8.9,1015.7,72.0
2020-11-23,STN_SOUTH,34.0,-118.2,6.0,0.7,78.0,14.9,1013.0,65.0
2020-11-23,STN_INLAND,36.7,-119.8,12.2,0,58.4,7.0,1016.2,32.0
2020-11-23,STN_COASTAL,32.7,-117.2,5.4,1.0,68.2,15.4,1016.2,36.0
2020-11-24,STN_NORTH,48.0,-122.3,-5.2,0,81.2,19.4,1011.5,13.0
2020-11-24,STN_CENTRAL,37.8,-122.4,6.9,1.2,80.5,18.1,1007.3,8.0
2020-11-24,STN_SOUTH,34.0,-118.2,4.5,0,76.8,22.3,1016.3,77.0
2020-11-24,STN_INLAND,36.7,-119.8,3.6,0.8,59.8,15.0,1016.6,80.0
2020-11-24,STN_COASTAL,32.7,-117.2,6.7,0,71.5,20.7,1013.9,38.0
2020-11-25,STN_NORTH,48.0,-122.3,-3.4,5.3,85.3,5.5,1019.5,71.0
2020-11-25,STN_CENTRAL,37.8,-122.4,11.9,1.4,78.5,17.1,1002.1,65.0
2020-11-25,STN_SOUTH,34.0,-118.2,7.6,0,55.4,17.3,1018.2,28.0
2020-11-25,STN_INLAND,36.7,-119.8,3.5,0,62.4,4.4,1019.3,50.0
2020-11-25,STN_COASTAL,32.7,-117.2,12.7,0,59.0,22.6,1011.8,33.0
2020-11-26,STN_NORTH,48.0,-122.3,-1.8,7.5,65.6,9.6,1003.4,73.0
2020-11-26,STN_CENTRAL,37.8,-122.4,7.2,4.3,80.9,23.0,1007.0,54.0
2020-11-26,STN_SOUTH,34.0,-118.2,7.3,1.3,83.1,24.0,1018.0,51.0
2020-11-26,STN_INLAND,36.7,-119.8,8.2,0,69.9,15.5,1014.2,47.0
2020-11-26,STN_COASTAL,32.7,-117.2,7.6,0,64.0,3.4,1015.2,56.0
2020-11-27,STN_NORTH,48.0,-122.3,-0.9,5.8,55.7,14.2,1011.8,81.0
2020-11-27,STN_CENTRAL,37.8,-122.4,7.4,0,63.1,12.9,1018.8,21.0
2020-11-27,STN_SOUTH,34.0,-118.2,10.5,0,70.5,20.2,1005.0,15.0
2020-11-27,STN_INLAND,36.7,-119.8,6.5,0,84.9,14.6,1013.0,20.0
2020-11-27,STN_COASTAL,32.7,-117.2,11.2,0,65.5,0,1015.5,49.0
2020-11-28,STN_NORTH,48.0,-122.3,-8.1,8.2,57.0,0.6,1006.7,73.0
2020-11-28,STN_CENTRAL,37.8,-122.4,3.3,0,78.3,18.1,1020.8,43.0
2020-11-28,STN_SOUTH,34.0,-118.2,8.8,0.8,100,19.4,1016.8,74.0
2020-11-28,STN_INLAND,36.7,-119.8,9.2,0,36.9,11.5,1013.6,14.0
2020-11-28,STN_COASTAL,32.7,-117.2,9.1,0,60.2,9.5,1016.6,76.0
2020-11-29,STN_NORTH,48.0,-122.3,3.7,0,61.6,16.2,1015.3,26.0
2020-11-29,STN_CENTRAL,37.8,-122.4,5.1,1.7,80.1,14.4,1013.9,41.0
2020-11-29,STN_SOUTH,34.0,-118.2,8.0,0,38.4,0,1006.1,41.0
2020-11-29,STN_INLAND,36.7,-119.8,10.7,0,100,7.2,1006.1,50.0
2020-11-29,STN_COASTAL,32.7,-117.2,5.2,0,70.9,14.3,1025.1,41.0
2020-11-30,STN_NORTH,48.0,-122.3,-0.1,0,59.3,12.9,1012.5,40.0
2020-11-30,STN_CENTRAL,37.8,-122.4,0.3,0,63.5,4.8,1020.7,29.0
2020-11-30,STN_SOUTH,34.0,-118.2,9.9,0.0,53.1,21.9,1016.6,97.0
2020-11-30,STN_INLAND,36.7,-119.8,5.0,0,86.8,0,1007.3,57.0
2020-11-30,STN_COASTAL,32.7,-117.2,2.7,0.5,58.2,12.8,1020.4,33.0
2020-12-01,STN_NORTH,48.0,-122.3,-1.5,8.6,48.6,14.8,1008.4,51.0
2020-12-01,STN_CENTRAL,37.8,-122.4,1.8,0,68.1,18.9,1009.9,30.0
2020-12-01,STN_SOUTH,34.0,-118.2,11.6,0,46.2,8.1,1011.7,46.0
2020-12-01,STN_INLAND,36.7,-119.8,12.8,0,37.7,9.0,1011.6,18.0
2020-12-01,STN_COASTAL,32.7,-117.2,5.5,0.2,62.4,10.6,1014.2,16.0
2020-12-02,STN_NORTH,48.0,-122.3,-3.2,6.2,65.6,11.2,1006.3,52.0
2020-12-02,STN_CENTRAL,37.8,-122.4,4.4,0,52.9,6.4,1007.0,26.0
2020-12-02,STN_SOUTH,34.0,-118.2,10.6,0,53.0,17.6,1019.7,52.0
2020-12-02,STN_INLAND,36.7,-119.8,5.6,0,58.8,9.9,1009.0,41.0
2020-12-02,STN_COASTAL,32.7,-117.2,12.5,2.8,87.6,5.7,1016.1,61.0
2020-12-03,STN_NORTH,48.0,-122.3,-4.0,0,67.8,11.4,1023.1,49.0
2020-12-03,STN_CENTRAL,37.8,-122.4,1.8,2.0,67.8,15.1,1018.0,67.0
2020-12-03,STN_SOUTH,34.0,-118.2,1.5,0,68.6,5.2,1010.2,57.0
2020-12-03,STN_INLAND,36.7,-119.8,8.1,0,52.9,16.4,1014.6,31.0
2020-12-03,STN_COASTAL,32.7,-117.2,5.6,0.4,74.8,9.2,1014.8,44.0
2020-12-04,STN_NORTH,48.0,-122.3,0.7,7.1,72.5,8.2,1014.1,81.0
2020-12-04,STN_CENTRAL,37.8,-122.4,9.9,2.6,76.8,12.8,1012.4,56.0
2020-12-04,STN_SOUTH,34.0,-118.2,8.7,5.2,78.3,5.2,1011.2,45.0
2020-12-04,STN_INLAND,36.7,-119.8,6.5,0,51.8,10.4,1020.3,20.0
2020-12-04,STN_COASTAL,32.7,-117.2,9.8,1.8,62.5,16.4,1017.1,66.0
2020-12-05,STN_NORTH,48.0,-122.3,1.3,7.1,86.2,10.0,1007.1,21.0
2020-12-05,STN_CENTRAL,37.8,-122.4,5.5,0,45.7,5.9,1015.1,51.0
2020-12-05,STN_SOUTH,34.0,-118.2,7.4,0.4,66.6,6.0,1016.1,60.0
2020-12-05,STN_INLAND,36.7,-119.8,9.4,0.8,78.5,15.8,1014.5,91.0
2020-12-05,STN_COASTAL,32.7,-117.2,11.1,0,87.5,21.2,1014.6,64.0
2020-12-06,STN_NORTH,48.0,-122.3,-1.1,5.8,93.2,17.0,1012.0,29.0
2020-12-06,STN_CENTRAL,37.8,-122.4,6.8,2.0,57.8,9.2,1010.1,67.0
2020-12-06,STN_SOUTH,34.0,-118.2,12.0,0,57.5,10.1,1014.0,42.0
2020-12-06,STN_INLAND,36.7,-119.8,13.5,2.4,83.5,19.6,1014.6,76.0
2020-12-06,STN_COASTAL,32.7,-117.2,7.0,0,65.2,16.0,1005.9,40.0
2020-12-07,STN_NORTH,48.0,-122.3,-1.3,7.0,80.6,13.8,1007.5,81.0
2020-12-07,STN_CENTRAL,37.8,-122.4,-0.4,2.4,100,21.5,1009.6,53.0
2020-12-07,STN_SOUTH,34.0,-118.2,3.5,0,62.6,16.9,1015.7,62.0
2020-12-07,STN_INLAND,36.7,-119.8,11.5,0,52.2,13.1,1010.0,26.0
2020-12-07,STN_COASTAL,32.7,-117.2,10.5,0,91.8,18.4,1012.5,41.0
2020-12-08,STN_NORTH,48.0,-122.3,4.1,6.5,54.3,11.4,1006.6,64.0
2020-12-08,STN_CENTRAL,37.8,-122.4,4.5,0,74.5,4.4,1017.7,43.0
2020-12-08,STN_SOUTH,34.0,-118.2,5.0,1.4,74.3,4.3,1013.7,63.0
2020-12-08,STN_INLAND,36.7,-119.8,10.1,0,61.1,13.7,1009.8,11.0
2020-12-08,STN_COASTAL,32.7,-117.2,5.6,0,68.7,5.6,1009.5,35.0
2020-12-09,STN_NORTH,48.0,-122.3,2.2,6.8,67.3,8.8,1009.5,62.0
2020-12-09,STN_CENTRAL,37.8,-122.4,-1.7,0,76.3,13.9,1011.0,14.0
2020-12-09,STN_SOUTH,34.0,-118.2,10.6,0.2,82.2,11.8,1011.1,43.0
2020-12-09,STN_INLAND,36.7,-119.8,5.0,0,40.4,4.5,1005.4,0
2020-12-09,STN_COASTAL,32.7,-117.2,4.1,0,61.6,14.3,1023.4,44.0
2020-12-10,STN_NORTH,48.0,-122.3,-6.0,0,75.2,11.1,1017.5,44.0
2020-12-10,STN_CENTRAL,37.8,-122.4,3.8,5.5,90.4,15.3,1010.4,34.0
2020-12-10,STN_SOUTH,34.0,-118.2,5.3,1.8,56.9,11.3,1008.3,55.0
2020-12-10,STN_INLAND,36.7,-119.8,9.7,3.8,68.5,7.6,1000.7,41.0
2020-12-10,STN_COASTAL,32.7,-117.2,7.2,0,50.2,11.6,1015.9,58.0
2020-12-11,STN_NORTH,48.0,-122.3,2.0,0,61.9,15.9,1013.5,42.0
2020-12-11,STN_CENTRAL,37.8,-122.4,5.2,1.3,93.7,14.1,1022.9,45.0
2020-12-11,STN_SOUTH,34.0,-118.2,5.9,2.7,64.6,12.2,1005.6,80.0
2020-12-11,STN_INLAND,36.7,-119.8,4.4,0,52.6,10.8,1016.8,41.0
2020-12-11,STN_COASTAL,32.7,-117.2,4.1,0,72.3,19.0,1009.9,22.0
2020-12-12,STN_NORTH,48.0,-122.3,-3.9,5.5,56.6,11.0,1009.0,48.0
2020-12-12,STN_CENTRAL,37.8,-122.4,1.5,3.5,52.7,13.0,1017.8,40.0
2020-12-12,STN_SOUTH,34.0,-118.2,4.7,0,70.2,5.0,1019.4,14.0
2020-12-12,STN_INLAND,36.7,-119.8,9.4,1.5,80.7,11.3,1015.0,45.0
2020-12-12,STN_COASTAL,32.7,-117.2,6.9,0,69.1,19.5,1010.0,65.0
2020-12-13,STN_NORTH,48.0,-122.3,-1.7,6.0,83.9,6.5,1020.0,61.0
2020-12-13,STN_CENTRAL,37.8,-122.4,1.8,0,66.8,12.5,1003.5,57.0
2020-12-13,STN_SOUTH,34.0,-118.2,4.8,0,45.9,21.1,1014.0,33.0
2020-12-13,STN_INLAND,36.7,-119.8,7.8,1.6,70.3,7.3,1007.3,60.0
2020-12-13,STN_COASTAL,32.7,-117.2,7.0,2.0,78.5,6.0,1017.5,63.0
2020-12-14,STN_NORTH,48.0,-122.3,-0.6,7.3,60.4,10.7,1010.6,56.0
2020-12-14,STN_CENTRAL,37.8,-122.4,7.1,0,33.4,9.0,1017.2,29.0
2020-12-14,STN_SOUTH,34.0,-118.2,5.2,3.1,52.9,8.9,1004.0,69.0
2020-12-14,STN_INLAND,36.7,-119.8,7.0,0.2,61.3,18.7,1011.8,49.0
2020-12-14,STN_COASTAL,32.7,-117.2,10.7,1.0,50.6,10.9,1021.7,77.0
2020-12-15,STN_NORTH,48.0,-122.3,-1.8,10.0,65.1,3.6,1009.6,40.0
2020-12-15,STN_CENTRAL,37.8,-122.4,-0.9,0,77.4,19.6,1012.4,
2020-12-15,STN_SOUTH,34.0,-118.2,8.3,2.0,52.0,6.8,1008.2,76.0
2020-12-15,STN_INLAND,36.7,-119.8,4.9,0,55.2,20.1,1008.6,12.0
2020-12-15,STN_COASTAL,32.7,-117.2,7.5,0,64.1,16.0,1010.4,55.0
2020-12-16,STN_NORTH,48.0,-122.3,-5.7,6.4,81.6,1.5,1011.7,66.0
2020-12-16,STN_CENTRAL,37.8,-122.4,2.1,4.1,61.9,0,1014.8,43.0
2020-12-16,STN_SOUTH,34.0,-118.2,6.3,0,58.0,11.6,1010.7,50.0
2020-12-16,STN_INLAND,36.7,-119.8,11.5,0,52.6,18.0,1008.4,30.0
2020-12-16,STN_COASTAL,32.7,-117.2,8.5,0.2,96.4,0,1009.0,32.0
2020-12-17,STN_NORTH,48.0,-122.3,1.3,0,58.5,15.4,1018.3,50.0
2020-12-17,STN_CENTRAL,37.8,-122.4,3.5,0,54.2,9.7,1009.3,56.0
2020-12-17,STN_SOUTH,34.0,-118.2,8.1,2.4,65.8,10.8,1012.8,48.0
2020-12-17,STN_INLAND,36.7,-119.8,5.0,3.1,68.7,3.4,1014.0,66.0
2020-12-17,STN_COASTAL,32.7,-117.2,9.7,1.7,69.7,15.9,997.7,68.0
2020-12-18,STN_NORTH,48.0,-122.3,-2.4,4.9,81.3,14.9,1014.5,48.0
2020-12-18,STN_CENTRAL,37.8,-122.4,0.2,3.2,71.7,0,1014.1,65.0
2020-12-18,STN_SOUTH,34.0,-118.2,5.5,0,62.7,17.8,1011.6,31.0
2020-12-18,STN_INLAND,36.7,-119.8,4.6,5.6,80.6,3.1,1021.2,48.0
2020-12-18,STN_COASTAL,32.7,-117.2,1.4,3.1,85.4,15.9,1008.5,59.0
2020-12-19,STN_NORTH,48.0,-122.3,-3.5,0,82.9,17.0,1014.9,41.0
2020-12-19,STN_CENTRAL,37.8,-122.4,3.6,4.9,87.5,19.5,1010.1,52.0
2020-12-19,STN_SOUTH,34.0,-118.2,13.9,0,64.8,11.7,1006.0,21.0
2020-12-19,STN_INLAND,36.7,-119.8,2.2,1.4,79.5,14.2,1010.6,73.0
2020-12-19,STN_COASTAL,32.7,-117.2,7.6,0,52.0,9.3,1010.6,52.0
2020-12-20,STN_NORTH,48.0,-122.3,1.1,8.4,85.3,11.0,1007.6,65.0
2020-12-20,STN_CENTRAL,37.8,-122.4,6.6,3.8,69.5,0,1009.2,77.0
2020-12-20,STN_SOUTH,34.0,-118.2,5.8,0,51.5,8.8,1007.4,2.0
2020-12-20,STN_INLAND,36.7,-119.8,5.0,0.0,61.4,7.1,1011.2,69.0
2020-12-20,STN_COASTAL,32.7,-117.2,7.9,0,89.4,3.9,1012.2,27.0
2020-12-21,STN_NORTH,48.0,-122.3,-4.4,0,56.5,31.4,1021.9,38.0
2020-12-21,STN_CENTRAL,37.8,-122.4,2.9,1.5,84.3,14.6,1015.4,52.0
2020-12-21,STN_SOUTH,34.0,-118.2,8.2,0,66.5,14.0,1011.8,17.0
2020-12-21,STN_INLAND,36.7,-119.8,11.1,0,54.9,16.0,1011.4,51.0
2020-12-21,STN_COASTAL,32.7,-117.2,1.8,0,58.5,13.8,1012.7,40.0
2020-12-22,STN_NORTH,48.0,-122.3,0.4,6.4,85.5,10.5,1008.4,84.0
2020-12-22,STN_CENTRAL,37.8,-122.4,1.6,6.8,79.1,17.5,1013.5,65.0
2020-12-22,STN_SOUTH,34.0,-118.2,8.5,0,71.2,19.4,1004.5,35.0
2020-12-22,STN_INLAND,36.7,-119.8,11.2,0,73.0,0.3,1016.2,46.0
2020-12-22,STN_COASTAL,32.7,-117.2,7.0,0,73.9,10.7,1014.9,39.0
2020-12-23,STN_NORTH,48.0,-122.3,-3.7,6.9,57.6,12.3,1008.4,10.0
2020-12-23,STN_CENTRAL,37.8,-122.4,1.1,4.1,94.5,12.9,1003.0,82.0
2020-12-23,STN_SOUTH,34.0,-118.2,16.9,0,64.6,15.8,1011.3,48.0
2020-12-23,STN_INLAND,36.7,-119.8,5.5,0,67.6,4.8,1010.0,40.0
2020-12-23,STN_COASTAL,32.7,-117.2,0.7,0.1,65.7,21.3,1008.2,69.0
2020-12-24,STN_NORTH,48.0,-122.3,2.2,7.9,73.5,21.9,1011.1,52.0
2020-12-24,STN_CENTRAL,37.8,-122.4,6.2,0,67.0,9.8,1010.0,34.0
2020-12-24,STN_SOUTH,34.0,-118.2,13.6,0,76.6,10.9,1006.5,38.0
2020-12-24,STN_INLAND,36.7,-119.8,10.1,0,84.3,5.4,1006.7,65.0
2020-12-24,STN_COASTAL,32.7,-117.2,9.3,0,71.4,4.1,1016.4,60.0
2020-12-25,STN_NORTH,48.0,-122.3,-0.2,5.4,54.2,17.6,1008.5,44.0
2020-12-25,STN_CENTRAL,37.8,-122.4,1.4,0,75.1,17.3,1008.6,18.0
2020-12-25,STN_SOUTH,34.0,-118.2,0.6,0,75.0,2.6,1014.9,50.0
2020-12-25,STN_INLAND,36.7,-119.8,7.8,0,60.7,16.2,1006.1,66.0
2020-12-25,STN_COASTAL,32.7,-117.2,2.7,0,75.3,10.2,1019.6,34.0
2020-12-26,STN_NORTH,48.0,-122.3,3.5,5.3,60.6,6.0,1021.4,76.0
2020-12-26,STN_CENTRAL,37.8,-122.4,5.1,2.1,67.1,9.8,1008.9,37.0
2020-12-26,STN_SOUTH,34.0,-118.2,7.3,1.5,68.1,18.2,1015.1,79.0
2020-12-26,STN_INLAND,36.7,-119.8,4.3,0,50.9,17.6,1020.2,34.0
2020-12-26,STN_COASTAL,32.7,-117.2,6.2,0,42.2,17.6,1014.5,49.0
2020-12-27,STN_NORTH,48.0,-122.3,-3.2,7.3,60.9,12.5,1009.3,81.0
2020-12-27,STN_CENTRAL,37.8,-122.4,6.1,2.3,73.5,15.6,1020.2,68.0
2020-12-27,STN_SOUTH,34.0,-118.2,6.8,0,59.9,12.0,1013.0,49.0
2020-12-27,STN_INLAND,36.7,-119.8,11.7,0,69.9,0.6,1015.6,27.0
2020-12-27,STN_COASTAL,32.7,-117.2,5.5,4.0,70.6,7.4,1017.9,35.0
2020-12-28,STN_NORTH,48.0,-122.3,-2.6,0,68.6,10.0,1021.3,38.0
2020-12-28,STN_CENTRAL,37.8,-122.4,0.7,0,66.0,20.0,1014.6,35.0
2020-12-28,STN_SOUTH,34.0,-118.2,12.1,3.3,82.6,11.7,1014.5,38.0
2020-12-28,STN_INLAND,36.7,-119.8,10.0,0,71.0,9.9,1020.2,51.0
2020-12-28,STN_COASTAL,32.7,-117.2,9.7,2.2,88.0,,1015.9,61.0
2020-12-29,STN_NORTH,48.0,-122.3,-2.2,0,70.1,10.5,1004.7,63.0
2020-12-29,STN_CENTRAL,37.8,-122.4,3.9,0,53.8,11.4,1012.2,26.0
2020-12-29,STN_SOUTH,34.0,-118.2,8.8,0,51.6,11.0,1007.4,14.0
2020-12-29,STN_INLAND,36.7,-119.8,7.7,1.6,66.8,19.3,1014.0,68.0
2020-12-29,STN_COASTAL,32.7,-117.2,9.2,0,69.4,3.3,1013.9,31.0
2020-12-30,STN_NORTH,48.0,-122.3,5.3,3.9,65.6,9.6,1011.3,3.0
2020-12-30,STN_CENTRAL,37.8,-122.4,2.9,2.5,75.7,13.1,1010.3,35.0
2020-12-30,STN_SOUTH,34.0,-118.2,10.0,0.1,75.6,8.0,1010.6,57.0
2020-12-30,STN_INLAND,36.7,-119.8,3.4,0.1,64.3,3.0,1009.1,49.0
2020-12-30,STN_COASTAL,32.7,-117.2,8.0,0,78.9,6.0,1017.5,13.0
2020-12-31,STN_NORTH,48.0,-122.3,3.3,0,59.5,17.1,1008.5,27.0
2020-12-31,STN_CENTRAL,37.8,-122.4,0.3,3.4,69.8,19.1,1007.5,18.0
2020-12-31,STN_SOUTH,34.0,-118.2,13.9,3.9,98.3,25.3,1005.8,73.0
2020-12-31,STN_INLAND,36.7,-119.8,2.8,0,50.5,13.6,1017.7,37.0
2020-12-31,STN_COASTAL,32.7,-117.2,7.8,0,71.3,6.5,1015.6,27.0
2021-01-01,STN_NORTH,48.0,-122.3,-2.9,4.1,74.5,15.3,1019.5,36.0
2021-01-01,STN_CENTRAL,37.8,-122.4,0.7,0,74.4,13.7,1010.7,62.0
2021-01-01,STN_SOUTH,34.0,-118.2,6.9,1.0,76.2,15.9,1008.7,46.0
2021-01-01,STN_INLAND,36.7,-119.8,13.8,0.3,65.5,19.5,1014.6,38.0
2021-01-01,STN_COASTAL,32.7,-117.2,8.8,0,58.6,2.4,1015.6,22.0
2021-01-02,STN_NORTH,48.0,-122.3,-8.7,5.9,73.3,1.3,1015.1,69.0
2021-01-02,STN_CENTRAL,37.8,-122.4,-1.5,0,70.6,7.3,1017.3,20.0
2021-01-02,STN_SOUTH,34.0,-118.2,7.7,0,73.0,16.8,1012.8,20.0
2021-01-02,STN_INLAND,36.7,-119.8,2.5,1.4,76.6,19.4,1003.7,31.0
2021-01-02,STN_COASTAL,32.7,-117.2,7.1,0,69.8,14.9,1002.2,51.0
2021-01-03,STN_NORTH,48.0,-122.3,0.9,6.7,75.6,18.4,1014.0,59.0
2021-01-03,STN_CENTRAL,37.8,-122.4,5.3,0,55.6,9.8,1012.9,41.0
2021-01-03,STN_SOUTH,34.0,-118.2,11.0,0.4,85.3,9.9,1017.9,70.0
2021-01-03,STN_INLAND,36.7,-119.8,7.9,0,82.2,16.1,1010.9,25.0
2021-01-03,STN_COASTAL,32.7,-117.2,3.6,0,56.5,16.1,1010.4,57.0
2021-01-04,STN_NORTH,48.0,-122.3,-3.3,0,47.9,16.9,1015.2,17.0
2021-01-04,STN_CENTRAL,37.8,-122.4,6.6,2.4,92.7,1.6,1011.7,85.0
2021-01-04,STN_SOUTH,34.0,-118.2,11.7,1.5,48.7,18.3,1007.4,51.0
2021-01-04,STN_INLAND,36.7,-119.8,-0.2,5.6,80.8,19.1,1007.1,48.0
2021-01-04,STN_COASTAL,32.7,-117.2,15.1,2.1,58.5,8.5,1011.6,69.0
2021-01-05,STN_NORTH,48.0,-122.3,-0.3,0,69.1,,1022.7,24.0
2021-01-05,STN_CENTRAL,37.8,-122.4,4.4,3.5,75.2,3.8,1014.8,63.0
2021-01-05,STN_SOUTH,34.0,-118.2,4.9,0,65.7,13.0,1016.8,61.0
2021-01-05,STN_INLAND,36.7,-119.8,5.9,0,62.5,0.3,1009.1,0
2021-01-05,STN_COASTAL,32.7,-117.2,10.0,0,83.0,5.7,1015.5,32.0
2021-01-06,STN_NORTH,48.0,-122.3,2.4,,46.4,17.7,999.9,14.0
2021-01-06,STN_CENTRAL,37.8,-122.4,1.9,0,50.5,22.5,1013.9,48.0
2021-01-06,STN_SOUTH,34.0,-118.2,13.2,2.4,72.6,7.7,1020.3,72.0
2021-01-06,STN_INLAND,36.7,-119.8,10.2,0,74.4,9.7,1012.4,30.0
2021-01-06,STN_COASTAL,32.7,-117.2,2.7,0,73.9,11.2,1020.1,22.0
2021-01-07,STN_NORTH,48.0,-122.3,-4.5,0.2,74.7,16.7,1011.6,36.0
2021-01-07,STN_CENTRAL,37.8,-122.4,5.2,0.6,81.2,10.6,1010.6,66.0
2021-01-07,STN_SOUTH,34.0,-118.2,9.3,0.3,48.2,7.4,1020.0,92.0
2021-01-07,STN_INLAND,36.7,-119.8,8.6,0,87.4,0,1015.8,25.0
2021-01-07,STN_COASTAL,32.7,-117.2,4.3,0,57.9,14.2,1018.2,20.0
2021-01-08,STN_NORTH,48.0,-122.3,2.1,0,57.4,13.5,1014.8,44.0
2021-01-08,STN_CENTRAL,37.8,-122.4,5.2,0,67.9,6.0,1010.1,51.0
2021-01-08,STN_SOUTH,34.0,-118.2,4.7,0,58.1,12.3,1010.8,16.0
2021-01-08,STN_INLAND,36.7,-119.8,-0.2,0,71.3,19.3,1009.6,27.0
2021-01-08,STN_COASTAL,32.7,-117.2,5.8,0,63.1,17.9,1007.4,44.0
2021-01-09,STN_NORTH,48.0,-122.3,-3.3,8.7,73.1,18.8,1003.5,73.0
2021-01-09,STN_CENTRAL,37.8,-122.4,4.4,1.5,76.4,12.1,1015.2,74.0
2021-01-09,STN_SOUTH,34.0,-118.2,9.1,0,78.3,,1012.7,16.0
2021-01-09,STN_INLAND,36.7,-119.8,13.5,0.9,70.2,8.1,1012.5,39.0
2021-01-09,STN_COASTAL,32.7,-117.2,7.3,,54.1,6.4,1005.7,57.0
2021-01-10,STN_NORTH,48.0,-122.3,-1.6,3.4,74.3,9.8,1008.6,53.0
2021-01-10,STN_CENTRAL,37.8,-122.4,6.9,0,72.9,2.8,1011.9,61.0
2021-01-10,STN_SOUTH,34.0,-118.2,7.1,1.5,73.4,15.4,1017.6,28.0
2021-01-10,STN_INLAND,36.7,-119.8,5.6,0.1,73.1,11.1,1018.8,67.0
2021-01-10,STN_COASTAL,32.7,-117.2,6.1,0,68.2,10.4,1013.3,24.0
2021-01-11,STN_NORTH,48.0,-122.3,0.5,0,61.2,9.8,1013.5,61.0
2021-01-11,STN_CENTRAL,37.8,-122.4,4.7,0,58.3,18.7,1014.1,45.0
2021-01-11,STN_SOUTH,34.0,-118.2,7.5,0,59.7,8.8,1020.0,52.0
2021-01-11,STN_INLAND,36.7,-119.8,2.5,0.5,88.5,12.5,1006.4,70.0
2021-01-11,STN_COASTAL,32.7,-117.2,9.4,0,93.3,9.7,1014.2,21.0
2021-01-12,STN_NORTH,48.0,-122.3,1.3,2.5,100,17.9,1007.4,71.0
2021-01-12,STN_CENTRAL,37.8,-122.4,6.7,0,65.5,13.7,1013.2,46.0
2021-01-12,STN_SOUTH,34.0,-118.2,7.2,0.1,54.3,8.9,1011.3,65.0
2021-01-12,STN_INLAND,36.7,-119.8,1.8,0,60.7,18.8,1013.2,66.0
2021-01-12,STN_COASTAL,32.7,-117.2,7.7,0,78.4,17.4,1014.4,53.0
2021-01-13,STN_NORTH,48.0,-122.3,-1.0,0,57.6,22.9,1010.9,48.0
2021-01-13,STN_CENTRAL,37.8,-122.4,12.0,2.0,82.2,20.6,1021.7,66.0
2021-01-13,STN_SOUTH,34.0,-118.2,7.3,0,63.0,11.1,1006.4,33.0
2021-01-13,STN_INLAND,36.7,-119.8,12.1,0,69.1,16.1,1011.4,59.0
2021-01-13,STN_COASTAL,32.7,-117.2,2.6,0,42.2,22.6,1006.7,38.0
2021-01-14,STN_NORTH,48.0,-122.3,-5.0,0,72.3,21.2,1014.1,25.0
2021-01-14,STN_CENTRAL,37.8,-122.4,5.6,2.0,53.4,5.1,1007.1,46.0
2021-01-14,STN_SOUTH,34.0,-118.2,12.0,0,66.6,7.9,1016.6,54.0
2021-01-14,STN_INLAND,36.7,-119.8,3.9,0.3,66.3,3.5,1019.5,69.0
2021-01-14,STN_COASTAL,32.7,-117.2,6.9,0,47.3,15.8,1015.8,36.0
2021-01-15,STN_NORTH,48.0,-122.3,-1.5,5.5,75.2,14.0,1007.6,77.0
2021-01-15,STN_CENTRAL,37.8,-122.4,7.3,3.5,51.7,3.9,1015.4,36.0
2021-01-15,STN_SOUTH,34.0,-118.2,2.4,0,68.1,7.8,1013.6,41.0
2021-01-15,STN_INLAND,36.7,-119.8,2.2,0,68.9,12.7,1013.9,76.0
2021-01-15,STN_COASTAL,32.7,-117.2,7.5,2.7,56.5,9.0,1012.3,46.0
2021-01-16,STN_NORTH,48.0,-122.3,3.7,7.5,90.3,10.0,1014.4,50.0
2021-01-16,STN_CENTRAL,37.8,-122.4,5.2,1.1,86.4,8.4,1014.7,34.0
2021-01-16,STN_SOUTH,34.0,-118.2,3.8,0,62.6,8.7,1006.2,54.0
2021-01-16,STN_INLAND,36.7,-119.8,11.0,0,70.8,6.5,1025.6,19.0
2021-01-16,STN_COASTAL,32.7,-117.2,8.0,2.1,84.6,17.7,1010.9,60.0
2021-01-17,STN_NORTH,48.0,-122.3,0.9,0,74.5,11.4,1021.1,69.0
2021-01-17,STN_CENTRAL,37.8,-122.4,6.6,2.5,63.9,8.9,1024.7,37.0
2021-01-17,STN_SOUTH,34.0,-118.2,11.2,0,55.0,6.0,1017.5,38.0
2021-01-17,STN_INLAND,36.7,-119.8,5.7,2.7,76.1,13.9,1011.1,55.0
2021-01-17,STN_COASTAL,32.7,-117.2,4.1,0.7,70.6,12.9,1019.3,55.0
2021-01-18,STN_NORTH,48.0,-122.3,-0.6,0,57.3,9.5,1008.7,27.0
2021-01-18,STN_CENTRAL,37.8,-122.4,8.0,3.4,58.5,14.0,1006.8,95.0
2021-01-18,STN_SOUTH,34.0,-118.2,7.5,0,45.0,12.9,1014.3,38.0
2021-01-18,STN_INLAND,36.7,-119.8,6.5,0,51.5,18.9,1002.6,60.0
2021-01-18,STN_COASTAL,32.7,-117.2,6.9,2.7,70.8,5.3,1002.6,64.0
2021-01-19,STN_NORTH,48.0,-122.3,1.2,2.3,45.4,16.2,1011.5,41.0
2021-01-19,STN_CENTRAL,37.8,-122.4,3.5,1.2,77.9,14.7,1016.0,72.0
2021-01-19,STN_SOUTH,34.0,-118.2,9.4,0,72.0,21.6,1010.9,51.0
2021-01-19,STN_INLAND,36.7,-119.8,9.1,0,51.3,13.6,1013.9,50.0
2021-01-19,STN_COASTAL,32.7,-117.2,10.0,1.8,42.1,5.3,1017.5,48.0
2021-01-20,STN_NORTH,48.0,-122.3,-4.1,0,48.0,2.7,1012.3,25.0
2021-01-20,STN_CENTRAL,37.8,-122.4,3.3,0,62.8,14.4,1019.7,29.0
2021-01-20,STN_SOUTH,34.0,-118.2,12.4,0,66.7,10.9,1009.4,28.0
2021-01-20,STN_INLAND,36.7,-119.8,7.1,0,86.8,11.3,1015.9,47.0
2021-01-20,STN_COASTAL,32.7,-117.2,11.0,0,72.2,5.5,1006.7,56.0
2021-01-21,STN_NORTH,48.0,-122.3,2.0,0,61.9,9.8,1023.7,14.0
2021-01-21,STN_CENTRAL,37.8,-122.4,3.0,0,63.1,12.4,1008.1,42.0
2021-01-21,STN_SOUTH,34.0,-118.2,10.9,0,74.0,15.0,1012.9,58.0
2021-01-21,STN_INLAND,36.7,-119.8,9.6,2.2,96.7,15.6,1010.6,52.0
2021-01-21,STN_COASTAL,32.7,-117.2,4.5,1.5,60.4,16.1,1015.4,73.0
2021-01-22,STN_NORTH,48.0,-122.3,3.7,0.2,63.4,15.7,1015.2,75.0
2021-01-22,STN_CENTRAL,37.8,-122.4,8.4,0.9,59.7,23.0,1005.9,44.0
2021-01-22,STN_SOUTH,34.0,-118.2,11.6,0,70.0,11.4,1021.4,35.0
2021-01-22,STN_INLAND,36.7,-119.8,1.7,0,93.4,5.3,1017.7,64.0
2021-01-22,STN_COASTAL,32.7,-117.2,8.1,0,45.2,10.8,1005.8,56.0
2021-01-23,STN_NORTH,48.0,-122.3,-1.4,3.8,64.6,23.8,1008.5,54.0
2021-01-23,STN_CENTRAL,37.8,-122.4,7.9,0,56.9,14.6,1008.6,23.0
2021-01-23,STN_SOUTH,34.0,-118.2,10.1,0,82.9,7.7,1018.2,0.0
2021-01-23,STN_INLAND,36.7,-119.8,8.1,3.4,46.3,16.3,1011.9,88.0
2021-01-23,STN_COASTAL,32.7,-117.2,13.6,0,43.6,16.9,1018.8,25.0
2021-01-24,STN_NORTH,48.0,-122.3,0.7,0,71.2,5.1,1018.6,60.0
2021-01-24,STN_CENTRAL,37.8,-122.4,7.0,2.8,78.4,16.1,1010.5,52.0
2021-01-24,STN_SOUTH,34.0,-118.2,13.3,0.6,76.7,12.0,1001.3,18.0
2021-01-24,STN_INLAND,36.7,-119.8,4.8,0,70.2,13.3,1011.8,27.0
2021-01-24,STN_COASTAL,32.7,-117.2,9.8,0,84.4,7.4,1009.1,51.0
2021-01-25,STN_NORTH,48.0,-122.3,-5.1,1.9,77.2,16.4,1010.5,22.0
2021-01-25,STN_CENTRAL,37.8,-122.4,3.6,3.2,59.7,6.7,1013.5,68.0
2021-01-25,STN_SOUTH,34.0,-118.2,7.3,0,46.0,16.4,1012.7,61.0
2021-01-25,STN_INLAND,36.7,-119.8,10.0,3.5,76.7,11.8,1012.5,83.0
2021-01-25,STN_COASTAL,32.7,-117.2,10.8,0.6,74.9,14.0,1014.6,75.0
2021-01-26,STN_NORTH,48.0,-122.3,-1.0,3.3,84.0,21.7,1014.5,69.0
2021-01-26,STN_CENTRAL,37.8,-122.4,4.5,2.2,89.4,11.7,1011.5,38.0
2021-01-26,STN_SOUTH,34.0,-118.2,13.4,0,75.5,12.0,997.4,56.0
2021-01-26,STN_INLAND,36.7,-119.8,10.0,2.3,83.3,17.6,1010.8,59.0
2021-01-26,STN_COASTAL,32.7,-117.2,4.3,,75.4,11.7,1016.5,23.0
2021-01-27,STN_NORTH,48.0,-122.3,-0.0,3.2,70.5,21.8,1016.2,59.0
2021-01-27,STN_CENTRAL,37.8,-122.4,-0.1,0,56.6,8.4,1018.4,48.0
2021-01-27,STN_SOUTH,34.0,-118.2,12.0,4.0,96.6,6.3,1010.5,76.0
2021-01-27,STN_INLAND,36.7,-119.8,13.2,0,66.8,22.8,1010.5,61.0
2021-01-27,STN_COASTAL,32.7,-117.2,2.3,0,66.5,8.7,1012.4,34.0
2021-01-28,STN_NORTH,48.0,-122.3,-4.3,4.6,92.1,11.8,1011.9,89.0
2021-01-28,STN_CENTRAL,37.8,-122.4,9.3,0,76.9,13.6,1013.8,15.0
2021-01-28,STN_SOUTH,34.0,-118.2,11.4,0,59.6,13.6,1008.0,32.0
2021-01-28,STN_INLAND,36.7,-119.8,8.6,0,49.0,10.3,1017.5,36.0
2021-01-28,STN_COASTAL,32.7,-117.2,10.9,0,75.0,12.7,1021.7,50.0
2021-01-29,STN_NORTH,48.0,-122.3,4.1,7.0,54.2,8.7,1011.4,52.0
2021-01-29,STN_CENTRAL,37.8,-122.4,8.0,0,52.2,14.6,1010.9,7.0
2021-01-29,STN_SOUTH,34.0,-118.2,5.7,0,69.5,10.7,1017.5,28.0
2021-01-29,STN_INLAND,36.7,-119.8,5.0,1.9,88.6,19.5,1014.3,72.0
2021-01-29,STN_COASTAL,32.7,-117.2,9.3,0,40.4,1.8,1009.8,53.0
2021-01-30,STN_NORTH,48.0,-122.3,-1.6,1.9,90.6,4.6,1015.6,72.0
2021-01-30,STN_CENTRAL,37.8,-122.4,11.2,0,70.1,14.8,1016.6,36.0
2021-01-30,STN_SOUTH,34.0,-118.2,13.9,2.4,79.8,3.6,1014.3,39.0
2021-01-30,STN_INLAND,36.7,-119.8,11.0,0,59.6,9.5,1006.2,84.0
2021-01-30,STN_COASTAL,32.7,-117.2,9.9,0,68.4,14.1,1018.0,40.0
2021-01-31,STN_NORTH,48.0,-122.3,-0.5,0,68.2,6.8,1008.6,47.0
2021-01-31,STN_CENTRAL,37.8,-122.4,13.6,3.3,57.3,13.1,1003.1,48.0
2021-01-31,STN_SOUTH,34.0,-118.2,10.1,0,46.2,10.3,1010.0,68.0
2021-01-31,STN_INLAND,36.7,-119.8,5.3,2.1,89.7,13.2,1021.5,55.0
2021-01-31,STN_COASTAL,32.7,-117.2,11.9,0,59.9,13.9,1020.6,73.0
2021-02-01,STN_NORTH,48.0,-122.3,0.1,9.9,67.3,17.0,1012.7,64.0
2021-02-01,STN_CENTRAL,37.8,-122.4,4.7,1.4,59.8,20.5,1007.6,61.0
2021-02-01,STN_SOUTH,34.0,-118.2,10.7,0,63.7,8.0,1007.7,61.0
2021-02-01,STN_INLAND,36.7,-119.8,7.9,0,82.8,0.1,1014.9,69.0
2021-02-01,STN_COASTAL,32.7,-117.2,11.4,0.9,76.9,9.1,1006.3,56.0
2021-02-02,STN_NORTH,48.0,-122.3,1.0,0,64.7,15.1,1017.3,33.0
2021-02-02,STN_CENTRAL,37.8,-122.4,5.1,0,72.8,20.0,1017.0,60.0
2021-02-02,STN_SOUTH,34.0,-118.2,10.0,0.7,89.7,6.3,1025.0,65.0
2021-02-02,STN_INLAND,36.7,-119.8,8.2,0,82.8,19.2,1012.9,59.0
2021-02-02,STN_COASTAL,32.7,-117.2,12.8,0,49.2,15.0,1013.6,22.0
2021-02-03,STN_NORTH,48.0,-122.3,-0.4,3.8,76.0,21.1,1000.7,61.0
2021-02-03,STN_CENTRAL,37.8,-122.4,6.4,6.6,99.6,14.8,1012.2,
2021-02-03,STN_SOUTH,34.0,-118.2,9.2,0,56.5,15.3,1003.5,63.0
2021-02-03,STN_INLAND,36.7,-119.8,6.7,0,42.1,6.8,1004.4,48.0
2021-02-03,STN_COASTAL,32.7,-117.2,14.9,0,67.8,5.7,1005.2,61.0
2021-02-04,STN_NORTH,48.0,-122.3,1.3,0,83.8,19.2,1011.0,32.0
2021-02-04,STN_CENTRAL,37.8,-122.4,8.9,0,68.5,11.1,1014.4,52.0
2021-02-04,STN_SOUTH,34.0,-118.2,12.4,0,60.0,21.8,1003.1,
2021-02-04,STN_INLAND,36.7,-119.8,9.9,0.1,90.6,4.5,1010.2,66.0
2021-02-04,STN_COASTAL,32.7,-117.2,9.1,1.1,59.3,14.0,1004.4,58.0
2021-02-05,STN_NORTH,48.0,-122.3,3.3,4.5,73.0,11.8,1005.5,45.0
2021-02-05,STN_CENTRAL,37.8,-122.4,6.5,0,52.5,,1009.5,43.0
2021-02-05,STN_SOUTH,34.0,-118.2,8.7,0,46.6,12.1,1006.0,50.0
2021-02-05,STN_INLAND,36.7,-119.8,8.2,3.1,74.4,4.5,1015.6,65.0
2021-02-05,STN_COASTAL,32.7,-117.2,13.7,3.4,50.7,8.3,1005.8,19.0
2021-02-06,STN_NORTH,48.0,-122.3,3.9,2.0,65.2,11.1,1014.3,70.0
2021-02-06,STN_CENTRAL,37.8,-122.4,11.2,3.4,57.5,7.2,1014.5,89.0
2021-02-06,STN_SOUTH,34.0,-118.2,8.1,1.5,74.5,18.2,1013.7,60.0
2021-02-06,STN_INLAND,36.7,-119.8,9.0,1.6,76.5,11.9,1019.6,37.0
2021-02-06,STN_COASTAL,32.7,-117.2,8.0,0.5,98.5,19.2,1021.8,73.0
2021-02-07,STN_NORTH,48.0,-122.3,3.0,8.6,51.5,15.7,1011.0,62.0
2021-02-07,STN_CENTRAL,37.8,-122.4,10.5,0,88.4,9.1,1014.9,32.0
2021-02-07,STN_SOUTH,34.0,-118.2,10.8,0.7,57.9,4.1,1004.5,66.0
2021-02-07,STN_INLAND,36.7,-119.8,11.9,0,79.9,13.3,1009.4,71.0
2021-02-07,STN_COASTAL,32.7,-117.2,15.3,0,50.5,13.7,1016.3,47.0
2021-02-08,STN_NORTH,48.0,-122.3,-1.6,7.2,80.8,14.9,1006.9,76.0
2021-02-08,STN_CENTRAL,37.8,-122.4,4.2,0.1,70.1,13.0,1007.8,63.0
2021-02-08,STN_SOUTH,34.0,-118.2,6.7,0,66.7,6.0,1014.0,40.0
2021-02-08,STN_INLAND,36.7,-119.8,10.0,0.1,62.9,11.6,1015.2,66.0
2021-02-08,STN_COASTAL,32.7,-117.2,7.0,0,69.4,2.1,1012.8,36.0
2021-02-09,STN_NORTH,48.0,-122.3,1.3,4.8,64.2,13.5,1014.2,66.0
2021-02-09,STN_CENTRAL,37.8,-122.4,9.9,2.4,60.1,0,1010.6,43.0
2021-02-09,STN_SOUTH,34.0,-118.2,14.6,0,40.7,12.8,1013.3,65.0
2021-02-09,STN_INLAND,36.7,-119.8,13.1,1.8,98.2,9.7,1006.3,21.0
2021-02-09,STN_COASTAL,32.7,-117.2,12.0,0,65.4,14.7,1012.4,18.0
2021-02-10,STN_NORTH,48.0,-122.3,1.4,0,85.2,5.8,1008.4,1.0
2021-02-10,STN_CENTRAL,37.8,-122.4,6.6,1.5,85.0,19.4,1014.3,63.0
2021-02-10,STN_SOUTH,34.0,-118.2,15.4,1.4,61.6,8.8,1006.8,86.0
2021-02-10,STN_INLAND,36.7,-119.8,6.9,0,61.2,12.1,1014.8,44.0
2021-02-10,STN_COASTAL,32.7,-117.2,5.6,0,50.9,12.9,1007.5,43.0
2021-02-11,STN_NORTH,48.0,-122.3,0.1,4.8,74.5,7.5,1012.7,77.0
2021-02-11,STN_CENTRAL,37.8,-122.4,14.1,0.3,74.8,7.5,1014.2,95.0
2021-02-11,STN_SOUTH,34.0,-118.2,9.5,1.8,74.2,18.3,1019.5,78.0
2021-02-11,STN_INLAND,36.7,-119.8,9.2,1.1,62.2,1.2,1009.2,44.0
2021-02-11,STN_COASTAL,32.7,-117.2,15.3,0.4,54.7,7.1,1011.9,31.0
2021-02-12,STN_NORTH,48.0,-122.3,1.3,4.8,51.2,10.3,1018.2,31.0
2021-02-12,STN_CENTRAL,37.8,-122.4,5.7,4.8,69.6,2.6,1010.6,84.0
2021-02-12,STN_SOUTH,34.0,-118.2,11.7,0,64.9,9.0,1014.9,19.0
2021-02-12,STN_INLAND,36.7,-119.8,16.1,0,58.7,13.2,1001.3,37.0
2021-02-12,STN_COASTAL,32.7,-117.2,16.2,0,81.8,16.5,1010.7,14.0
2021-02-13,STN_NORTH,48.0,-122.3,5.5,3.8,73.0,4.6,1010.2,67.0
2021-02-13,STN_CENTRAL,37.8,-122.4,9.1,0,60.9,4.8,1000.0,7.0
2021-02-13,STN_SOUTH,34.0,-118.2,11.0,1.3,77.4,14.0,1016.3,51.0
2021-02-13,STN_INLAND,36.7,-119.8,11.0,0,73.3,10.7,1012.1,37.0
2021-02-13,STN_COASTAL,32.7,-117.2,8.9,1.3,83.1,7.2,1015.9,49.0
2021-02-14,STN_NORTH,48.0,-122.3,7.0,2.6,80.4,23.2,1010.9,78.0
2021-02-14,STN_CENTRAL,37.8,-122.4,8.7,0,58.0,13.3,1010.5,15.0
2021-02-14,STN_SOUTH,34.0,-118.2,9.9,2.0,59.3,18.0,1007.6,41.0
2021-02-14,STN_INLAND,36.7,-119.8,7.6,0,68.6,0.1,1000.2,54.0
2021-02-14,STN_COASTAL,32.7,-117.2,14.4,0,53.9,15.3,1010.7,57.0
2021-02-15,STN_NORTH,48.0,-122.3,4.0,0,85.0,10.1,1019.3,25.0
2021-02-15,STN_CENTRAL,37.8,-122.4,9.6,0,61.5,7.6,1006.9,
2021-02-15,STN_SOUTH,34.0,-118.2,12.1,0,55.6,14.4,1019.9,42.0
2021-02-15,STN_INLAND,36.7,-119.8,8.1,1.2,81.6,11.4,1003.3,44.0
2021-02-15,STN_COASTAL,32.7,-117.2,11.1,0,73.1,4.5,1012.2,68.0
2021-02-16,STN_NORTH,48.0,-122.3,7.5,0,73.4,11.5,1013.5,66.0
2021-02-16,STN_CENTRAL,37.8,-122.4,11.8,0,73.6,6.4,1006.3,43.0
2021-02-16,STN_SOUTH,34.0,-118.2,18.0,0,69.6,3.7,1012.3,60.0
2021-02-16,STN_INLAND,36.7,-119.8,16.1,0.9,66.4,0,1006.4,31.0
2021-02-16,STN_COASTAL,32.7,-117.2,15.2,0,71.6,11.2,1013.5,19.0
2021-02-17,STN_NORTH,48.0,-122.3,8.0,7.0,79.7,12.4,1008.5,85.0
2021-02-17,STN_CENTRAL,37.8,-122.4,7.8,4.2,75.4,16.2,1010.2,71.0
2021-02-17,STN_SOUTH,34.0,-118.2,7.1,0,57.3,16.8,1010.6,87.0
2021-02-17,STN_INLAND,36.7,-119.8,13.4,0,71.3,9.8,1009.5,65.0
2021-02-17,STN_COASTAL,32.7,-117.2,14.2,0,39.8,23.0,1013.8,17.0
2021-02-18,STN_NORTH,48.0,-122.3,5.5,0,66.3,23.4,1018.5,44.0
2021-02-18,STN_CENTRAL,37.8,-122.4,9.5,2.5,35.8,2.6,1009.5,41.0
2021-02-18,STN_SOUTH,34.0,-118.2,11.2,2.3,58.0,15.7,1008.4,76.0
2021-02-18,STN_INLAND,36.7,-119.8,11.3,,55.3,15.5,1007.9,24.0
2021-02-18,STN_COASTAL,32.7,-117.2,9.3,0,49.2,16.8,1003.6,41.0
2021-02-19,STN_NORTH,48.0,-122.3,8.0,7.1,64.2,19.4,1006.2,77.0
2021-02-19,STN_CENTRAL,37.8,-122.4,9.3,1.2,75.9,7.3,1015.6,74.0
2021-02-19,STN_SOUTH,34.0,-118.2,19.5,2.7,78.6,18.6,1007.5,85.0
2021-02-19,STN_INLAND,36.7,-119.8,11.1,2.9,66.1,17.7,1019.9,63.0
2021-02-19,STN_COASTAL,32.7,-117.2,11.4,0,59.1,13.2,1010.5,59.0
2021-02-20,STN_NORTH,48.0,-122.3,0.6,0,56.4,11.6,1016.0,44.0
2021-02-20,STN_CENTRAL,37.8,-122.4,10.8,2.9,58.6,14.5,1012.0,67.0
2021-02-20,STN_SOUTH,34.0,-118.2,15.2,0,63.0,0,1011.2,9.0
2021-02-20,STN_INLAND,36.7,-119.8,14.7,0,81.1,24.4,1007.2,27.0
2021-02-20,STN_COASTAL,32.7,-117.2,10.7,0,73.0,16.7,1018.1,71.0
2021-02-21,STN_NORTH,48.0,-122.3,-2.0,0,69.8,2.2,1009.9,36.0
2021-02-21,STN_CENTRAL,37.8,-122.4,7.0,0,44.5,6.8,1005.9,57.0
2021-02-21,STN_SOUTH,34.0,-118.2,12.1,0.2,69.2,0.5,1020.7,63.0
2021-02-21,STN_INLAND,36.7,-119.8,7.5,0.4,74.1,10.2,1016.2,52.0
2021-02-21,STN_COASTAL,32.7,-117.2,11.2,2.1,62.9,9.1,1006.6,74.0
2021-02-22,STN_NORTH,48.0,-122.3,0.5,1.2,66.1,16.7,1006.7,
2021-02-22,STN_CENTRAL,37.8,-122.4,10.4,4.3,73.1,10.5,1014.2,50.0
2021-02-22,STN_SOUTH,34.0,-118.2,12.7,0.4,54.1,11.0,1011.2,74.0
2021-02-22,STN_INLAND,36.7,-119.8,4.6,0,71.2,11.1,1016.8,46.0
2021-02-22,STN_COASTAL,32.7,-117.2,10.5,3.1,58.5,8.7,1012.2,55.0
2021-02-23,STN_NORTH,48.0,-122.3,2.4,0,53.4,13.7,1010.5,63.0
2021-02-23,STN_CENTRAL,37.8,-122.4,13.0,,68.3,18.6,1010.1,40.0
2021-02-23,STN_SOUTH,34.0,-118.2,11.3,0,58.4,15.2,1024.9,15.0
2021-02-23,STN_INLAND,36.7,-119.8,9.3,3.3,79.1,14.3,1005.7,68.0
2021-02-23,STN_COASTAL,32.7,-117.2,15.7,0,62.9,20.4,1007.3,43.0
2021-02-24,STN_NORTH,48.0,-122.3,0.1,0,69.4,13.9,1005.0,14.0
2021-02-24,STN_CENTRAL,37.8,-122.4,8.9,0.9,61.0,13.1,1022.3,98.0
2021-02-24,STN_SOUTH,34.0,-118.2,10.4,3.7,72.3,22.3,1014.5,9.0
2021-02-24,STN_INLAND,36.7,-119.8,10.0,0,60.6,7.8,1012.4,52.0
2021-02-24,STN_COASTAL,32.7,-117.2,12.3,0,67.4,10.5,1007.1,63.0
2021-02-25,STN_NORTH,48.0,-122.3,3.2,4.6,62.5,9.5,1008.4,87.0
2021-02-25,STN_CENTRAL,37.8,-122.4,8.9,0,69.1,5.9,1004.4,39.0
2021-02-25,STN_SOUTH,34.0,-118.2,16.4,0.6,76.0,5.7,1014.2,78.0
2021-02-25,STN_INLAND,36.7,-119.8,10.7,0,53.7,12.8,1014.6,24.0
2021-02-25,STN_COASTAL,32.7,-117.2,9.5,1.0,46.8,15.1,1009.7,90.0
2021-02-26,STN_NORTH,48.0,-122.3,4.6,0,67.2,0.5,1015.1,43.0
2021-02-26,STN_CENTRAL,37.8,-122.4,13.1,0,42.6,10.7,1022.4,45.0
2021-02-26,STN_SOUTH,34.0,-118.2,12.8,0.2,82.5,6.1,1013.1,50.0
2021-02-26,STN_INLAND,36.7,-119.8,13.5,0,74.1,11.0,1012.3,39.0
2021-02-26,STN_COASTAL,32.7,-117.2,12.9,0,82.4,13.4,1008.8,25.0
2021-02-27,STN_NORTH,48.0,-122.3,9.4,0.1,92.1,6.1,1014.2,64.0
2021-02-27,STN_CENTRAL,37.8,-122.4,7.9,2.2,72.8,14.9,1010.1,63.0
2021-02-27,STN_SOUTH,34.0,-118.2,14.5,1.5,71.8,6.4,1007.3,56.0
2021-02-27,STN_INLAND,36.7,-119.8,10.4,2.3,45.7,15.2,1009.6,33.0
2021-02-27,STN_COASTAL,32.7,-117.2,11.9,0.3,65.6,1.2,997.3,77.0
2021-02-28,STN_NORTH,48.0,-122.3,3.6,0,57.6,10.1,1017.8,82.0
2021-02-28,STN_CENTRAL,37.8,-122.4,7.4,0,64.5,12.7,1016.0,51.0
2021-02-28,STN_SOUTH,34.0,-118.2,13.5,1.6,77.1,16.4,1017.8,78.0
2021-02-28,STN_INLAND,36.7,-119.8,17.8,0.8,60.6,33.6,1011.4,60.0
2021-02-28,STN_COASTAL,32.7,-117.2,12.6,3.9,65.2,7.3,1018.5,45.0
2021-03-01,STN_NORTH,48.0,-122.3,9.2,4.4,89.0,12.4,1006.8,61.0
2021-03-01,STN_CENTRAL,37.8,-122.4,13.0,1.5,66.1,9.6,1013.0,81.0
2021-03-01,STN_SOUTH,34.0,-118.2,16.4,0,55.3,14.9,1009.3,32.0
2021-03-01,STN_INLAND,36.7,-119.8,17.1,1.6,62.1,8.2,1011.0,64.0
2021-03-01,STN_COASTAL,32.7,-117.2,14.2,0,76.5,5.8,1016.5,24.0
2021-03-02,STN_NORTH,48.0,-122.3,0.6,0,63.9,11.1,1013.7,15.0
2021-03-02,STN_CENTRAL,37.8,-122.4,9.1,0.8,94.1,9.3,1015.1,45.0
2021-03-02,STN_SOUTH,34.0,-118.2,17.5,3.8,70.3,10.6,1020.3,57.0
2021-03-02,STN_INLAND,36.7,-119.8,8.6,0,54.0,4.4,1013.3,44.0
2021-03-02,STN_COASTAL,32.7,-117.2,16.2,0,50.9,11.3,1012.6,50.0
2021-03-03,STN_NORTH,48.0,-122.3,9.5,2.5,63.4,18.1,1016.5,50.0
2021-03-03,STN_CENTRAL,37.8,-122.4,9.2,0.7,61.7,11.7,1015.5,54.0
2021-03-03,STN_SOUTH,34.0,-118.2,16.1,0.2,66.5,10.9,1017.4,39.0
2021-03-03,STN_INLAND,36.7,-119.8,14.6,0.8,80.8,17.3,1022.0,62.0
2021-03-03,STN_COASTAL,32.7,-117.2,15.1,2.1,75.8,13.5,1007.1,82.0
2021-03-04,STN_NORTH,48.0,-122.3,3.8,2.7,75.1,15.4,1011.6,56.0
2021-03-04,STN_CENTRAL,37.8,-122.4,13.8,0,63.2,10.7,1014.4,36.0
2021-03-04,STN_SOUTH,34.0,-118.2,14.4,0,69.3,14.0,1014.4,54.0
2021-03-04,STN_INLAND,36.7,-119.8,17.5,0,60.0,15.7,1016.5,46.0
2021-03-04,STN_COASTAL,32.7,-117.2,14.0,0,75.7,3.5,1001.2,41.0
2021-03-05,STN_NORTH,48.0,-122.3,1.9,7.3,91.2,9.9,1000.0,68.0
2021-03-05,STN_CENTRAL,37.8,-122.4,8.8,3.1,65.5,3.8,1010.8,63.0
2021-03-05,STN_SOUTH,34.0,-118.2,13.6,0,62.3,20.7,1014.3,69.0
2021-03-05,STN_INLAND,36.7,-119.8,11.9,1.1,72.8,6.3,1022.8,56.0
2021-03-05,STN_COASTAL,32.7,-117.2,13.4,0,62.7,6.5,1012.8,52.0
2021-03-06,STN_NORTH,48.0,-122.3,6.2,0,85.7,14.9,1024.0,43.0
2021-03-06,STN_CENTRAL,37.8,-122.4,14.6,0,63.2,6.8,1004.3,53.0
2021-03-06,STN_SOUTH,34.0,-118.2,13.2,1.8,60.9,20.1,1009.2,41.0
2021-03-06,STN_INLAND,36.7,-119.8,15.3,3.7,54.9,19.7,1013.6,83.0
2021-03-06,STN_COASTAL,32.7,-117.2,13.5,4.3,55.3,4.4,1008.1,57.0
2021-03-07,STN_NORTH,48.0,-122.3,7.8,3.6,73.9,7.7,1008.8,35.0
2021-03-07,STN_CENTRAL,37.8,-122.4,12.6,0.6,75.2,8.2,1026.3,35.0
2021-03-07,STN_SOUTH,34.0,-118.2,14.8,0,81.6,15.4,1011.1,29.0
2021-03-07,STN_INLAND,36.7,-119.8,12.6,0,70.8,16.2,1007.2,50.0
2021-03-07,STN_COASTAL,32.7,-117.2,21.2,0,59.9,12.0,1010.1,37.0
2021-03-08,STN_NORTH,48.0,-122.3,5.1,0,59.7,8.2,1015.0,41.0
2021-03-08,STN_CENTRAL,37.8,-122.4,16.5,4.9,75.3,8.7,1007.5,79.0
2021-03-08,STN_SOUTH,34.0,-118.2,17.6,0,60.0,6.8,1011.4,28.0
2021-03-08,STN_INLAND,36.7,-119.8,12.2,0,84.6,1.5,1019.5,49.0
2021-03-08,STN_COASTAL,32.7,-117.2,9.9,0,56.0,4.6,1006.2,60.0
2021-03-09,STN_NORTH,48.0,-122.3,-1.5,4.6,71.7,8.9,1014.1,27.0
2021-03-09,STN_CENTRAL,37.8,-122.4,11.3,2.4,72.4,7.6,1003.1,84.0
2021-03-09,STN_SOUTH,34.0,-118.2,14.3,0,52.9,15.8,1010.4,19.0
2021-03-09,STN_INLAND,36.7,-119.8,10.6,0,52.1,9.1,1009.7,6.0
2021-03-09,STN_COASTAL,32.7,-117.2,12.8,1.5,61.2,12.0,1002.9,43.0
2021-03-10,STN_NORTH,48.0,-122.3,2.8,1.8,62.3,8.2,1005.6,100
2021-03-10,STN_CENTRAL,37.8,-122.4,13.2,0,49.7,17.2,1009.7,38.0
2021-03-10,STN_SOUTH,34.0,-118.2,15.8,0,64.0,18.6,1006.7,42.0
2021-03-10,STN_INLAND,36.7,-119.8,17.5,1.2,57.0,15.3,1015.0,48.0
2021-03-10,STN_COASTAL,32.7,-117.2,14.4,0,36.7,16.9,1013.5,36.0
2021-03-11,STN_NORTH,48.0,-122.3,10.4,1.8,54.8,8.8,1002.6,58.0
2021-03-11,STN_CENTRAL,37.8,-122.4,12.7,0,59.5,0,1017.6,38.0
2021-03-11,STN_SOUTH,34.0,-118.2,13.6,0,59.3,18.8,1012.7,46.0
2021-03-11,STN_INLAND,36.7,-119.8,8.0,0,56.7,16.3,1009.9,30.0
2021-03-11,STN_COASTAL,32.7,-117.2,18.0,0,63.1,18.4,1007.2,22.0
2021-03-12,STN_NORTH,48.0,-122.3,2.5,0,74.8,5.7,1012.2,26.0
2021-03-12,STN_CENTRAL,37.8,-122.4,15.5,1.3,74.9,10.8,1006.8,43.0
2021-03-12,STN_SOUTH,34.0,-118.2,19.3,0,65.7,16.3,1003.9,44.0
2021-03-12,STN_INLAND,36.7,-119.8,13.0,4.6,63.0,8.1,1004.0,53.0
2021-03-12,STN_COASTAL,32.7,-117.2,21.8,0,51.9,1.7,1016.1,27.0
2021-03-13,STN_NORTH,48.0,-122.3,0.9,0,58.2,9.3,1004.1,0
2021-03-13,STN_CENTRAL,37.8,-122.4,13.6,3.4,56.6,21.1,1006.0,73.0
2021-03-13,STN_SOUTH,34.0,-118.2,17.4,0.4,87.4,5.5,1022.0,70.0
2021-03-13,STN_INLAND,36.7,-119.8,8.9,0,42.2,9.2,1011.4,19.0
2021-03-13,STN_COASTAL,32.7,-117.2,19.7,0,73.2,10.3,1023.6,33.0
2021-03-14,STN_NORTH,48.0,-122.3,4.8,4.2,63.4,4.1,1014.5,85.0
2021-03-14,STN_CENTRAL,37.8,-122.4,12.4,3.0,60.8,3.6,1012.0,29.0
2021-03-14,STN_SOUTH,34.0,-118.2,15.3,3.9,68.4,12.5,1005.7,45.0
2021-03-14,STN_INLAND,36.7,-119.8,14.0,1.2,60.5,4.3,1014.1,66.0
2021-03-14,STN_COASTAL,32.7,-117.2,17.5,1.6,55.7,8.1,1011.1,45.0
2021-03-15,STN_NORTH,48.0,-122.3,4.5,0,51.3,13.2,1008.6,0
2021-03-15,STN_CENTRAL,37.8,-122.4,11.3,0,49.1,14.5,1018.9,44.0
2021-03-15,STN_SOUTH,34.0,-118.2,10.6,0.3,58.0,12.1,1015.5,46.0
2021-03-15,STN_INLAND,36.7,-119.8,12.6,0,67.5,16.3,1018.3,48.0
2021-03-15,STN_COASTAL,32.7,-117.2,16.1,0,59.8,16.7,1012.3,48.0
2021-03-16,STN_NORTH,48.0,-122.3,7.6,0,62.3,6.1,1006.2,46.0
2021-03-16,STN_CENTRAL,37.8,-122.4,18.0,0,56.4,12.0,1012.3,50.0
2021-03-16,STN_SOUTH,34.0,-118.2,16.9,0,58.4,18.3,1014.0,15.0
2021-03-16,STN_INLAND,36.7,-119.8,12.7,0,70.3,12.6,1014.2,49.0
2021-03-16,STN_COASTAL,32.7,-117.2,10.8,0,57.4,11.6,1011.3,33.0
2021-03-17,STN_NORTH,48.0,-122.3,8.2,5.7,63.4,14.7,1005.9,34.0
2021-03-17,STN_CENTRAL,37.8,-122.4,9.9,0,36.5,10.8,999.4,35.0
2021-03-17,STN_SOUTH,34.0,-118.2,17.2,3.1,84.5,9.3,1017.2,41.0
2021-03-17,STN_INLAND,36.7,-119.8,20.2,0.8,58.5,14.4,1012.6,75.0
2021-03-17,STN_COASTAL,32.7,-117.2,18.9,1.7,56.5,2.6,1006.3,74.0
2021-03-18,STN_NORTH,48.0,-122.3,6.9,2.1,77.7,17.6,1018.9,88.0
2021-03-18,STN_CENTRAL,37.8,-122.4,15.4,2.4,63.8,11.4,1013.7,15.0
2021-03-18,STN_SOUTH,34.0,-118.2,18.8,1.6,83.5,6.9,1013.2,65.0
2021-03-18,STN_INLAND,36.7,-119.8,11.4,0,58.8,17.4,1013.3,79.0
2021-03-18,STN_COASTAL,32.7,-117.2,11.7,0,70.8,9.2,1005.1,42.0
2021-03-19,STN_NORTH,48.0,-122.3,7.3,3.0,83.6,13.0,1005.5,91.0
2021-03-19,STN_CENTRAL,37.8,-122.4,7.9,0,44.3,2.3,1016.8,21.0
2021-03-19,STN_SOUTH,34.0,-118.2,15.4,0,52.1,10.2,1010.6,22.0
2021-03-19,STN_INLAND,36.7,-119.8,15.6,0,61.1,14.6,1008.1,42.0
2021-03-19,STN_COASTAL,32.7,-117.2,16.9,0,56.1,15.7,1016.4,56.0
2021-03-20,STN_NORTH,48.0,-122.3,9.0,4.1,72.5,17.5,1010.9,70.0
2021-03-20,STN_CENTRAL,37.8,-122.4,17.9,0,50.9,4.0,1006.6,52.0
2021-03-20,STN_SOUTH,34.0,-118.2,19.8,0,48.6,12.5,1009.1,57.0
2021-03-20,STN_INLAND,36.7,-119.8,16.0,2.7,66.1,6.3,1002.7,48.0
2021-03-20,STN_COASTAL,32.7,-117.2,21.6,0,65.6,5.6,1018.6,74.0
2021-03-21,STN_NORTH,48.0,-122.3,4.5,5.7,100,3.9,1018.1,78.0
2021-03-21,STN_CENTRAL,37.8,-122.4,18.7,0,77.5,7.9,1005.5,28.0
2021-03-21,STN_SOUTH,34.0,-118.2,19.2,2.9,69.4,14.9,1012.2,73.0
2021-03-21,STN_INLAND,36.7,-119.8,15.4,0,44.2,9.3,1027.5,47.0
2021-03-21,STN_COASTAL,32.7,-117.2,19.0,0,67.7,7.8,1006.6,29.0
2021-03-22,STN_NORTH,48.0,-122.3,3.4,0,55.5,10.7,1012.7,68.0
2021-03-22,STN_CENTRAL,37.8,-122.4,12.1,3.4,73.1,10.9,1006.4,70.0
2021-03-22,STN_SOUTH,34.0,-118.2,17.6,0,47.8,17.4,1016.5,32.0
2021-03-22,STN_INLAND,36.7,-119.8,18.1,0,56.7,11.5,1019.0,23.0
2021-03-22,STN_COASTAL,32.7,-117.2,20.4,1.5,77.1,13.2,1003.4,100
2021-03-23,STN_NORTH,48.0,-122.3,10.0,5.4,85.5,13.4,1016.8,58.0
2021-03-23,STN_CENTRAL,37.8,-122.4,15.3,0,68.5,15.9,1009.9,48.0
2021-03-23,STN_SOUTH,34.0,-118.2,17.3,0,71.8,10.3,1009.5,20.0
2021-03-23,STN_INLAND,36.7,-119.8,17.0,0,71.7,8.4,1018.3,40.0
2021-03-23,STN_COASTAL,32.7,-117.2,17.8,0,89.7,9.7,1010.7,70.0
2021-03-24,STN_NORTH,48.0,-122.3,8.3,5.5,62.7,22.2,1002.4,64.0
2021-03-24,STN_CENTRAL,37.8,-122.4,13.3,0,40.0,18.5,1005.1,72.0
2021-03-24,STN_SOUTH,34.0,-118.2,19.0,0,47.9,20.9,1006.8,52.0
2021-03-24,STN_INLAND,36.7,-119.8,18.9,4.5,76.4,11.8,1011.4,78.0
2021-03-24,STN_COASTAL,32.7,-117.2,17.1,0,41.6,16.3,1020.3,39.0
2021-03-25,STN_NORTH,48.0,-122.3,10.1,1.7,88.8,11.6,1012.4,76.0
2021-03-25,STN_CENTRAL,37.8,-122.4,12.9,0,61.8,12.3,1011.1,19.0
2021-03-25,STN_SOUTH,34.0,-118.2,22.7,0,65.0,12.1,1014.1,29.0
2021-03-25,STN_INLAND,36.7,-119.8,15.8,3.2,37.1,5.6,1013.9,69.0
2021-03-25,STN_COASTAL,32.7,-117.2,15.3,1.7,65.6,18.4,1010.3,35.0
2021-03-26,STN_NORTH,48.0,-122.3,6.0,0,38.9,6.8,1010.7,10.0
2021-03-26,STN_CENTRAL,37.8,-122.4,17.2,0.3,76.5,14.3,996.9,74.0
2021-03-26,STN_SOUTH,34.0,-118.2,20.2,0,68.9,15.8,1009.9,43.0
2021-03-26,STN_INLAND,36.7,-119.8,23.5,0,40.5,16.6,1019.7,34.0
2021-03-26,STN_COASTAL,32.7,-117.2,17.7,3.5,95.7,20.7,1001.4,42.0
2021-03-27,STN_NORTH,48.0,-122.3,11.1,3.9,71.7,9.2,1010.1,32.0
2021-03-27,STN_CENTRAL,37.8,-122.4,11.2,0,77.3,13.5,1008.9,30.0
2021-03-27,STN_SOUTH,34.0,-118.2,9.3,0,72.5,9.4,1000.2,57.0
2021-03-27,STN_INLAND,36.7,-119.8,19.6,0,60.4,8.4,1016.1,20.0
2021-03-27,STN_COASTAL,32.7,-117.2,17.2,0,76.7,16.9,1015.3,57.0
2021-03-28,STN_NORTH,48.0,-122.3,8.8,0.1,78.4,4.9,1015.3,25.0
2021-03-28,STN_CENTRAL,37.8,-122.4,13.2,0,43.8,18.8,1015.7,28.0
2021-03-28,STN_SOUTH,34.0,-118.2,20.9,0,78.7,15.4,1019.7,48.0
2021-03-28,STN_INLAND,36.7,-119.8,21.7,0.5,76.0,10.9,1017.9,41.0
2021-03-28,STN_COASTAL,32.7,-117.2,16.8,0,58.4,5.2,1008.4,17.0
2021-03-29,STN_NORTH,48.0,-122.3,9.6,0,59.2,0,1011.7,38.0
2021-03-29,STN_CENTRAL,37.8,-122.4,18.7,0,75.3,14.5,1007.5,58.0
2021-03-29,STN_SOUTH,34.0,-118.2,15.9,0,63.5,11.3,1016.3,16.0
2021-03-29,STN_INLAND,36.7,-119.8,16.5,0,47.9,15.2,1017.4,43.0
2021-03-29,STN_COASTAL,32.7,-117.2,21.2,0,77.9,6.9,1010.7,40.0
2021-03-30,STN_NORTH,48.0,-122.3,12.7,0,71.1,18.0,1012.3,66.0
2021-03-30,STN_CENTRAL,37.8,-122.4,11.7,0,49.1,,1022.3,24.0
2021-03-30,STN_SOUTH,34.0,-118.2,18.5,0,57.5,18.6,1013.3,49.0
2021-03-30,STN_INLAND,36.7,-119.8,16.2,0,66.6,0,1013.3,69.0
2021-03-30,STN_COASTAL,32.7,-117.2,21.7,2.2,78.1,7.0,1016.8,53.0
2021-03-31,STN_NORTH,48.0,-122.3,11.0,0,58.2,5.6,1019.5,56.0
2021-03-31,STN_CENTRAL,37.8,-122.4,14.7,0,60.0,14.0,1019.7,69.0
2021-03-31,STN_SOUTH,34.0,-118.2,9.7,1.7,64.1,18.3,1010.3,89.0
2021-03-31,STN_INLAND,36.7,-119.8,18.4,0,65.8,25.4,1017.1,72.0
2021-03-31,STN_COASTAL,32.7,-117.2,20.2,2.6,57.0,4.2,1013.9,42.0
2021-04-01,STN_NORTH,48.0,-122.3,7.3,0,74.1,0.1,1010.9,59.0
2021-04-01,STN_CENTRAL,37.8,-122.4,15.3,0,43.7,25.6,1012.8,19.0
2021-04-01,STN_SOUTH,34.0,-118.2,16.4,0.3,96.0,16.5,1004.4,62.0
2021-04-01,STN_INLAND,36.7,-119.8,18.7,0.6,73.6,19.4,1011.5,35.0
2021-04-01,STN_COASTAL,32.7,-117.2,18.4,0,63.9,11.9,1015.0,11.0
2021-04-02,STN_NORTH,48.0,-122.3,14.4,4.9,67.5,1.4,1013.7,82.0
2021-04-02,STN_CENTRAL,37.8,-122.4,18.7,0,66.9,15.5,1010.1,59.0
2021-04-02,STN_SOUTH,34.0,-118.2,18.2,1.2,71.9,7.2,1017.0,59.0
2021-04-02,STN_INLAND,36.7,-119.8,18.5,0,51.1,7.5,1013.1,5.0
2021-04-02,STN_COASTAL,32.7,-117.2,19.0,0.2,73.0,1.2,1014.6,55.0
2021-04-03,STN_NORTH,48.0,-122.3,9.8,3.1,38.0,7.3,1020.6,39.0
2021-04-03,STN_CENTRAL,37.8,-122.4,17.7,1.9,80.6,10.4,1011.6,65.0
2021-04-03,STN_SOUTH,34.0,-118.2,17.3,3.6,62.5,10.7,1007.7,59.0
2021-04-03,STN_INLAND,36.7,-119.8,18.6,0,54.5,9.1,1010.2,60.0
2021-04-03,STN_COASTAL,32.7,-117.2,18.0,1.1,88.2,16.3,1003.7,74.0
2021-04-04,STN_NORTH,48.0,-122.3,4.9,0,45.9,15.1,1008.3,41.0
2021-04-04,STN_CENTRAL,37.8,-122.4,17.6,1.2,74.1,18.2,1014.8,53.0
2021-04-04,STN_SOUTH,34.0,-118.2,19.5,2.0,76.3,10.6,1021.1,79.0
2021-04-04,STN_INLAND,36.7,-119.8,23.0,0,67.6,16.9,1005.9,64.0
2021-04-04,STN_COASTAL,32.7,-117.2,18.2,0,57.9,14.3,1014.2,41.0
2021-04-05,STN_NORTH,48.0,-122.3,10.9,0,58.0,4.3,1020.5,65.0
2021-04-05,STN_CENTRAL,37.8,-122.4,18.5,0,55.0,17.3,1010.3,19.0
2021-04-05,STN_SOUTH,34.0,-118.2,13.3,0,74.0,2.7,1016.5,9.0
2021-04-05,STN_INLAND,36.7,-119.8,24.9,0,51.2,16.4,1016.9,85.0
2021-04-05,STN_COASTAL,32.7,-117.2,19.6,0,54.3,13.1,1015.3,37.0
2021-04-06,STN_NORTH,48.0,-122.3,5.6,0,52.3,15.2,1021.1,50.0
2021-04-06,STN_CENTRAL,37.8,-122.4,13.2,2.2,82.2,12.5,1010.1,69.0
2021-04-06,STN_SOUTH,34.0,-118.2,19.6,4.1,77.5,18.0,1009.4,80.0
2021-04-06,STN_INLAND,36.7,-119.8,19.6,2.4,77.7,10.4,1011.7,64.0
2021-04-06,STN_COASTAL,32.7,-117.2,25.6,3.3,72.8,22.0,1011.1,83.0
2021-04-07,STN_NORTH,48.0,-122.3,7.0,0,59.7,5.1,1012.4,19.0
2021-04-07,STN_CENTRAL,37.8,-122.4,19.6,0,46.8,16.4,1010.4,40.0
2021-04-07,STN_SOUTH,34.0,-118.2,22.5,0.4,64.9,17.1,1016.1,35.0
2021-04-07,STN_INLAND,36.7,-119.8,22.6,,75.6,14.1,1013.2,38.0
2021-04-07,STN_COASTAL,32.7,-117.2,18.9,0,70.4,12.1,1008.4,74.0
2021-04-08,STN_NORTH,48.0,-122.3,12.5,5.8,60.0,14.3,1016.4,49.0
2021-04-08,STN_CENTRAL,37.8,-122.4,11.8,0,33.0,19.1,1012.2,25.0
2021-04-08,STN_SOUTH,34.0,-118.2,21.3,2.3,78.3,17.5,999.2,98.0
2021-04-08,STN_INLAND,36.7,-119.8,20.2,0.5,56.0,18.0,1009.7,43.0
2021-04-08,STN_COASTAL,32.7,-117.2,19.9,0,40.3,9.5,1006.2,37.0
2021-04-09,STN_NORTH,48.0,-122.3,9.8,0.7,73.0,14.1,1014.5,72.0
2021-04-09,STN_CENTRAL,37.8,-122.4,8.7,1.7,82.2,10.7,1011.7,66.0
2021-04-09,STN_SOUTH,34.0,-118.2,22.5,0,39.4,10.7,1005.0,74.0
2021-04-09,STN_INLAND,36.7,-119.8,11.3,0,54.7,0,1007.8,49.0
2021-04-09,STN_COASTAL,32.7,-117.2,21.7,0.1,85.7,11.7,1018.5,81.0
2021-04-10,STN_NORTH,48.0,-122.3,9.4,4.7,63.2,10.4,1017.5,43.0
2021-04-10,STN_CENTRAL,37.8,-122.4,18.7,0,66.9,14.7,1012.2,0.0
2021-04-10,STN_SOUTH,34.0,-118.2,23.9,0,56.6,9.0,1017.4,39.0
2021-04-10,STN_INLAND,36.7,-119.8,23.0,0,45.2,7.2,1010.7,21.0
2021-04-10,STN_COASTAL,32.7,-117.2,20.7,0,76.2,22.2,1015.5,21.0
2021-04-11,STN_NORTH,48.0,-122.3,8.8,0,45.7,21.8,1016.1,73.0
2021-04-11,STN_CENTRAL,37.8,-122.4,18.1,4.0,82.5,24.1,1011.4,88.0
2021-04-11,STN_SOUTH,34.0,-118.2,18.1,2.2,59.6,19.7,1010.3,76.0
2021-04-11,STN_INLAND,36.7,-119.8,20.4,0,44.5,0,1014.6,18.0
2021-04-11,STN_COASTAL,32.7,-117.2,21.8,0.9,98.6,14.2,1016.9,62.0
2021-04-12,STN_NORTH,48.0,-122.3,8.6,0,42.2,8.8,1014.8,54.0
2021-04-12,STN_CENTRAL,37.8,-122.4,21.4,0.2,89.1,13.2,1008.3,70.0
2021-04-12,STN_SOUTH,34.0,-118.2,19.3,0.1,63.8,11.8,1009.6,58.0
2021-04-12,STN_INLAND,36.7,-119.8,20.0,6.1,60.4,22.0,1009.9,94.0
2021-04-12,STN_COASTAL,32.7,-117.2,17.3,0,64.1,20.5,1015.0,1.0
2021-04-13,STN_NORTH,48.0,-122.3,14.4,3.3,60.6,11.9,1011.3,44.0
2021-04-13,STN_CENTRAL,37.8,-122.4,24.1,0,69.0,5.7,1014.3,65.0
2021-04-13,STN_SOUTH,34.0,-118.2,23.9,1.2,71.1,26.4,1020.8,32.0
2021-04-13,STN_INLAND,36.7,-119.8,17.8,0.3,41.8,16.1,1020.2,72.0
2021-04-13,STN_COASTAL,32.7,-117.2,16.4,0.9,78.1,2.4,1008.8,81.0
2021-04-14,STN_NORTH,48.0,-122.3,12.6,3.1,46.9,9.5,1016.7,57.0
2021-04-14,STN_CENTRAL,37.8,-122.4,22.5,0,52.8,4.0,1014.1,46.0
2021-04-14,STN_SOUTH,34.0,-118.2,17.9,0,53.7,12.8,1009.6,21.0
2021-04-14,STN_INLAND,36.7,-119.8,22.2,0,61.3,0,1021.0,27.0
2021-04-14,STN_COASTAL,32.7,-117.2,19.4,0.8,74.5,13.4,1015.9,41.0
2021-04-15,STN_NORTH,48.0,-122.3,9.4,3.1,87.3,7.0,1007.3,67.0
2021-04-15,STN_CENTRAL,37.8,-122.4,16.1,0.5,69.8,7.4,1012.5,13.0
2021-04-15,STN_SOUTH,34.0,-118.2,21.2,0.8,67.0,12.7,1001.7,71.0
2021-04-15,STN_INLAND,36.7,-119.8,15.8,0,73.0,4.8,1003.8,1.0
2021-04-15,STN_COASTAL,32.7,-117.2,19.0,0,82.7,13.9,1018.3,72.0
2021-04-16,STN_NORTH,48.0,-122.3,18.0,2.3,58.0,2.4,1018.1,45.0
2021-04-16,STN_CENTRAL,37.8,-122.4,19.9,0,68.3,20.3,1014.5,23.0
2021-04-16,STN_SOUTH,34.0,-118.2,21.8,2.6,79.3,14.0,1006.9,45.0
2021-04-16,STN_INLAND,36.7,-119.8,17.4,1.4,77.5,6.8,1017.7,56.0
2021-04-16,STN_COASTAL,32.7,-117.2,24.5,0,73.2,16.3,1013.4,46.0
2021-04-17,STN_NORTH,48.0,-122.3,9.1,0,65.4,17.8,1013.3,37.0
2021-04-17,STN_CENTRAL,37.8,-122.4,19.2,3.9,74.2,3.2,1010.3,64.0
2021-04-17,STN_SOUTH,34.0,-118.2,18.9,0,43.3,11.1,1023.1,44.0
2021-04-17,STN_INLAND,36.7,-119.8,16.0,0,44.6,4.1,1014.2,24.0
2021-04-17,STN_COASTAL,32.7,-117.2,20.0,0,48.9,24.3,1010.3,46.0
2021-04-18,STN_NORTH,48.0,-122.3,10.0,0,47.3,9.6,1006.1,30.0
2021-04-18,STN_CENTRAL,37.8,-122.4,24.8,3.8,60.8,22.9,1010.0,50.0
2021-04-18,STN_SOUTH,34.0,-118.2,23.5,1.4,52.1,5.2,1010.3,69.0
2021-04-18,STN_INLAND,36.7,-119.8,21.6,0,48.4,8.6,1013.9,63.0
2021-04-18,STN_COASTAL,32.7,-117.2,22.3,0.1,60.4,0,1001.0,41.0
2021-04-19,STN_NORTH,48.0,-122.3,9.3,0,62.2,16.8,1008.4,69.0
2021-04-19,STN_CENTRAL,37.8,-122.4,16.9,0,58.8,22.5,1007.5,37.0
2021-04-19,STN_SOUTH,34.0,-118.2,25.9,0,44.9,11.8,1007.3,37.0
2021-04-19,STN_INLAND,36.7,-119.8,25.4,0,61.8,7.0,1011.5,47.0
2021-04-19,STN_COASTAL,32.7,-117.2,19.9,2.1,62.1,12.7,1026.0,85.0
2021-04-20,STN_NORTH,48.0,-122.3,9.8,3.9,72.0,6.8,1020.1,91.0
2021-04-20,STN_CENTRAL,37.8,-122.4,23.4,0,71.8,6.8,1011.9,55.0
2021-04-20,STN_SOUTH,34.0,-118.2,23.7,0.7,66.7,23.8,1009.5,100
2021-04-20,STN_INLAND,36.7,-119.8,28.8,3.7,71.0,1.9,1009.0,71.0
2021-04-20,STN_COASTAL,32.7,-117.2,20.4,0,54.6,3.4,1013.8,18.0
2021-04-21,STN_NORTH,48.0,-122.3,8.5,2.9,60.2,11.4,1011.0,65.0
2021-04-21,STN_CENTRAL,37.8,-122.4,20.7,0,54.8,9.2,1013.0,42.0
2021-04-21,STN_SOUTH,34.0,-118.2,29.1,0,70.4,12.6,1007.8,22.0
2021-04-21,STN_INLAND,36.7,-119.8,24.4,0,52.9,0,1012.3,52.0
2021-04-21,STN_COASTAL,32.7,-117.2,18.4,0,45.3,28.5,1012.2,29.0
2021-04-22,STN_NORTH,48.0,-122.3,15.6,0,57.1,16.6,1015.8,30.0
2021-04-22,STN_CENTRAL,37.8,-122.4,19.9,0,51.8,12.0,1010.0,48.0
2021-04-22,STN_SOUTH,34.0,-118.2,33.4,0,55.7,10.9,1005.4,37.0
2021-04-22,STN_INLAND,36.7,-119.8,15.9,0,39.5,18.6,1017.5,59.0
2021-04-22,STN_COASTAL,32.7,-117.2,24.4,0,67.3,15.9,1018.4,48.0
2021-04-23,STN_NORTH,48.0,-122.3,15.3,1.5,57.8,16.3,1008.0,83.0
2021-04-23,STN_CENTRAL,37.8,-122.4,23.6,0,56.7,10.4,1005.7,29.0
2021-04-23,STN_SOUTH,34.0,-118.2,24.3,4.1,65.8,9.8,1009.9,48.0
2021-04-23,STN_INLAND,36.7,-119.8,19.7,0,43.5,5.2,1019.4,17.0
2021-04-23,STN_COASTAL,32.7,-117.2,23.1,0,41.7,12.8,1013.4,12.0
2021-04-24,STN_NORTH,48.0,-122.3,13.7,1.3,71.5,2.1,1007.4,53.0
2021-04-24,STN_CENTRAL,37.8,-122.4,18.0,0,52.0,9.7,1015.8,63.0
2021-04-24,STN_SOUTH,34.0,-118.2,21.6,0,70.2,4.9,1025.2,38.0
2021-04-24,STN_INLAND,36.7,-119.8,23.7,0,69.2,19.4,1014.7,42.0
2021-04-24,STN_COASTAL,32.7,-117.2,17.5,0,56.8,17.3,1009.4,66.0
2021-04-25,STN_NORTH,48.0,-122.3,11.7,0,56.4,15.0,1014.4,76.0
2021-04-25,STN_CENTRAL,37.8,-122.4,24.5,0,66.2,7.8,1012.9,20.0
2021-04-25,STN_SOUTH,34.0,-118.2,20.7,0.2,54.5,10.3,1019.5,76.0
2021-04-25,STN_INLAND,36.7,-119.8,28.6,0,53.1,13.5,1017.9,23.0
2021-04-25,STN_COASTAL,32.7,-117.2,25.9,1.2,74.1,17.7,1011.0,15.0
2021-04-26,STN_NORTH,48.0,-122.3,16.7,1.4,52.2,17.4,1010.2,61.0
2021-04-26,STN_CENTRAL,37.8,-122.4,19.4,0,49.7,0,1014.8,14.0
2021-04-26,STN_SOUTH,34.0,-118.2,23.1,0,37.3,14.6,1008.4,39.0
2021-04-26,STN_INLAND,36.7,-119.8,22.7,0,48.2,15.2,1016.6,40.0
2021-04-26,STN_COASTAL,32.7,-117.2,25.8,0,75.3,20.5,1010.8,37.0
2021-04-27,STN_NORTH,48.0,-122.3,12.9,0,68.6,13.1,1007.1,61.0
2021-04-27,STN_CENTRAL,37.8,-122.4,13.7,2.5,71.4,11.4,1020.3,0
2021-04-27,STN_SOUTH,34.0,-118.2,22.5,0,52.5,16.6,1012.2,53.0
2021-04-27,STN_INLAND,36.7,-119.8,26.7,0,42.8,23.0,1016.9,56.0
2021-04-27,STN_COASTAL,32.7,-117.2,25.9,0,71.5,12.5,1008.6,36.0
2021-04-28,STN_NORTH,48.0,-122.3,14.8,1.5,42.5,12.9,1005.4,28.0
2021-04-28,STN_CENTRAL,37.8,-122.4,26.7,0.1,74.9,13.3,1007.6,70.0
2021-04-28,STN_SOUTH,34.0,-118.2,16.7,0,48.4,9.4,1018.6,39.0
2021-04-28,STN_INLAND,36.7,-119.8,26.8,0,40.2,21.5,1006.6,37.0
2021-04-28,STN_COASTAL,32.7,-117.2,20.1,0,51.9,12.1,1014.0,26.0
2021-04-29,STN_NORTH,48.0,-122.3,15.0,0,67.4,15.4,1010.5,64.0
2021-04-29,STN_CENTRAL,37.8,-122.4,15.8,0,56.1,4.2,1017.2,
2021-04-29,STN_SOUTH,34.0,-118.2,25.5,1.8,72.2,18.0,1014.6,52.0
2021-04-29,STN_INLAND,36.7,-119.8,25.2,2.7,88.1,25.2,1003.1,59.0
2021-04-29,STN_COASTAL,32.7,-117.2,28.7,1.5,71.9,22.8,1015.5,66.0
2021-04-30,STN_NORTH,48.0,-122.3,16.6,0,68.6,9.4,1011.8,43.0
2021-04-30,STN_CENTRAL,37.8,-122.4,17.9,3.7,48.3,16.1,1010.1,59.0
2021-04-30,STN_SOUTH,34.0,-118.2,22.6,0,40.0,9.0,1014.2,4.0
2021-04-30,STN_INLAND,36.7,-119.8,24.5,0,57.0,22.3,1009.9,21.0
2021-04-30,STN_COASTAL,32.7,-117.2,22.9,0,60.0,11.2,1013.1,19.0
2021-05-01,STN_NORTH,48.0,-122.3,13.7,5.3,85.6,9.0,1001.0,43.0
2021-05-01,STN_CENTRAL,37.8,-122.4,22.1,0,54.8,25.5,1010.8,70.0
2021-05-01,STN_SOUTH,34.0,-118.2,21.8,0.9,69.7,8.8,1012.4,96.0
2021-05-01,STN_INLAND,36.7,-119.8,22.3,0,92.5,18.1,1011.6,41.0
2021-05-01,STN_COASTAL,32.7,-117.2,24.9,4.0,71.8,12.0,1007.2,71.0
2021-05-02,STN_NORTH,48.0,-122.3,18.0,3.3,50.0,19.3,1007.2,49.0
2021-05-02,STN_CENTRAL,37.8,-122.4,26.3,3.3,64.7,1.1,1007.9,48.0
2021-05-02,STN_SOUTH,34.0,-118.2,25.3,0,51.3,10.0,1016.2,59.0
2021-05-02,STN_INLAND,36.7,-119.8,22.7,0.2,59.4,11.7,1010.1,39.0
2021-05-02,STN_COASTAL,32.7,-117.2,18.7,0.1,66.3,21.3,1011.0,65.0
2021-05-03,STN_NORTH,48.0,-122.3,10.4,,74.7,7.3,1003.9,81.0
2021-05-03,STN_CENTRAL,37.8,-122.4,20.4,0,51.7,28.8,1017.1,30.0
2021-05-03,STN_SOUTH,34.0,-118.2,23.7,0.4,74.7,12.8,1022.5,34.0
2021-05-03,STN_INLAND,36.7,-119.8,28.1,0,72.5,8.6,1018.6,47.0
2021-05-03,STN_COASTAL,32.7,-117.2,21.7,1.1,74.0,6.1,1008.5,64.0
2021-05-04,STN_NORTH,48.0,-122.3,13.0,0,77.3,8.2,1002.8,49.0
2021-05-04,STN_CENTRAL,37.8,-122.4,18.2,2.4,68.7,7.9,1008.7,62.0
2021-05-04,STN_SOUTH,34.0,-118.2,29.8,0,66.8,14.4,1010.4,54.0
2021-05-04,STN_INLAND,36.7,-119.8,18.7,0,78.0,10.3,1016.0,44.0
2021-05-04,STN_COASTAL,32.7,-117.2,24.0,0,47.4,7.3,1017.9,39.0
2021-05-05,STN_NORTH,48.0,-122.3,17.0,2.6,60.9,8.9,1011.3,78.0
2021-05-05,STN_CENTRAL,37.8,-122.4,19.2,2.5,79.8,7.2,1007.7,30.0
2021-05-05,STN_SOUTH,34.0,-118.2,28.0,0,52.2,10.9,1018.5,9.0
2021-05-05,STN_INLAND,36.7,-119.8,22.6,0,42.9,18.6,1022.2,56.0
2021-05-05,STN_COASTAL,32.7,-117.2,23.7,0,69.9,9.7,1011.4,23.0
2021-05-06,STN_NORTH,48.0,-122.3,13.1,0,55.7,10.3,1016.5,16.0
2021-05-06,STN_CENTRAL,37.8,-122.4,20.7,1.6,68.4,19.2,1015.8,34.0
2021-05-06,STN_SOUTH,34.0,-118.2,24.8,0,56.7,24.2,1000.0,12.0
2021-05-06,STN_INLAND,36.7,-119.8,21.7,3.2,62.2,17.2,1012.3,64.0
2021-05-06,STN_COASTAL,32.7,-117.2,29.0,0,52.6,7.1,1012.1,49.0
2021-05-07,STN_NORTH,48.0,-122.3,13.3,0,67.4,22.4,1008.8,67.0
2021-05-07,STN_CENTRAL,37.8,-122.4,17.4,0,50.5,18.8,1012.3,33.0
2021-05-07,STN_SOUTH,34.0,-118.2,19.5,1.6,59.3,11.1,1005.1,26.0
2021-05-07,STN_INLAND,36.7,-119.8,21.9,1.4,55.7,18.7,1012.9,11.0
2021-05-07,STN_COASTAL,32.7,-117.2,19.2,0,66.9,11.0,1012.0,52.0
2021-05-08,STN_NORTH,48.0,-122.3,14.2,0,55.5,7.5,1008.2,25.0
2021-05-08,STN_CENTRAL,37.8,-122.4,26.3,0,46.7,12.8,1011.2,34.0
2021-05-08,STN_SOUTH,34.0,-118.2,21.5,1.7,57.8,16.2,1005.3,63.0
2021-05-08,STN_INLAND,36.7,-119.8,22.2,1.7,67.0,9.5,1019.9,49.0
2021-05-08,STN_COASTAL,32.7,-117.2,16.3,1.7,61.6,3.9,1022.5,73.0
2021-05-09,STN_NORTH,48.0,-122.3,14.9,0,73.5,7.3,1017.8,62.0
2021-05-09,STN_CENTRAL,37.8,-122.4,18.6,0,57.0,24.0,1015.7,
2021-05-09,STN_SOUTH,34.0,-118.2,21.2,0,30.5,6.7,1007.8,63.0
2021-05-09,STN_INLAND,36.7,-119.8,20.8,0,74.4,14.8,1006.5,63.0
2021-05-09,STN_COASTAL,32.7,-117.2,18.6,0,38.4,12.5,1011.9,19.0
2021-05-10,STN_NORTH,48.0,-122.3,14.8,1.9,43.9,10.4,1014.9,50.0
2021-05-10,STN_CENTRAL,37.8,-122.4,23.7,1.5,58.1,9.7,1008.1,52.0
2021-05-10,STN_SOUTH,34.0,-118.2,28.1,0,47.0,21.4,1017.2,96.0
2021-05-10,STN_INLAND,36.7,-119.8,26.7,0,60.0,21.9,1018.1,75.0
2021-05-10,STN_COASTAL,32.7,-117.2,29.0,0,54.7,11.7,1010.0,100
2021-05-11,STN_NORTH,48.0,-122.3,9.6,0,41.8,17.8,1001.2,46.0
2021-05-11,STN_CENTRAL,37.8,-122.4,21.6,0,82.6,16.6,1015.1,54.0
2021-05-11,STN_SOUTH,34.0,-118.2,29.3,0,52.4,10.3,1006.0,53.0
2021-05-11,STN_INLAND,36.7,-119.8,28.9,0.2,63.4,17.7,1020.9,47.0
2021-05-11,STN_COASTAL,32.7,-117.2,21.0,0,75.2,11.2,1017.8,52.0
2021-05-12,STN_NORTH,48.0,-122.3,17.1,2.9,71.7,0.2,1006.9,50.0
2021-05-12,STN_CENTRAL,37.8,-122.4,23.9,2.5,49.0,19.6,999.9,44.0
2021-05-12,STN_SOUTH,34.0,-118.2,23.2,0,37.7,8.6,1007.3,5.0
2021-05-12,STN_INLAND,36.7,-119.8,20.7,0,52.0,17.3,1011.3,21.0
2021-05-12,STN_COASTAL,32.7,-117.2,24.5,0,73.5,9.9,1013.0,57.0
2021-05-13,STN_NORTH,48.0,-122.3,14.9,0,52.0,22.1,1019.2,39.0
2021-05-13,STN_CENTRAL,37.8,-122.4,27.1,1.9,89.3,8.6,1011.0,40.0
2021-05-13,STN_SOUTH,34.0,-118.2,28.6,0,47.7,13.0,1017.4,31.0
2021-05-13,STN_INLAND,36.7,-119.8,22.3,1.3,75.4,6.1,1021.8,43.0
2021-05-13,STN_COASTAL,32.7,-117.2,25.5,0,53.9,10.2,1016.2,30.0
2021-05-14,STN_NORTH,48.0,-122.3,21.0,0,50.2,5.2,1018.2,32.0
2021-05-14,STN_CENTRAL,37.8,-122.4,24.0,0,54.3,0,1014.3,21.0
2021-05-14,STN_SOUTH,34.0,-118.2,23.6,0,49.9,20.4,1010.2,49.0
2021-05-14,STN_INLAND,36.7,-119.8,18.1,0,75.9,13.1,1008.7,46.0
2021-05-14,STN_COASTAL,32.7,-117.2,21.2,0,67.4,12.8,1019.3,35.0
2021-05-15,STN_NORTH,48.0,-122.3,14.5,2.0,57.2,13.0,1006.8,34.0
2021-05-15,STN_CENTRAL,37.8,-122.4,22.7,0,56.2,14.4,1017.3,52.0
2021-05-15,STN_SOUTH,34.0,-118.2,22.1,0,38.2,20.4,1007.4,33.0
2021-05-15,STN_INLAND,36.7,-119.8,27.0,0,71.9,10.3,1010.4,41.0
2021-05-15,STN_COASTAL,32.7,-117.2,21.3,0,32.9,15.8,1005.8,24.0
2021-05-16,STN_NORTH,48.0,-122.3,14.7,0,51.8,6.2,1006.1,14.0
2021-05-16,STN_CENTRAL,37.8,-122.4,21.8,1.3,63.4,8.3,1012.6,47.0
2021-05-16,STN_SOUTH,34.0,-118.2,24.1,,57.4,8.3,1011.4,77.0
2021-05-16,STN_INLAND,36.7,-119.8,24.3,0,42.9,13.2,1015.5,56.0
2021-05-16,STN_COASTAL,32.7,-117.2,25.5,1.4,62.7,18.5,1011.3,76.0
2021-05-17,STN_NORTH,48.0,-122.3,21.2,0,47.9,21.8,1012.8,42.0
2021-05-17,STN_CENTRAL,37.8,-122.4,20.3,0,44.6,12.4,1012.6,17.0
2021-05-17,STN_SOUTH,34.0,-118.2,22.2,0,53.7,,1015.2,52.0
2021-05-17,STN_INLAND,36.7,-119.8,19.9,0,53.1,13.5,1014.6,42.0
2021-05-17,STN_COASTAL,32.7,-117.2,24.2,0,24.1,3.7,1007.2,10.0
2021-05-18,STN_NORTH,48.0,-122.3,17.7,0,52.3,3.6,1015.3,58.0
2021-05-18,STN_CENTRAL,37.8,-122.4,25.5,3.2,41.5,0,1011.4,40.0
2021-05-18,STN_SOUTH,34.0,-118.2,24.1,0,56.3,8.5,1009.2,28.0
2021-05-18,STN_INLAND,36.7,-119.8,23.0,0,50.8,27.5,1011.7,74.0
2021-05-18,STN_COASTAL,32.7,-117.2,29.6,0,37.0,12.4,1006.2,37.0
2021-05-19,STN_NORTH,48.0,-122.3,17.0,1.2,81.4,9.0,1012.5,74.0
2021-05-19,STN_CENTRAL,37.8,-122.4,19.7,0.4,55.2,0,1015.9,61.0
2021-05-19,STN_SOUTH,34.0,-118.2,28.7,0.9,65.1,7.9,1020.6,71.0
2021-05-19,STN_INLAND,36.7,-119.8,24.9,1.8,70.4,19.5,1001.9,31.0
2021-05-19,STN_COASTAL,32.7,-117.2,23.4,0,81.1,2.7,1018.5,62.0
2021-05-20,STN_NORTH,48.0,-122.3,16.0,0,68.2,1.5,1003.0,63.0
2021-05-20,STN_CENTRAL,37.8,-122.4,21.3,0,65.7,8.1,1007.9,70.0
2021-05-20,STN_SOUTH,34.0,-118.2,22.8,0,50.1,12.9,1009.6,49.0
2021-05-20,STN_INLAND,36.7,-119.8,26.6,3.9,63.4,7.5,1005.2,30.0
2021-05-20,STN_COASTAL,32.7,-117.2,24.2,0,63.1,10.1,1005.2,61.0
2021-05-21,STN_NORTH,48.0,-122.3,15.8,0,57.5,20.9,1006.7,23.0
2021-05-21,STN_CENTRAL,37.8,-122.4,25.8,0,60.0,15.4,1018.2,12.0
2021-05-21,STN_SOUTH,34.0,-118.2,27.0,0,45.1,15.8,1009.7,68.0
2021-05-21,STN_INLAND,36.7,-119.8,25.3,3.6,54.5,13.5,1009.4,36.0
2021-05-21,STN_COASTAL,32.7,-117.2,27.2,0.0,47.8,11.7,1016.5,55.0
2021-05-22,STN_NORTH,48.0,-122.3,17.2,0.5,53.7,3.2,1013.6,84.0
2021-05-22,STN_CENTRAL,37.8,-122.4,23.3,0,45.7,1.8,1002.9,33.0
2021-05-22,STN_SOUTH,34.0,-118.2,27.1,0,55.2,16.2,1013.6,37.0
2021-05-22,STN_INLAND,36.7,-119.8,23.4,3.1,79.4,10.4,1019.8,24.0
2021-05-22,STN_COASTAL,32.7,-117.2,24.4,0,43.9,11.8,1013.7,15.0
2021-05-23,STN_NORTH,48.0,-122.3,16.1,0,53.0,18.1,1010.0,36.0
2021-05-23,STN_CENTRAL,37.8,-122.4,26.0,0.9,63.8,9.1,1017.5,44.0
2021-05-23,STN_SOUTH,34.0,-118.2,23.7,0,62.1,19.0,1009.8,45.0
2021-05-23,STN_INLAND,36.7,-119.8,26.0,3.5,67.6,14.1,1014.9,75.0
2021-05-23,STN_COASTAL,32.7,-117.2,24.9,0,66.7,5.2,1018.4,44.0
2021-05-24,STN_NORTH,48.0,-122.3,8.6,0,54.0,24.8,1008.8,37.0
2021-05-24,STN_CENTRAL,37.8,-122.4,25.7,0.9,83.6,,1007.5,75.0
2021-05-24,STN_SOUTH,34.0,-118.2,28.6,1.1,74.3,7.5,1017.4,84.0
2021-05-24,STN_INLAND,36.7,-119.8,21.4,0,38.6,0,1019.2,19.0
2021-05-24,STN_COASTAL,32.7,-117.2,23.3,0,61.5,0,1012.8,44.0
2021-05-25,STN_NORTH,48.0,-122.3,15.5,0,54.2,0,1011.9,46.0
2021-05-25,STN_CENTRAL,37.8,-122.4,24.7,0,55.2,11.0,1010.9,43.0
2021-05-25,STN_SOUTH,34.0,-118.2,30.2,0,62.7,14.3,1019.2,40.0
2021-05-25,STN_INLAND,36.7,-119.8,24.5,0,54.1,10.7,1010.7,44.0
2021-05-25,STN_COASTAL,32.7,-117.2,20.9,0,50.0,5.6,1014.2,41.0
2021-05-26,STN_NORTH,48.0,-122.3,16.1,0,63.8,18.1,1013.1,47.0
2021-05-26,STN_CENTRAL,37.8,-122.4,22.4,3.8,61.6,7.7,1004.7,98.0
2021-05-26,STN_SOUTH,34.0,-118.2,28.3,0,64.8,17.2,1008.0,0
2021-05-26,STN_INLAND,36.7,-119.8,22.3,0,60.6,6.6,1010.2,31.0
2021-05-26,STN_COASTAL,32.7,-117.2,25.9,0,55.5,9.6,1007.4,11.0
2021-05-27,STN_NORTH,48.0,-122.3,13.6,2.7,69.5,16.7,1022.5,41.0
2021-05-27,STN_CENTRAL,37.8,-122.4,25.5,3.8,69.9,10.7,1013.5,94.0
2021-05-27,STN_SOUTH,34.0,-118.2,28.2,0,82.6,12.5,1017.3,41.0
2021-05-27,STN_INLAND,36.7,-119.8,28.7,0,63.5,12.8,1005.2,77.0
2021-05-27,STN_COASTAL,32.7,-117.2,31.1,0.1,74.1,10.3,1015.5,62.0
2021-05-28,STN_NORTH,48.0,-122.3,23.5,0,42.7,11.9,1009.7,29.0
2021-05-28,STN_CENTRAL,37.8,-122.4,19.5,0.9,61.8,11.4,1016.2,60.0
2021-05-28,STN_SOUTH,34.0,-118.2,23.6,0,82.2,6.1,1013.8,47.0
2021-05-28,STN_INLAND,36.7,-119.8,24.9,0.5,80.9,9.7,1009.8,57.0
2021-05-28,STN_COASTAL,32.7,-117.2,27.3,2.5,85.7,13.2,1012.8,63.0
2021-05-29,STN_NORTH,48.0,-122.3,18.6,1.3,77.2,7.1,1006.0,73.0
2021-05-29,STN_CENTRAL,37.8,-122.4,21.9,1.2,84.9,2.5,1012.7,35.0
2021-05-29,STN_SOUTH,34.0,-118.2,33.3,0,66.9,0.3,1010.2,23.0
2021-05-29,STN_INLAND,36.7,-119.8,24.0,0,72.5,13.8,1015.0,24.0
2021-05-29,STN_COASTAL,32.7,-117.2,24.1,0,54.0,17.6,1010.9,30.0
2021-05-30,STN_NORTH,48.0,-122.3,22.1,0,49.5,10.2,1007.1,21.0
2021-05-30,STN_CENTRAL,37.8,-122.4,25.8,1.0,69.8,10.9,1015.9,100
2021-05-30,STN_SOUTH,34.0,-118.2,26.1,1.7,45.9,7.9,1006.9,53.0
2021-05-30,STN_INLAND,36.7,-119.8,23.4,0,35.6,3.0,1009.9,56.0
2021-05-30,STN_COASTAL,32.7,-117.2,26.0,2.1,56.6,16.1,1003.7,74.0
2021-05-31,STN_NORTH,48.0,-122.3,18.9,2.1,60.8,9.4,1013.7,53.0
2021-05-31,STN_CENTRAL,37.8,-122.4,22.6,0,28.0,7.3,1024.9,70.0
2021-05-31,STN_SOUTH,34.0,-118.2,30.6,0.7,67.8,7.7,1016.1,63.0
2021-05-31,STN_INLAND,36.7,-119.8,29.7,1.1,57.5,4.1,1006.3,71.0
2021-05-31,STN_COASTAL,32.7,-117.2,25.2,0,56.2,0,1015.2,15.0
2021-06-01,STN_NORTH,48.0,-122.3,26.1,0.9,64.4,7.6,1007.1,57.0
2021-06-01,STN_CENTRAL,37.8,-122.4,23.1,0,51.5,19.1,1014.4,27.0
2021-06-01,STN_SOUTH,34.0,-118.2,31.1,,62.3,18.8,1013.9,23.0
2021-06-01,STN_INLAND,36.7,-119.8,22.6,3.5,61.8,15.8,1008.6,79.0
2021-06-01,STN_COASTAL,32.7,-117.2,24.3,0,49.7,15.4,1019.1,41.0
2021-06-02,STN_NORTH,48.0,-122.3,19.2,0,64.6,9.9,1012.6,50.0
2021-06-02,STN_CENTRAL,37.8,-122.4,20.9,0.2,61.2,0,1008.2,44.0
2021-06-02,STN_SOUTH,34.0,-118.2,28.7,0,54.2,6.1,1002.6,60.0
2021-06-02,STN_INLAND,36.7,-119.8,23.7,0,49.8,10.4,1019.4,42.0
2021-06-02,STN_COASTAL,32.7,-117.2,29.9,0,52.2,19.3,1016.2,32.0
2021-06-03,STN_NORTH,48.0,-122.3,13.7,1.8,70.5,18.4,1009.0,
2021-06-03,STN_CENTRAL,37.8,-122.4,25.8,4.9,71.5,16.5,1013.3,45.0
2021-06-03,STN_SOUTH,34.0,-118.2,29.3,0.5,62.7,9.2,1020.4,
2021-06-03,STN_INLAND,36.7,-119.8,22.5,1.1,65.0,11.5,1019.5,57.0
2021-06-03,STN_COASTAL,32.7,-117.2,21.5,1.3,51.1,13.0,1012.2,56.0
2021-06-04,STN_NORTH,48.0,-122.3,18.2,0,68.9,18.1,1009.9,18.0
2021-06-04,STN_CENTRAL,37.8,-122.4,20.6,0,27.2,7.0,1008.1,32.0
2021-06-04,STN_SOUTH,34.0,-118.2,30.7,0,67.5,2.0,1012.8,24.0
2021-06-04,STN_INLAND,36.7,-119.8,23.6,1.2,55.1,14.3,1003.6,76.0
2021-06-04,STN_COASTAL,32.7,-117.2,27.7,0,46.1,22.3,1013.6,32.0
2021-06-05,STN_NORTH,48.0,-122.3,20.7,0,37.6,12.4,1025.7,25.0
2021-06-05,STN_CENTRAL,37.8,-122.4,22.8,0,60.7,16.3,1011.5,20.0
2021-06-05,STN_SOUTH,34.0,-118.2,25.9,,47.2,0.6,1004.4,18.0
2021-06-05,STN_INLAND,36.7,-119.8,24.3,0,56.6,11.9,1002.5,7.0
2021-06-05,STN_COASTAL,32.7,-117.2,25.6,1.3,61.2,13.5,1008.6,74.0
2021-06-06,STN_NORTH,48.0,-122.3,19.2,0,57.4,10.8,1007.4,0
2021-06-06,STN_CENTRAL,37.8,-122.4,30.3,0,61.8,15.8,1018.4,33.0
2021-06-06,STN_SOUTH,34.0,-118.2,20.8,1.4,56.7,15.4,1017.4,76.0
2021-06-06,STN_INLAND,36.7,-119.8,25.3,2.2,49.9,14.0,1005.4,100
2021-06-06,STN_COASTAL,32.7,-117.2,24.2,0,39.7,12.5,1006.2,21.0
2021-06-07,STN_NORTH,48.0,-122.3,19.0,1.3,64.1,7.1,1013.1,60.0
2021-06-07,STN_CENTRAL,37.8,-122.4,26.4,1.5,57.8,13.4,1006.7,83.0
2021-06-07,STN_SOUTH,34.0,-118.2,27.0,0,47.0,15.9,1022.4,40.0
2021-06-07,STN_INLAND,36.7,-119.8,24.0,0.4,66.1,14.7,1014.1,46.0
2021-06-07,STN_COASTAL,32.7,-117.2,24.3,0,70.9,13.1,1016.8,9.0
2021-06-08,STN_NORTH,48.0,-122.3,19.8,0,78.4,18.1,1015.3,42.0
2021-06-08,STN_CENTRAL,37.8,-122.4,30.5,0,48.5,8.4,1009.8,55.0
2021-06-08,STN_SOUTH,34.0,-118.2,29.0,,44.2,8.7,1016.2,36.0
2021-06-08,STN_INLAND,36.7,-119.8,30.6,2.5,81.8,3.1,1010.3,44.0
2021-06-08,STN_COASTAL,32.7,-117.2,31.3,2.1,73.7,3.2,1014.2,21.0
2021-06-09,STN_NORTH,48.0,-122.3,14.3,2.2,67.4,14.8,1016.0,62.0
2021-06-09,STN_CENTRAL,37.8,-122.4,24.4,4.0,50.1,7.1,1005.1,64.0
2021-06-09,STN_SOUTH,34.0,-118.2,28.2,,63.8,4.6,1008.4,33.0
2021-06-09,STN_INLAND,36.7,-119.8,29.0,,59.4,15.4,1013.8,39.0
2021-06-09,STN_COASTAL,32.7,-117.2,28.2,0,59.3,10.0,1021.0,51.0
2021-06-10,STN_NORTH,48.0,-122.3,16.5,0.9,89.2,19.1,1010.6,51.0
2021-06-10,STN_CENTRAL,37.8,-122.4,26.0,0,42.6,13.9,1015.5,73.0
2021-06-10,STN_SOUTH,34.0,-118.2,22.2,0,60.9,6.6,1012.1,40.0
2021-06-10,STN_INLAND,36.7,-119.8,29.0,0,38.5,15.6,1013.3,17.0
2021-06-10,STN_COASTAL,32.7,-117.2,23.2,0,40.5,12.2,1010.1,45.0
2021-06-11,STN_NORTH,48.0,-122.3,16.3,0,56.1,7.8,1022.3,49.0
2021-06-11,STN_CENTRAL,37.8,-122.4,21.4,0.0,87.9,17.4,1010.0,57.0
2021-06-11,STN_SOUTH,34.0,-118.2,27.7,2.7,74.9,12.2,1020.5,69.0
2021-06-11,STN_INLAND,36.7,-119.8,24.8,6.0,71.0,13.8,1011.8,33.0
2021-06-11,STN_COASTAL,32.7,-117.2,22.2,2.4,49.2,11.7,1009.1,43.0
2021-06-12,STN_NORTH,48.0,-122.3,16.0,1.5,67.3,8.2,1011.1,66.0
2021-06-12,STN_CENTRAL,37.8,-122.4,24.1,0,42.5,13.6,1012.7,23.0
2021-06-12,STN_SOUTH,34.0,-118.2,23.4,0,51.5,8.6,1006.6,21.0
2021-06-12,STN_INLAND,36.7,-119.8,28.9,0,69.9,25.4,1020.2,61.0
2021-06-12,STN_COASTAL,32.7,-117.2,26.1,2.0,66.4,16.5,1011.7,54.0
2021-06-13,STN_NORTH,48.0,-122.3,19.7,2.2,80.6,13.7,1009.0,75.0
2021-06-13,STN_CENTRAL,37.8,-122.4,20.8,0.4,75.4,1.4,1010.3,63.0
2021-06-13,STN_SOUTH,34.0,-118.2,28.2,4.0,60.5,10.1,1018.9,71.0
2021-06-13,STN_INLAND,36.7,-119.8,24.5,0,46.3,8.3,1012.6,63.0
2021-06-13,STN_COASTAL,32.7,-117.2,24.8,0,67.5,6.3,1018.0,33.0
2021-06-14,STN_NORTH,48.0,-122.3,19.5,0,47.4,13.5,1016.3,37.0
2021-06-14,STN_CENTRAL,37.8,-122.4,18.2,0.4,59.7,,1011.7,56.0
2021-06-14,STN_SOUTH,34.0,-118.2,30.7,0,59.0,14.6,1004.8,27.0
2021-06-14,STN_INLAND,36.7,-119.8,27.0,0.0,71.4,17.9,1017.0,34.0
2021-06-14,STN_COASTAL,32.7,-117.2,24.5,0,34.4,11.3,1023.5,96.0
2021-06-15,STN_NORTH,48.0,-122.3,21.0,0,46.8,2.2,1015.4,91.0
2021-06-15,STN_CENTRAL,37.8,-122.4,20.5,0,71.2,19.0,1005.4,0
2021-06-15,STN_SOUTH,34.0,-118.2,27.5,2.6,68.2,3.0,1007.6,28.0
2021-06-15,STN_INLAND,36.7,-119.8,25.4,0.5,78.6,16.4,1015.4,59.0
2021-06-15,STN_COASTAL,32.7,-117.2,25.0,1.0,67.0,9.0,1012.7,53.0
2021-06-16,STN_NORTH,48.0,-122.3,19.6,0,56.9,12.9,1006.7,53.0
2021-06-16,STN_CENTRAL,37.8,-122.4,25.6,1.4,43.2,10.6,1011.8,49.0
2021-06-16,STN_SOUTH,34.0,-118.2,25.7,0,54.0,6.9,1014.0,44.0
2021-06-16,STN_INLAND,36.7,-119.8,26.7,0,53.0,14.7,1005.3,15.0
2021-06-16,STN_COASTAL,32.7,-117.2,27.5,0,34.8,23.0,1011.1,31.0
2021-06-17,STN_NORTH,48.0,-122.3,20.5,7.5,77.6,13.4,1012.9,50.0
2021-06-17,STN_CENTRAL,37.8,-122.4,26.9,,40.4,6.5,1016.6,62.0
2021-06-17,STN_SOUTH,34.0,-118.2,23.8,0,50.4,14.4,1006.7,28.0
2021-06-17,STN_INLAND,36.7,-119.8,30.3,0,35.5,5.2,1016.9,40.0
2021-06-17,STN_COASTAL,32.7,-117.2,23.3,0,53.9,8.2,1008.0,65.0
2021-06-18,STN_NORTH,48.0,-122.3,23.2,0,53.9,16.1,1016.1,11.0
2021-06-18,STN_CENTRAL,37.8,-122.4,20.6,0,48.3,12.9,1008.4,42.0
2021-06-18,STN_SOUTH,34.0,-118.2,26.3,2.2,66.1,8.5,1005.0,39.0
2021-06-18,STN_INLAND,36.7,-119.8,24.5,0,46.6,18.0,1007.5,90.0
2021-06-18,STN_COASTAL,32.7,-117.2,25.9,0,50.5,15.9,1008.7,31.0
2021-06-19,STN_NORTH,48.0,-122.3,18.9,0,64.4,0,1010.9,26.0
2021-06-19,STN_CENTRAL,37.8,-122.4,31.0,0,59.2,16.6,1012.4,42.0
2021-06-19,STN_SOUTH,34.0,-118.2,31.2,0.4,60.5,9.5,1011.3,70.0
2021-06-19,STN_INLAND,36.7,-119.8,27.2,0,57.6,7.4,1011.3,32.0
2021-06-19,STN_COASTAL,32.7,-117.2,30.2,1.1,46.0,,1007.9,71.0
2021-06-20,STN_NORTH,48.0,-122.3,15.4,0.1,67.6,10.7,1012.1,79.0
2021-06-20,STN_CENTRAL,37.8,-122.4,23.1,3.0,43.5,11.2,1009.9,65.0
2021-06-20,STN_SOUTH,34.0,-118.2,28.5,0,38.2,14.9,1016.2,31.0
2021-06-20,STN_INLAND,36.7,-119.8,26.8,2.8,52.9,15.2,1018.1,77.0
2021-06-20,STN_COASTAL,32.7,-117.2,24.9,3.8,67.6,13.1,1018.9,61.0
2021-06-21,STN_NORTH,48.0,-122.3,17.7,0,42.9,19.9,1018.4,55.0
2021-06-21,STN_CENTRAL,37.8,-122.4,26.8,5.5,70.1,7.8,1012.3,64.0
2021-06-21,STN_SOUTH,34.0,-118.2,24.3,2.1,69.0,11.5,1014.9,88.0
2021-06-21,STN_INLAND,36.7,-119.8,25.0,0,56.6,24.6,1016.8,44.0
2021-06-21,STN_COASTAL,32.7,-117.2,26.2,2.3,58.3,17.5,1010.7,52.0
2021-06-22,STN_NORTH,48.0,-122.3,20.5,0,41.1,9.5,1008.3,48.0
2021-06-22,STN_CENTRAL,37.8,-122.4,24.6,0,65.0,20.8,1002.2,15.0
2021-06-22,STN_SOUTH,34.0,-118.2,24.7,0,43.5,6.4,1007.6,35.0
2021-06-22,STN_INLAND,36.7,-119.8,27.3,0,53.6,17.3,1024.0,64.0
2021-06-22,STN_COASTAL,32.7,-117.2,25.3,4.0,72.4,3.9,1004.0,77.0
2021-06-23,STN_NORTH,48.0,-122.3,17.2,0,52.2,3.2,1010.6,35.0
2021-06-23,STN_CENTRAL,37.8,-122.4,27.2,0,41.0,14.9,1013.2,59.0
2021-06-23,STN_SOUTH,34.0,-118.2,28.3,0,52.8,9.0,1011.9,34.0
2021-06-23,STN_INLAND,36.7,-119.8,30.5,0,42.6,18.5,1004.9,6.0
2021-06-23,STN_COASTAL,32.7,-117.2,25.8,1.7,71.4,16.2,1009.7,81.0
2021-06-24,STN_NORTH,48.0,-122.3,23.5,0,60.7,11.3,1008.9,83.0
2021-06-24,STN_CENTRAL,37.8,-122.4,21.9,3.4,51.4,8.5,1004.8,40.0
2021-06-24,STN_SOUTH,34.0,-118.2,30.3,0,57.3,11.5,1016.2,34.0
2021-06-24,STN_INLAND,36.7,-119.8,25.2,0,50.6,14.7,1019.2,57.0
2021-06-24,STN_COASTAL,32.7,-117.2,29.6,0,63.3,14.7,1017.5,28.0
2021-06-25,STN_NORTH,48.0,-122.3,15.8,0.4,68.7,9.5,1012.6,41.0
2021-06-25,STN_CENTRAL,37.8,-122.4,26.1,0,73.6,20.2,1010.2,32.0
2021-06-25,STN_SOUTH,34.0,-118.2,20.8,3.5,66.0,25.7,1008.0,56.0
2021-06-25,STN_INLAND,36.7,-119.8,25.3,0,63.3,10.8,1018.1,2.0
2021-06-25,STN_COASTAL,32.7,-117.2,31.0,1.1,57.1,9.6,1009.0,70.0
2021-06-26,STN_NORTH,48.0,-122.3,22.9,2.3,49.9,16.1,1006.2,57.0
2021-06-26,STN_CENTRAL,37.8,-122.4,25.0,5.1,66.7,19.5,1012.4,36.0
2021-06-26,STN_SOUTH,34.0,-118.2,27.0,0,52.1,6.8,1015.0,33.0
2021-06-26,STN_INLAND,36.7,-119.8,21.5,0.3,60.9,12.0,1012.1,58.0
2021-06-26,STN_COASTAL,32.7,-117.2,23.3,0,41.0,8.6,1010.1,23.0
2021-06-27,STN_NORTH,48.0,-122.3,21.2,1.2,49.1,11.0,1005.8,35.0
2021-06-27,STN_CENTRAL,37.8,-122.4,23.9,0,57.1,12.8,1007.5,10.0
2021-06-27,STN_SOUTH,34.0,-118.2,25.8,0.2,65.5,6.7,1006.3,54.0
2021-06-27,STN_INLAND,36.7,-119.8,26.0,0,68.0,12.3,1015.5,41.0
2021-06-27,STN_COASTAL,32.7,-117.2,27.3,0,55.7,10.9,1008.5,50.0
2021-06-28,STN_NORTH,48.0,-122.3,15.9,0,82.0,7.9,1010.1,30.0
2021-06-28,STN_CENTRAL,37.8,-122.4,22.4,,48.4,14.5,1007.8,92.0
2021-06-28,STN_SOUTH,34.0,-118.2,25.0,0,54.1,15.7,1009.0,24.0
2021-06-28,STN_INLAND,36.7,-119.8,28.1,0,40.9,14.5,999.4,49.0
2021-06-28,STN_COASTAL,32.7,-117.2,25.7,0,41.3,14.9,1004.1,45.0
2021-06-29,STN_NORTH,48.0,-122.3,14.4,0,36.2,12.9,1019.8,67.0
2021-06-29,STN_CENTRAL,37.8,-122.4,21.3,4.2,86.0,17.3,1010.2,30.0
2021-06-29,STN_SOUTH,34.0,-118.2,28.0,0,66.8,5.9,1016.3,49.0
2021-06-29,STN_INLAND,36.7,-119.8,23.5,0,54.0,19.1,1005.2,28.0
2021-06-29,STN_COASTAL,32.7,-117.2,26.1,0,55.1,23.2,1006.8,87.0
2021-06-30,STN_NORTH,48.0,-122.3,21.3,3.8,59.5,13.1,1015.6,69.0
2021-06-30,STN_CENTRAL,37.8,-122.4,22.9,0,62.9,5.2,1012.9,44.0
2021-06-30,STN_SOUTH,34.0,-118.2,29.2,0,50.4,15.4,1012.2,30.0
2021-06-30,STN_INLAND,36.7,-119.8,20.8,0,37.4,1.2,1013.7,41.0
2021-06-30,STN_COASTAL,32.7,-117.2,27.3,1.8,66.0,3.8,1016.5,29.0
2021-07-01,STN_NORTH,48.0,-122.3,14.8,0,30.0,19.0,1008.6,47.0
2021-07-01,STN_CENTRAL,37.8,-122.4,27.0,2.3,73.6,10.5,1007.2,55.0
2021-07-01,STN_SOUTH,34.0,-118.2,31.2,0,55.6,16.1,1009.1,33.0
2021-07-01,STN_INLAND,36.7,-119.8,29.6,2.4,57.8,9.0,1011.6,51.0
2021-07-01,STN_COASTAL,32.7,-117.2,29.1,0,29.9,19.4,1000.9,82.0
2021-07-02,STN_NORTH,48.0,-122.3,18.9,0,44.4,15.9,1011.1,45.0
2021-07-02,STN_CENTRAL,37.8,-122.4,22.1,1.8,83.6,3.2,1009.3,43.0
2021-07-02,STN_SOUTH,34.0,-118.2,27.6,0,54.0,5.4,1007.7,40.0
2021-07-02,STN_INLAND,36.7,-119.8,24.6,0.5,55.4,17.6,1014.0,66.0
2021-07-02,STN_COASTAL,32.7,-117.2,24.9,0,22.4,12.1,1013.1,46.0
2021-07-03,STN_NORTH,48.0,-122.3,18.7,4.3,56.5,17.0,1005.7,75.0
2021-07-03,STN_CENTRAL,37.8,-122.4,28.8,0,82.4,3.6,1013.0,20.0
2021-07-03,STN_SOUTH,34.0,-118.2,25.8,0,71.1,14.5,1014.4,18.0
2021-07-03,STN_INLAND,36.7,-119.8,29.6,1.2,68.0,26.6,1012.6,74.0
2021-07-03,STN_COASTAL,32.7,-117.2,27.6,0,55.2,13.5,1007.2,58.0
2021-07-04,STN_NORTH,48.0,-122.3,15.0,0,56.2,4.0,1009.5,20.0
2021-07-04,STN_CENTRAL,37.8,-122.4,20.3,0,72.5,3.4,1013.2,34.0
2021-07-04,STN_SOUTH,34.0,-118.2,25.7,0,65.7,23.9,1014.9,66.0
2021-07-04,STN_INLAND,36.7,-119.8,21.6,0,50.5,7.7,1010.5,81.0
2021-07-04,STN_COASTAL,32.7,-117.2,27.9,0.4,63.3,16.4,1014.6,76.0
2021-07-05,STN_NORTH,48.0,-122.3,16.5,0,52.6,11.9,1004.8,47.0
2021-07-05,STN_CENTRAL,37.8,-122.4,25.0,0,47.6,11.8,1010.2,54.0
2021-07-05,STN_SOUTH,34.0,-118.2,29.8,0.5,77.1,16.7,1019.5,
2021-07-05,STN_INLAND,36.7,-119.8,26.2,0,65.6,10.7,1020.7,52.0
2021-07-05,STN_COASTAL,32.7,-117.2,26.4,1.2,81.4,7.7,1000.8,55.0
2021-07-06,STN_NORTH,48.0,-122.3,11.0,0,49.3,24.7,1010.1,53.0
2021-07-06,STN_CENTRAL,37.8,-122.4,19.0,1.3,50.5,12.1,1013.1,
2021-07-06,STN_SOUTH,34.0,-118.2,26.8,1.1,59.0,0.6,1010.2,47.0
2021-07-06,STN_INLAND,36.7,-119.8,23.1,0.2,49.9,19.1,1014.5,43.0
2021-07-06,STN_COASTAL,32.7,-117.2,29.0,0,61.1,24.1,1015.3,56.0
2021-07-07,STN_NORTH,48.0,-122.3,12.9,0,42.3,6.5,1008.7,62.0
2021-07-07,STN_CENTRAL,37.8,-122.4,27.9,1.4,75.6,7.0,1007.9,72.0
2021-07-07,STN_SOUTH,34.0,-118.2,32.2,2.8,66.3,1.5,1007.7,68.0
2021-07-07,STN_INLAND,36.7,-119.8,25.0,0.2,51.1,12.3,1010.9,49.0
2021-07-07,STN_COASTAL,32.7,-117.2,24.2,1.4,52.0,12.4,1011.3,55.0
2021-07-08,STN_NORTH,48.0,-122.3,15.1,0,34.6,6.6,1019.4,22.0
2021-07-08,STN_CENTRAL,37.8,-122.4,25.6,3.7,62.9,17.3,1000.9,56.0
2021-07-08,STN_SOUTH,34.0,-118.2,27.7,0,47.7,10.6,1012.4,42.0
2021-07-08,STN_INLAND,36.7,-119.8,26.6,0.6,89.4,13.8,1008.0,40.0
2021-07-08,STN_COASTAL,32.7,-117.2,28.0,0.4,70.1,6.1,1016.2,66.0
2021-07-09,STN_NORTH,48.0,-122.3,10.8,0,50.4,19.3,1018.1,0
2021-07-09,STN_CENTRAL,37.8,-122.4,27.1,2.2,54.8,15.4,1012.4,60.0
2021-07-09,STN_SOUTH,34.0,-118.2,31.2,0,64.9,1.1,1012.1,43.0
2021-07-09,STN_INLAND,36.7,-119.8,27.4,0.8,71.5,8.8,1018.3,75.0
2021-07-09,STN_COASTAL,32.7,-117.2,24.1,0,46.3,16.1,1006.9,52.0
2021-07-10,STN_NORTH,48.0,-122.3,25.1,0,47.2,12.5,1011.0,48.0
2021-07-10,STN_CENTRAL,37.8,-122.4,24.5,1.9,72.9,14.5,1003.7,65.0
2021-07-10,STN_SOUTH,34.0,-118.2,31.3,3.8,74.2,8.4,1009.5,70.0
2021-07-10,STN_INLAND,36.7,-119.8,30.1,0,55.1,17.0,1018.6,22.0
2021-07-10,STN_COASTAL,32.7,-117.2,32.8,0,43.8,16.2,1022.5,17.0
2021-07-11,STN_NORTH,48.0,-122.3,16.7,0,54.1,14.9,1010.9,43.0
2021-07-11,STN_CENTRAL,37.8,-122.4,19.7,0,31.0,11.0,1017.3,34.0
2021-07-11,STN_SOUTH,34.0,-118.2,30.9,0,53.7,27.1,1023.3,42.0
2021-07-11,STN_INLAND,36.7,-119.8,23.8,0,39.1,18.1,1010.1,57.0
2021-07-11,STN_COASTAL,32.7,-117.2,28.0,0.1,41.2,0,1010.7,76.0
2021-07-12,STN_NORTH,48.0,-122.3,22.8,0,57.4,10.9,1009.4,60.0
2021-07-12,STN_CENTRAL,37.8,-122.4,24.4,0,66.6,9.5,1014.7,53.0
2021-07-12,STN_SOUTH,34.0,-118.2,23.6,0,39.5,19.0,1016.5,38.0
2021-07-12,STN_INLAND,36.7,-119.8,19.0,0.2,70.5,9.8,1017.8,37.0
2021-07-12,STN_COASTAL,32.7,-117.2,26.8,1.8,59.1,9.5,1010.8,79.0
2021-07-13,STN_NORTH,48.0,-122.3,13.8,0,59.0,7.8,1016.5,53.0
2021-07-13,STN_CENTRAL,37.8,-122.4,19.1,0,57.2,10.9,1016.9,59.0
2021-07-13,STN_SOUTH,34.0,-118.2,33.8,0.5,65.9,10.1,1007.0,65.0
2021-07-13,STN_INLAND,36.7,-119.8,26.8,0,56.7,10.1,1013.8,57.0
2021-07-13,STN_COASTAL,32.7,-117.2,21.6,0,55.3,9.5,1012.7,13.0
2021-07-14,STN_NORTH,48.0,-122.3,17.9,1.0,63.7,5.0,1009.2,88.0
2021-07-14,STN_CENTRAL,37.8,-122.4,23.9,0,67.9,,1019.3,62.0
2021-07-14,STN_SOUTH,34.0,-118.2,22.4,0.5,74.7,8.3,1012.2,79.0
2021-07-14,STN_INLAND,36.7,-119.8,21.0,0,60.8,6.4,1005.9,43.0
2021-07-14,STN_COASTAL,32.7,-117.2,28.7,3.0,86.8,7.6,1004.9,39.0
2021-07-15,STN_NORTH,48.0,-122.3,19.3,0.8,57.9,12.0,1012.2,60.0
2021-07-15,STN_CENTRAL,37.8,-122.4,26.3,0,45.1,2.6,1019.2,53.0
2021-07-15,STN_SOUTH,34.0,-118.2,30.1,0,48.2,18.5,1019.9,23.0
2021-07-15,STN_INLAND,36.7,-119.8,24.6,0,56.8,14.1,1018.7,27.0
2021-07-15,STN_COASTAL,32.7,-117.2,25.8,0,58.9,15.0,1016.9,25.0
2021-07-16,STN_NORTH,48.0,-122.3,20.7,0,57.8,0,1008.0,41.0
2021-07-16,STN_CENTRAL,37.8,-122.4,25.5,1.7,66.0,4.4,1014.4,35.0
2021-07-16,STN_SOUTH,34.0,-118.2,27.1,0,44.8,9.3,1013.7,21.0
2021-07-16,STN_INLAND,36.7,-119.8,27.3,5.2,82.7,20.4,1006.5,50.0
2021-07-16,STN_COASTAL,32.7,-117.2,26.0,0,56.8,0,1011.7,17.0
2021-07-17,STN_NORTH,48.0,-122.3,16.8,0,55.6,3.6,1015.5,38.0
2021-07-17,STN_CENTRAL,37.8,-122.4,14.9,0,61.5,11.2,1011.8,11.0
2021-07-17,STN_SOUTH,34.0,-118.2,26.6,0,72.6,16.2,1016.9,26.0
2021-07-17,STN_INLAND,36.7,-119.8,22.8,2.7,52.7,30.7,1007.2,63.0
2021-07-17,STN_COASTAL,32.7,-117.2,25.5,0,52.8,13.5,1013.9,9.0
2021-07-18,STN_NORTH,48.0,-122.3,13.6,0,49.4,5.5,1010.7,32.0
2021-07-18,STN_CENTRAL,37.8,-122.4,29.2,2.0,50.1,20.2,1009.6,55.0
2021-07-18,STN_SOUTH,34.0,-118.2,26.1,,63.1,19.3,1015.7,50.0
2021-07-18,STN_INLAND,36.7,-119.8,22.6,0,52.9,19.2,1011.5,46.0
2021-07-18,STN_COASTAL,32.7,-117.2,29.7,0,56.2,17.5,1019.0,
2021-07-19,STN_NORTH,48.0,-122.3,17.2,0,58.5,18.2,1015.8,36.0
2021-07-19,STN_CENTRAL,37.8,-122.4,27.8,3.2,76.9,18.3,1002.4,76.0
2021-07-19,STN_SOUTH,34.0,-118.2,31.0,0.7,69.9,1.0,1015.6,100
2021-07-19,STN_INLAND,36.7,-119.8,25.1,1.4,75.7,12.3,1007.8,58.0
2021-07-19,STN_COASTAL,32.7,-117.2,19.9,0,79.1,8.2,1011.8,
2021-07-20,STN_NORTH,48.0,-122.3,15.0,2.6,45.7,12.9,1009.0,53.0
2021-07-20,STN_CENTRAL,37.8,-122.4,23.7,0.2,73.0,17.5,1011.7,64.0
2021-07-20,STN_SOUTH,34.0,-118.2,27.0,0,79.6,18.8,1003.0,59.0
2021-07-20,STN_INLAND,36.7,-119.8,25.1,0,71.2,17.2,1018.9,44.0
2021-07-20,STN_COASTAL,32.7,-117.2,27.9,0,76.4,6.1,1015.5,31.0
2021-07-21,STN_NORTH,48.0,-122.3,22.2,4.6,58.2,14.1,1016.3,27.0
2021-07-21,STN_CENTRAL,37.8,-122.4,16.5,1.3,56.8,0,1016.1,50.0
2021-07-21,STN_SOUTH,34.0,-118.2,30.2,0,63.2,21.5,1019.5,13.0
2021-07-21,STN_INLAND,36.7,-119.8,25.3,0.1,45.5,7.3,1007.1,60.0
2021-07-21,STN_COASTAL,32.7,-117.2,25.7,0,54.3,10.6,1021.0,39.0
2021-07-22,STN_NORTH,48.0,-122.3,16.0,0,52.9,16.8,1018.9,52.0
2021-07-22,STN_CENTRAL,37.8,-122.4,24.7,0,49.1,17.1,1006.7,42.0
2021-07-22,STN_SOUTH,34.0,-118.2,24.6,0,42.3,19.5,1021.1,49.0
2021-07-22,STN_INLAND,36.7,-119.8,26.1,4.2,56.3,24.4,1007.7,60.0
2021-07-22,STN_COASTAL,32.7,-117.2,22.5,0,46.8,1.3,1017.2,38.0
2021-07-23,STN_NORTH,48.0,-122.3,11.9,0,44.4,10.6,1017.2,47.0
2021-07-23,STN_CENTRAL,37.8,-122.4,27.1,0,41.4,14.4,1014.3,0
2021-07-23,STN_SOUTH,34.0,-118.2,27.3,0,49.1,9.3,1009.5,35.0
2021-07-23,STN_INLAND,36.7,-119.8,28.3,0,73.6,10.9,1011.8,0
2021-07-23,STN_COASTAL,32.7,-117.2,25.7,0,60.4,7.1,1016.9,37.0
2021-07-24,STN_NORTH,48.0,-122.3,16.2,0,68.7,4.8,1015.3,32.0
2021-07-24,STN_CENTRAL,37.8,-122.4,21.0,0,48.8,15.0,1007.2,54.0
2021-07-24,STN_SOUTH,34.0,-118.2,27.7,1.6,86.3,0.3,1003.6,55.0
2021-07-24,STN_INLAND,36.7,-119.8,30.1,0,69.0,18.1,1015.7,17.0
2021-07-24,STN_COASTAL,32.7,-117.2,29.1,2.0,69.3,15.4,1005.0,70.0
2021-07-25,STN_NORTH,48.0,-122.3,20.0,2.0,67.8,12.0,1004.7,67.0
2021-07-25,STN_CENTRAL,37.8,-122.4,21.8,0,48.5,13.2,1011.5,13.0
2021-07-25,STN_SOUTH,34.0,-118.2,28.0,0,61.4,9.6,1009.5,35.0
2021-07-25,STN_INLAND,36.7,-119.8,23.9,0,59.1,9.5,1015.6,59.0
2021-07-25,STN_COASTAL,32.7,-117.2,22.2,3.5,44.7,13.3,1008.5,70.0
2021-07-26,STN_NORTH,48.0,-122.3,17.5,0,61.2,5.5,1003.1,50.0
2021-07-26,STN_CENTRAL,37.8,-122.4,21.2,1.2,67.3,15.7,1019.5,53.0
2021-07-26,STN_SOUTH,34.0,-118.2,22.8,1.1,63.6,10.6,1011.6,74.0
2021-07-26,STN_INLAND,36.7,-119.8,24.4,0,67.1,23.8,1013.1,52.0
2021-07-26,STN_COASTAL,32.7,-117.2,29.2,0.6,58.0,11.0,1010.8,61.0
2021-07-27,STN_NORTH,48.0,-122.3,18.1,4.2,74.0,18.0,1009.8,75.0
2021-07-27,STN_CENTRAL,37.8,-122.4,19.8,0,50.9,7.7,1010.9,39.0
2021-07-27,STN_SOUTH,34.0,-118.2,31.5,0,59.2,3.3,1015.1,31.0
2021-07-27,STN_INLAND,36.7,-119.8,23.8,0,55.4,18.6,1013.1,44.0
2021-07-27,STN_COASTAL,32.7,-117.2,29.4,0,60.9,9.7,1014.2,32.0
2021-07-28,STN_NORTH,48.0,-122.3,23.6,0,44.9,2.5,1013.2,80.0
2021-07-28,STN_CENTRAL,37.8,-122.4,19.9,2.7,84.1,22.3,1018.0,81.0
2021-07-28,STN_SOUTH,34.0,-118.2,29.0,0,56.4,20.7,1014.7,30.0
2021-07-28,STN_INLAND,36.7,-119.8,27.8,0,44.9,18.5,1016.6,49.0
2021-07-28,STN_COASTAL,32.7,-117.2,19.5,0,77.2,4.9,1019.3,13.0
2021-07-29,STN_NORTH,48.0,-122.3,17.6,1.2,70.8,9.6,1016.7,32.0
2021-07-29,STN_CENTRAL,37.8,-122.4,24.7,0,55.0,4.6,1015.0,21.0
2021-07-29,STN_SOUTH,34.0,-118.2,29.6,0.7,64.3,8.6,1010.6,46.0
2021-07-29,STN_INLAND,36.7,-119.8,21.3,0,43.8,4.3,1014.1,31.0
2021-07-29,STN_COASTAL,32.7,-117.2,28.9,1.7,57.3,11.7,1015.6,57.0
2021-07-30,STN_NORTH,48.0,-122.3,17.5,0,48.1,19.3,1009.8,45.0
2021-07-30,STN_CENTRAL,37.8,-122.4,14.7,0,49.8,17.5,1014.1,14.0
2021-07-30,STN_SOUTH,34.0,-118.2,25.3,,70.7,15.2,1018.5,41.0
2021-07-30,STN_INLAND,36.7,-119.8,22.9,1.8,69.8,1.4,1000.8,61.0
2021-07-30,STN_COASTAL,32.7,-117.2,24.5,1.7,75.6,9.7,1014.7,33.0
2021-07-31,STN_NORTH,48.0,-122.3,11.0,0,50.0,20.4,1016.2,62.0
2021-07-31,STN_CENTRAL,37.8,-122.4,21.0,0,49.9,27.4,1009.1,40.0
2021-07-31,STN_SOUTH,34.0,-118.2,25.7,0,55.4,6.0,1014.2,79.0
2021-07-31,STN_INLAND,36.7,-119.8,24.0,0,76.1,16.0,1004.1,37.0
2021-07-31,STN_COASTAL,32.7,-117.2,24.1,0.6,59.5,9.7,1009.3,63.0
2021-08-01,STN_NORTH,48.0,-122.3,17.4,0,58.3,15.4,1007.7,39.0
2021-08-01,STN_CENTRAL,37.8,-122.4,23.3,1.1,67.5,17.9,1016.7,47.0
2021-08-01,STN_SOUTH,34.0,-118.2,25.5,0,62.3,21.7,1020.6,34.0
2021-08-01,STN_INLAND,36.7,-119.8,21.2,0,54.4,14.1,1018.4,34.0
2021-08-01,STN_COASTAL,32.7,-117.2,22.6,0,61.5,8.0,1011.4,43.0
2021-08-02,STN_NORTH,48.0,-122.3,12.4,1.3,95.7,14.1,1008.7,45.0
2021-08-02,STN_CENTRAL,37.8,-122.4,20.7,0,48.2,0,1016.7,30.0
2021-08-02,STN_SOUTH,34.0,-118.2,24.6,0,58.5,6.4,1017.4,0
2021-08-02,STN_INLAND,36.7,-119.8,21.9,0,87.6,10.2,1012.4,22.0
2021-08-02,STN_COASTAL,32.7,-117.2,18.9,0,72.3,8.3,1024.4,25.0
2021-08-03,STN_NORTH,48.0,-122.3,13.2,0,61.5,24.4,1009.0,29.0
2021-08-03,STN_CENTRAL,37.8,-122.4,21.9,0,50.2,5.8,1010.9,62.0
2021-08-03,STN_SOUTH,34.0,-118.2,31.0,0,46.4,2.0,1016.9,20.0
2021-08-03,STN_INLAND,36.7,-119.8,27.1,0,36.1,17.6,1012.5,61.0
2021-08-03,STN_COASTAL,32.7,-117.2,27.7,0,56.1,15.1,1017.8,31.0
2021-08-04,STN_NORTH,48.0,-122.3,20.8,0,61.6,23.6,1010.3,44.0
2021-08-04,STN_CENTRAL,37.8,-122.4,21.2,0,66.5,3.7,1017.2,46.0
2021-08-04,STN_SOUTH,34.0,-118.2,21.4,0.2,72.0,14.7,1022.7,48.0
2021-08-04,STN_INLAND,36.7,-119.8,23.3,0,42.1,24.4,1009.5,54.0
2021-08-04,STN_COASTAL,32.7,-117.2,19.2,0,67.5,12.5,1012.3,39.0
2021-08-05,STN_NORTH,48.0,-122.3,15.6,0.6,50.1,15.0,1010.2,74.0
2021-08-05,STN_CENTRAL,37.8,-122.4,17.5,0,56.6,22.2,1010.9,81.0
2021-08-05,STN_SOUTH,34.0,-118.2,23.4,0,44.2,10.3,1012.8,13.0
2021-08-05,STN_INLAND,36.7,-119.8,24.8,0,38.8,8.2,1006.0,35.0
2021-08-05,STN_COASTAL,32.7,-117.2,21.9,0,59.4,10.7,1008.5,22.0
2021-08-06,STN_NORTH,48.0,-122.3,11.7,0,50.5,5.3,1020.8,27.0
2021-08-06,STN_CENTRAL,37.8,-122.4,17.8,0,49.7,15.8,1015.0,45.0
2021-08-06,STN_SOUTH,34.0,-118.2,23.4,0,62.8,13.1,1016.1,70.0
2021-08-06,STN_INLAND,36.7,-119.8,27.0,0,83.2,6.6,1015.8,39.0
2021-08-06,STN_COASTAL,32.7,-117.2,29.9,0,44.1,3.4,1009.1,20.0
2021-08-07,STN_NORTH,48.0,-122.3,15.2,2.6,75.2,17.1,1009.7,65.0
2021-08-07,STN_CENTRAL,37.8,-122.4,16.9,0,52.5,0.6,1014.4,25.0
2021-08-07,STN_SOUTH,34.0,-118.2,24.7,1.2,70.5,13.6,1007.2,
2021-08-07,STN_INLAND,36.7,-119.8,18.8,0,53.7,9.6,1016.7,44.0
2021-08-07,STN_COASTAL,32.7,-117.2,20.6,0,57.2,23.2,1019.0,46.0
2021-08-08,STN_NORTH,48.0,-122.3,18.9,1.7,77.4,7.4,1003.9,56.0
2021-08-08,STN_CENTRAL,37.8,-122.4,23.1,1.9,67.4,14.7,1011.1,75.0
2021-08-08,STN_SOUTH,34.0,-118.2,23.1,0,35.2,8.8,1003.6,52.0
2021-08-08,STN_INLAND,36.7,-119.8,18.3,0,71.9,21.3,1021.1,39.0
2021-08-08,STN_COASTAL,32.7,-117.2,29.1,0,43.7,11.5,1001.2,2.0
2021-08-09,STN_NORTH,48.0,-122.3,15.0,0,57.0,15.2,1014.2,42.0
2021-08-09,STN_CENTRAL,37.8,-122.4,25.8,0,68.4,13.2,1010.3,37.0
2021-08-09,STN_SOUTH,34.0,-118.2,22.8,0,29.3,5.4,1014.1,4.0
2021-08-09,STN_INLAND,36.7,-119.8,23.9,0,64.6,8.7,1011.5,47.0
2021-08-09,STN_COASTAL,32.7,-117.2,26.3,0,65.5,6.7,1004.1,30.0
2021-08-10,STN_NORTH,48.0,-122.3,16.0,1.6,63.5,10.1,1009.0,50.0
2021-08-10,STN_CENTRAL,37.8,-122.4,21.3,0.9,80.2,12.6,1017.6,86.0
2021-08-10,STN_SOUTH,34.0,-118.2,21.5,0,44.6,7.5,1017.0,18.0
2021-08-10,STN_INLAND,36.7,-119.8,22.1,0,71.9,0,1015.3,22.0
2021-08-10,STN_COASTAL,32.7,-117.2,19.6,0,54.5,11.6,1014.4,48.0
2021-08-11,STN_NORTH,48.0,-122.3,10.0,0,53.4,10.0,1014.5,75.0
2021-08-11,STN_CENTRAL,37.8,-122.4,23.6,0,61.6,4.7,1008.0,0
2021-08-11,STN_SOUTH,34.0,-118.2,21.6,0.6,82.0,19.9,1010.3,90.0
2021-08-11,STN_INLAND,36.7,-119.8,21.3,0,73.7,9.0,1004.3,64.0
2021-08-11,STN_COASTAL,32.7,-117.2,26.6,0,45.7,14.2,1007.8,44.0
2021-08-12,STN_NORTH,48.0,-122.3,8.8,0,64.3,1.1,1022.9,6.0
2021-08-12,STN_CENTRAL,37.8,-122.4,18.5,0,69.8,9.2,1029.2,38.0
2021-08-12,STN_SOUTH,34.0,-118.2,22.9,0,76.7,4.9,1020.6,9.0
2021-08-12,STN_INLAND,36.7,-119.8,27.6,0,51.2,7.6,1006.9,25.0
2021-08-12,STN_COASTAL,32.7,-117.2,23.0,0,49.6,6.6,1015.1,52.0
2021-08-13,STN_NORTH,48.0,-122.3,12.6,0,63.5,14.4,1009.3,46.0
2021-08-13,STN_CENTRAL,37.8,-122.4,23.5,0,81.8,3.6,1025.9,42.0
2021-08-13,STN_SOUTH,34.0,-118.2,20.3,0,60.3,24.6,1008.9,55.0
2021-08-13,STN_INLAND,36.7,-119.8,22.7,0,58.5,5.5,1009.8,14.0
2021-08-13,STN_COASTAL,32.7,-117.2,25.5,2.1,55.5,17.6,1005.8,66.0
2021-08-14,STN_NORTH,48.0,-122.3,17.0,4.8,44.7,10.7,1017.0,67.0
2021-08-14,STN_CENTRAL,37.8,-122.4,18.6,1.0,46.1,8.5,1019.1,62.0
2021-08-14,STN_SOUTH,34.0,-118.2,23.2,0,69.2,20.0,1016.6,56.0
2021-08-14,STN_INLAND,36.7,-119.8,19.8,0.2,72.9,11.9,1015.7,48.0
2021-08-14,STN_COASTAL,32.7,-117.2,20.1,,49.1,12.2,1010.3,15.0
2021-08-15,STN_NORTH,48.0,-122.3,14.2,3.6,54.7,9.4,1022.5,34.0
2021-08-15,STN_CENTRAL,37.8,-122.4,19.9,0,67.2,19.2,1009.0,28.0
2021-08-15,STN_SOUTH,34.0,-118.2,22.5,3.8,63.7,14.0,1014.5,36.0
2021-08-15,STN_INLAND,36.7,-119.8,21.3,0.5,61.4,16.2,1016.6,86.0
2021-08-15,STN_COASTAL,32.7,-117.2,22.2,0,40.6,15.5,1013.6,23.0
2021-08-16,STN_NORTH,48.0,-122.3,13.0,0,61.0,12.5,1015.2,33.0
2021-08-16,STN_CENTRAL,37.8,-122.4,18.3,3.0,41.7,2.7,1013.8,65.0
2021-08-16,STN_SOUTH,34.0,-118.2,18.6,0,68.9,18.8,1014.3,24.0
2021-08-16,STN_INLAND,36.7,-119.8,24.6,3.0,66.4,5.9,1009.9,68.0
2021-08-16,STN_COASTAL,32.7,-117.2,22.9,0.3,63.7,13.2,1009.6,40.0
2021-08-17,STN_NORTH,48.0,-122.3,12.4,0,69.6,1.8,1015.2,36.0
2021-08-17,STN_CENTRAL,37.8,-122.4,20.0,0,39.1,11.9,1017.2,48.0
2021-08-17,STN_SOUTH,34.0,-118.2,27.7,0,67.2,8.4,1025.6,61.0
2021-08-17,STN_INLAND,36.7,-119.8,18.8,0,49.5,3.4,1012.4,30.0
2021-08-17,STN_COASTAL,32.7,-117.2,26.2,0,64.7,4.1,1017.8,53.0
2021-08-18,STN_NORTH,48.0,-122.3,13.4,6.0,74.8,15.0,1005.5,65.0
2021-08-18,STN_CENTRAL,37.8,-122.4,19.8,0,51.5,11.7,1011.4,52.0
2021-08-18,STN_SOUTH,34.0,-118.2,27.2,2.6,67.3,6.6,1012.3,59.0
2021-08-18,STN_INLAND,36.7,-119.8,26.1,2.7,87.3,12.4,1014.9,100
2021-08-18,STN_COASTAL,32.7,-117.2,23.3,0,47.6,12.6,1008.5,6.0
2021-08-19,STN_NORTH,48.0,-122.3,16.8,0,60.6,16.3,1014.6,32.0
2021-08-19,STN_CENTRAL,37.8,-122.4,18.2,0,51.1,17.8,1010.8,53.0
2021-08-19,STN_SOUTH,34.0,-118.2,23.1,0,61.9,6.6,1013.8,77.0
2021-08-19,STN_INLAND,36.7,-119.8,23.2,0,79.5,13.1,1014.9,27.0
2021-08-19,STN_COASTAL,32.7,-117.2,24.6,0,65.0,8.0,1014.9,78.0
2021-08-20,STN_NORTH,48.0,-122.3,10.8,0,43.7,2.4,1009.6,15.0
2021-08-20,STN_CENTRAL,37.8,-122.4,20.1,0,70.4,9.9,1012.3,40.0
2021-08-20,STN_SOUTH,34.0,-118.2,20.1,0,54.3,4.0,1008.9,30.0
2021-08-20,STN_INLAND,36.7,-119.8,19.4,0.9,64.4,14.9,1011.9,52.0
2021-08-20,STN_COASTAL,32.7,-117.2,21.3,0,55.2,10.2,1016.0,17.0
2021-08-21,STN_NORTH,48.0,-122.3,15.5,0,51.5,11.4,1012.9,11.0
2021-08-21,STN_CENTRAL,37.8,-122.4,16.2,0,60.7,11.0,1020.9,29.0
2021-08-21,STN_SOUTH,34.0,-118.2,24.3,2.0,64.3,10.8,1013.5,52.0
2021-08-21,STN_INLAND,36.7,-119.8,14.2,2.8,83.6,19.4,1004.6,97.0
2021-08-21,STN_COASTAL,32.7,-117.2,28.0,0,39.0,15.3,1014.9,70.0
2021-08-22,STN_NORTH,48.0,-122.3,16.3,3.5,65.5,5.6,1005.9,58.0
2021-08-22,STN_CENTRAL,37.8,-122.4,18.6,2.2,56.1,2.5,1011.4,58.0
2021-08-22,STN_SOUTH,34.0,-118.2,19.2,0,44.2,12.1,1018.3,22.0
2021-08-22,STN_INLAND,36.7,-119.8,21.6,0,51.3,13.9,1010.7,48.0
2021-08-22,STN_COASTAL,32.7,-117.2,15.3,0,55.0,5.6,1020.0,15.0
2021-08-23,STN_NORTH,48.0,-122.3,9.9,2.7,68.9,9.2,1006.3,45.0
2021-08-23,STN_CENTRAL,37.8,-122.4,13.7,0,58.0,10.7,1010.8,54.0
2021-08-23,STN_SOUTH,34.0,-118.2,26.0,0,82.5,9.7,1015.4,38.0
2021-08-23,STN_INLAND,36.7,-119.8,22.6,0.9,59.0,15.6,1013.0,45.0
2021-08-23,STN_COASTAL,32.7,-117.2,25.5,0,66.1,15.8,1019.2,37.0
2021-08-24,STN_NORTH,48.0,-122.3,12.9,0,66.5,15.2,1011.3,37.0
2021-08-24,STN_CENTRAL,37.8,-122.4,19.5,6.2,80.0,0,1005.6,55.0
2021-08-24,STN_SOUTH,34.0,-118.2,25.0,0,52.1,0.3,1014.2,40.0
2021-08-24,STN_INLAND,36.7,-119.8,24.1,0,66.8,10.9,1021.2,23.0
2021-08-24,STN_COASTAL,32.7,-117.2,19.9,3.7,55.4,19.8,1013.5,46.0
2021-08-25,STN_NORTH,48.0,-122.3,10.7,4.6,62.0,16.5,1016.7,41.0
2021-08-25,STN_CENTRAL,37.8,-122.4,21.7,0,63.0,19.2,1012.9,39.0
2021-08-25,STN_SOUTH,34.0,-118.2,20.8,2.5,68.5,13.7,1006.5,73.0
2021-08-25,STN_INLAND,36.7,-119.8,17.0,0,77.1,9.6,1011.6,24.0
2021-08-25,STN_COASTAL,32.7,-117.2,25.6,0,50.8,14.6,1013.9,32.0
2021-08-26,STN_NORTH,48.0,-122.3,7.6,,48.9,4.5,1010.6,41.0
2021-08-26,STN_CENTRAL,37.8,-122.4,18.3,0,50.6,6.6,1010.6,0
2021-08-26,STN_SOUTH,34.0,-118.2,25.0,3.0,60.8,5.1,1013.1,66.0
2021-08-26,STN_INLAND,36.7,-119.8,22.1,0,41.5,19.2,1013.7,11.0
2021-08-26,STN_COASTAL,32.7,-117.2,19.9,0,35.6,4.3,1010.3,23.0
2021-08-27,STN_NORTH,48.0,-122.3,10.5,0,55.9,13.7,1019.6,74.0
2021-08-27,STN_CENTRAL,37.8,-122.4,14.6,0,44.5,15.2,1006.1,32.0
2021-08-27,STN_SOUTH,34.0,-118.2,17.8,0,62.2,2.4,1011.8,29.0
2021-08-27,STN_INLAND,36.7,-119.8,17.8,2.5,58.8,18.1,1005.7,49.0
2021-08-27,STN_COASTAL,32.7,-117.2,25.5,0,62.4,14.0,1006.3,12.0
2021-08-28,STN_NORTH,48.0,-122.3,13.3,2.3,67.0,8.0,1013.5,85.0
2021-08-28,STN_CENTRAL,37.8,-122.4,17.2,0.7,66.3,3.9,1005.8,46.0
2021-08-28,STN_SOUTH,34.0,-118.2,22.3,0,58.3,14.9,1010.8,11.0
2021-08-28,STN_INLAND,36.7,-119.8,20.1,0,66.7,22.9,1013.4,41.0
2021-08-28,STN_COASTAL,32.7,-117.2,24.2,2.0,51.1,21.2,1017.0,54.0
2021-08-29,STN_NORTH,48.0,-122.3,8.0,0,69.8,19.1,1009.3,26.0
2021-08-29,STN_CENTRAL,37.8,-122.4,10.9,0,73.8,3.1,1014.7,41.0
2021-08-29,STN_SOUTH,34.0,-118.2,19.3,0.1,82.0,9.4,1007.7,96.0
2021-08-29,STN_INLAND,36.7,-119.8,21.8,1.0,60.0,18.0,1007.7,74.0
2021-08-29,STN_COASTAL,32.7,-117.2,18.8,2.6,58.0,0.8,1018.5,59.0
2021-08-30,STN_NORTH,48.0,-122.3,13.2,4.8,76.3,7.8,1013.7,63.0
2021-08-30,STN_CENTRAL,37.8,-122.4,17.3,0,52.0,18.9,1007.9,83.0
2021-08-30,STN_SOUTH,34.0,-118.2,22.8,0,33.7,24.8,1011.6,21.0
2021-08-30,STN_INLAND,36.7,-119.8,20.5,0,66.6,15.5,1011.8,62.0
2021-08-30,STN_COASTAL,32.7,-117.2,21.5,0.4,64.3,17.4,1007.0,85.0
2021-08-31,STN_NORTH,48.0,-122.3,8.8,0,68.6,16.7,1016.0,52.0
2021-08-31,STN_CENTRAL,37.8,-122.4,17.4,0,49.5,17.1,1004.8,58.0
2021-08-31,STN_SOUTH,34.0,-118.2,23.2,1.9,62.3,19.0,1014.4,36.0
2021-08-31,STN_INLAND,36.7,-119.8,21.9,,77.1,3.7,1014.6,72.0
2021-08-31,STN_COASTAL,32.7,-117.2,14.7,0,56.7,24.4,1022.7,64.0
2021-09-01,STN_NORTH,48.0,-122.3,11.0,0,59.9,11.3,1017.9,43.0
2021-09-01,STN_CENTRAL,37.8,-122.4,21.4,0,41.7,14.6,1018.0,44.0
2021-09-01,STN_SOUTH,34.0,-118.2,23.4,0,36.5,16.3,1013.0,26.0
2021-09-01,STN_INLAND,36.7,-119.8,19.5,0,62.7,8.1,1006.8,56.0
2021-09-01,STN_COASTAL,32.7,-117.2,19.1,0,79.3,15.4,1019.0,26.0
2021-09-02,STN_NORTH,48.0,-122.3,9.9,0,37.2,16.4,1007.7,35.0
2021-09-02,STN_CENTRAL,37.8,-122.4,15.7,2.6,63.3,15.0,1025.8,52.0
2021-09-02,STN_SOUTH,34.0,-118.2,24.5,0,56.4,12.4,1004.8,52.0
2021-09-02,STN_INLAND,36.7,-119.8,18.9,0,56.8,23.4,1005.1,32.0
2021-09-02,STN_COASTAL,32.7,-117.2,25.0,0,42.1,6.9,1011.9,16.0
2021-09-03,STN_NORTH,48.0,-122.3,13.0,0,65.0,11.7,1009.0,39.0
2021-09-03,STN_CENTRAL,37.8,-122.4,14.5,0,49.2,20.3,1012.1,68.0
2021-09-03,STN_SOUTH,34.0,-118.2,23.3,0,55.5,18.6,1018.9,55.0
2021-09-03,STN_INLAND,36.7,-119.8,21.0,1.1,63.9,9.1,1016.0,45.0
2021-09-03,STN_COASTAL,32.7,-117.2,18.8,0.6,66.5,22.1,1008.5,60.0
2021-09-04,STN_NORTH,48.0,-122.3,9.7,2.3,61.9,9.2,1015.1,41.0
2021-09-04,STN_CENTRAL,37.8,-122.4,10.4,0,41.0,11.1,1011.6,42.0
2021-09-04,STN_SOUTH,34.0,-118.2,23.1,1.8,81.9,8.6,1023.0,71.0
2021-09-04,STN_INLAND,36.7,-119.8,18.0,1.0,74.3,14.2,1018.9,24.0
2021-09-04,STN_COASTAL,32.7,-117.2,16.7,0,40.6,9.4,1018.8,29.0
2021-09-05,STN_NORTH,48.0,-122.3,11.5,0,54.4,11.2,1017.0,54.0
2021-09-05,STN_CENTRAL,37.8,-122.4,17.4,5.5,53.6,7.0,1005.3,22.0
2021-09-05,STN_SOUTH,34.0,-118.2,17.8,1.7,60.2,2.2,1011.8,53.0
2021-09-05,STN_INLAND,36.7,-119.8,19.0,1.1,73.9,18.6,1016.9,74.0
2021-09-05,STN_COASTAL,32.7,-117.2,15.8,0,43.9,12.6,1022.1,14.0
2021-09-06,STN_NORTH,48.0,-122.3,7.6,5.7,62.1,20.1,1010.4,72.0
2021-09-06,STN_CENTRAL,37.8,-122.4,17.3,0,76.6,9.1,1007.0,33.0
2021-09-06,STN_SOUTH,34.0,-118.2,23.6,0.8,64.6,12.7,1016.1,88.0
2021-09-06,STN_INLAND,36.7,-119.8,19.5,0,82.5,8.6,1017.4,86.0
2021-09-06,STN_COASTAL,32.7,-117.2,17.5,2.9,74.7,13.0,1011.3,53.0
2021-09-07,STN_NORTH,48.0,-122.3,15.0,0.3,55.6,26.4,1016.6,65.0
2021-09-07,STN_CENTRAL,37.8,-122.4,16.1,0,51.7,1.8,1012.4,22.0
2021-09-07,STN_SOUTH,34.0,-118.2,19.1,0,38.9,12.2,1004.3,56.0
2021-09-07,STN_INLAND,36.7,-119.8,19.2,0,39.7,11.1,1016.0,27.0
2021-09-07,STN_COASTAL,32.7,-117.2,19.6,1.3,72.6,8.8,1000.7,65.0
2021-09-08,STN_NORTH,48.0,-122.3,4.9,0,78.6,9.6,1009.2,49.0
2021-09-08,STN_CENTRAL,37.8,-122.4,16.6,3.8,59.4,5.0,1014.5,56.0
2021-09-08,STN_SOUTH,34.0,-118.2,20.5,0,55.1,14.9,1014.9,45.0
2021-09-08,STN_INLAND,36.7,-119.8,16.4,0,51.4,26.4,1011.3,0
2021-09-08,STN_COASTAL,32.7,-117.2,24.7,1.0,79.8,2.0,1008.7,55.0
2021-09-09,STN_NORTH,48.0,-122.3,7.0,0,50.6,13.9,1012.3,55.0
2021-09-09,STN_CENTRAL,37.8,-122.4,14.4,0,47.8,4.6,1012.9,27.0
2021-09-09,STN_SOUTH,34.0,-118.2,15.6,0,67.8,17.3,1011.5,61.0
2021-09-09,STN_INLAND,36.7,-119.8,20.0,0.4,81.1,18.5,1002.0,48.0
2021-09-09,STN_COASTAL,32.7,-117.2,20.5,0,63.4,11.0,1008.8,59.0
2021-09-10,STN_NORTH,48.0,-122.3,11.4,0.6,66.9,19.9,1012.9,37.0
2021-09-10,STN_CENTRAL,37.8,-122.4,19.4,0,48.4,4.7,1015.6,83.0
2021-09-10,STN_SOUTH,34.0,-118.2,17.8,0,60.7,22.0,1019.7,60.0
2021-09-10,STN_INLAND,36.7,-119.8,16.6,0,53.7,5.6,1014.2,35.0
2021-09-10,STN_COASTAL,32.7,-117.2,19.2,0,59.2,15.6,1007.0,29.0
2021-09-11,STN_NORTH,48.0,-122.3,14.0,4.2,80.0,8.5,1005.7,59.0
2021-09-11,STN_CENTRAL,37.8,-122.4,17.4,0,56.9,1.2,1014.1,54.0
2021-09-11,STN_SOUTH,34.0,-118.2,14.3,0,69.5,13.7,1014.8,2.0
2021-09-11,STN_INLAND,36.7,-119.8,11.2,2.8,44.3,12.9,1013.7,54.0
2021-09-11,STN_COASTAL,32.7,-117.2,24.2,0,78.4,13.8,1011.9,31.0
2021-09-12,STN_NORTH,48.0,-122.3,11.2,0,44.1,12.8,1009.7,50.0
2021-09-12,STN_CENTRAL,37.8,-122.4,15.0,3.8,64.1,7.8,1012.6,88.0
2021-09-12,STN_SOUTH,34.0,-118.2,18.8,0.9,85.7,9.2,1014.5,57.0
2021-09-12,STN_INLAND,36.7,-119.8,14.7,4.5,70.9,12.3,1016.4,56.0
2021-09-12,STN_COASTAL,32.7,-117.2,17.5,0,54.8,11.4,1016.5,12.0
2021-09-13,STN_NORTH,48.0,-122.3,1.7,0,47.5,4.2,1009.8,36.0
2021-09-13,STN_CENTRAL,37.8,-122.4,14.1,0,50.0,16.8,1016.0,71.0
2021-09-13,STN_SOUTH,34.0,-118.2,16.6,1.2,47.0,10.6,1010.3,61.0
2021-09-13,STN_INLAND,36.7,-119.8,13.4,1.5,89.2,21.8,1013.2,
2021-09-13,STN_COASTAL,32.7,-117.2,15.8,3.0,58.3,3.4,1014.7,46.0
2021-09-14,STN_NORTH,48.0,-122.3,5.4,0,69.4,7.5,1012.4,8.0
2021-09-14,STN_CENTRAL,37.8,-122.4,13.5,0,59.2,17.9,1011.7,59.0
2021-09-14,STN_SOUTH,34.0,-118.2,16.6,0,48.3,12.3,1015.9,12.0
2021-09-14,STN_INLAND,36.7,-119.8,16.7,0,36.8,0,1013.4,31.0
2021-09-14,STN_COASTAL,32.7,-117.2,16.7,0,80.6,12.6,1017.9,39.0
2021-09-15,STN_NORTH,48.0,-122.3,8.6,0,71.0,12.0,1014.1,65.0
2021-09-15,STN_CENTRAL,37.8,-122.4,21.0,2.5,75.3,10.4,1014.8,57.0
2021-09-15,STN_SOUTH,34.0,-118.2,22.4,0,44.4,6.5,1014.4,15.0
2021-09-15,STN_INLAND,36.7,-119.8,23.8,1.4,52.4,,1017.0,100
2021-09-15,STN_COASTAL,32.7,-117.2,23.5,0,49.7,11.5,1008.0,61.0
2021-09-16,STN_NORTH,48.0,-122.3,12.1,0,48.4,9.5,1011.5,47.0
2021-09-16,STN_CENTRAL,37.8,-122.4,15.7,5.5,56.0,13.5,1009.3,48.0
2021-09-16,STN_SOUTH,34.0,-118.2,22.7,0,77.1,15.6,1008.8,46.0
2021-09-16,STN_INLAND,36.7,-119.8,13.1,0.3,66.0,11.5,1004.5,69.0
2021-09-16,STN_COASTAL,32.7,-117.2,24.0,0,66.8,11.5,1011.6,52.0
2021-09-17,STN_NORTH,48.0,-122.3,3.7,0,29.4,7.8,1013.9,55.0
2021-09-17,STN_CENTRAL,37.8,-122.4,10.0,0,46.5,6.4,1001.9,45.0
2021-09-17,STN_SOUTH,34.0,-118.2,16.8,0,75.1,15.6,1015.8,83.0
2021-09-17,STN_INLAND,36.7,-119.8,16.3,0,68.8,16.5,1014.8,72.0
2021-09-17,STN_COASTAL,32.7,-117.2,15.0,1.2,76.1,9.5,1012.9,53.0
2021-09-18,STN_NORTH,48.0,-122.3,10.6,5.5,58.8,6.1,1013.9,62.0
2021-09-18,STN_CENTRAL,37.8,-122.4,19.7,1.6,60.6,21.3,1010.7,73.0
2021-09-18,STN_SOUTH,34.0,-118.2,18.4,0,66.8,13.7,1012.8,25.0
2021-09-18,STN_INLAND,36.7,-119.8,11.6,0,59.4,10.9,1012.8,46.0
2021-09-18,STN_COASTAL,32.7,-117.2,15.4,3.2,58.9,6.6,1016.9,84.0
2021-09-19,STN_NORTH,48.0,-122.3,5.7,0,75.4,23.0,1016.2,49.0
2021-09-19,STN_CENTRAL,37.8,-122.4,14.6,0,64.3,20.5,1016.3,39.0
2021-09-19,STN_SOUTH,34.0,-118.2,23.1,1.3,75.9,11.3,1010.7,65.0
2021-09-19,STN_INLAND,36.7,-119.8,21.0,1.8,59.5,9.7,1011.3,41.0
2021-09-19,STN_COASTAL,32.7,-117.2,17.2,0,68.7,5.4,1009.0,10.0
2021-09-20,STN_NORTH,48.0,-122.3,9.9,4.2,62.1,12.8,1014.1,83.0
2021-09-20,STN_CENTRAL,37.8,-122.4,19.5,0,58.0,7.9,1009.4,23.0
2021-09-20,STN_SOUTH,34.0,-118.2,14.6,1.6,74.3,9.1,1013.6,45.0
2021-09-20,STN_INLAND,36.7,-119.8,18.0,1.8,63.9,6.6,1020.4,51.0
2021-09-20,STN_COASTAL,32.7,-117.2,15.1,0,45.9,8.9,1012.9,50.0
2021-09-21,STN_NORTH,48.0,-122.3,8.1,0,59.0,20.6,1017.7,34.0
2021-09-21,STN_CENTRAL,37.8,-122.4,15.4,2.8,76.6,10.1,1014.2,71.0
2021-09-21,STN_SOUTH,34.0,-118.2,14.8,2.5,75.7,20.2,1008.4,65.0
2021-09-21,STN_INLAND,36.7,-119.8,15.9,0,52.1,14.1,1002.9,12.0
2021-09-21,STN_COASTAL,32.7,-117.2,13.8,0,33.6,19.6,1015.5,14.0
2021-09-22,STN_NORTH,48.0,-122.3,4.2,5.4,57.7,17.2,1002.0,50.0
2021-09-22,STN_CENTRAL,37.8,-122.4,12.4,0,62.7,19.7,1014.4,53.0
2021-09-22,STN_SOUTH,34.0,-118.2,21.9,1.0,50.5,6.6,1016.7,58.0
2021-09-22,STN_INLAND,36.7,-119.8,22.7,0,80.8,20.5,1012.2,58.0
2021-09-22,STN_COASTAL,32.7,-117.2,17.5,2.8,70.8,12.5,1014.2,63.0
2021-09-23,STN_NORTH,48.0,-122.3,7.0,2.1,75.2,5.2,1022.7,34.0
2021-09-23,STN_CENTRAL,37.8,-122.4,12.0,0,64.2,14.1,1016.1,44.0
2021-09-23,STN_SOUTH,34.0,-118.2,17.4,1.5,99.7,9.1,1012.7,25.0
2021-09-23,STN_INLAND,36.7,-119.8,14.2,0,65.5,0.3,1012.4,44.0
2021-09-23,STN_COASTAL,32.7,-117.2,17.0,0,53.8,20.5,1013.0,31.0
2021-09-24,STN_NORTH,48.0,-122.3,8.1,4.0,84.3,14.7,1007.9,49.0
2021-09-24,STN_CENTRAL,37.8,-122.4,14.1,4.7,66.6,15.7,1010.6,44.0
2021-09-24,STN_SOUTH,34.0,-118.2,15.6,4.0,45.8,3.5,1005.6,62.0
2021-09-24,STN_INLAND,36.7,-119.8,14.2,1.1,60.3,10.3,1014.7,61.0
2021-09-24,STN_COASTAL,32.7,-117.2,16.6,1.8,66.2,13.5,1002.3,59.0
2021-09-25,STN_NORTH,48.0,-122.3,2.5,0,74.2,12.0,1013.2,29.0
2021-09-25,STN_CENTRAL,37.8,-122.4,14.4,0,42.3,5.2,1013.1,24.0
2021-09-25,STN_SOUTH,34.0,-118.2,22.4,0,61.6,6.5,1014.0,64.0
2021-09-25,STN_INLAND,36.7,-119.8,13.2,0.1,59.6,12.3,1010.9,84.0
2021-09-25,STN_COASTAL,32.7,-117.2,15.9,0,81.2,10.3,1016.0,66.0
2021-09-26,STN_NORTH,48.0,-122.3,4.0,0,58.9,18.8,1006.9,17.0
2021-09-26,STN_CENTRAL,37.8,-122.4,14.8,0,65.9,,1017.2,53.0
2021-09-26,STN_SOUTH,34.0,-118.2,13.7,0,67.4,6.8,1021.8,74.0
2021-09-26,STN_INLAND,36.7,-119.8,18.1,0,67.0,26.8,1001.3,26.0
2021-09-26,STN_COASTAL,32.7,-117.2,13.7,0,69.0,8.2,1016.5,47.0
2021-09-27,STN_NORTH,48.0,-122.3,4.2,3.7,47.7,16.1,1006.2,59.0
2021-09-27,STN_CENTRAL,37.8,-122.4,16.0,0,64.7,10.3,1018.6,28.0
2021-09-27,STN_SOUTH,34.0,-118.2,15.9,1.5,87.5,13.7,1012.7,17.0
2021-09-27,STN_INLAND,36.7,-119.8,15.5,2.8,76.2,9.8,1014.7,40.0
2021-09-27,STN_COASTAL,32.7,-117.2,17.0,2.3,76.2,0,1012.4,65.0
2021-09-28,STN_NORTH,48.0,-122.3,4.3,0,64.7,13.8,1009.1,22.0
2021-09-28,STN_CENTRAL,37.8,-122.4,7.3,2.1,79.2,4.7,1002.2,38.0
2021-09-28,STN_SOUTH,34.0,-118.2,17.2,0,71.0,18.0,1013.5,66.0
2021-09-28,STN_INLAND,36.7,-119.8,17.7,0,75.9,18.0,1012.7,36.0
2021-09-28,STN_COASTAL,32.7,-117.2,11.6,4.4,79.3,9.1,1007.3,78.0
2021-09-29,STN_NORTH,48.0,-122.3,3.5,0,38.4,16.2,1008.9,34.0
2021-09-29,STN_CENTRAL,37.8,-122.4,16.0,0,62.4,0,1013.2,20.0
2021-09-29,STN_SOUTH,34.0,-118.2,17.9,0,73.9,20.3,1020.1,49.0
2021-09-29,STN_INLAND,36.7,-119.8,14.9,3.4,75.6,6.2,1012.1,45.0
2021-09-29,STN_COASTAL,32.7,-117.2,18.9,0,39.0,7.6,1020.5,39.0
2021-09-30,STN_NORTH,48.0,-122.3,6.1,5.5,78.3,2.1,1019.4,47.0
2021-09-30,STN_CENTRAL,37.8,-122.4,12.3,0.7,81.4,22.9,1026.5,52.0
2021-09-30,STN_SOUTH,34.0,-118.2,14.3,0,60.4,13.5,1004.0,54.0
2021-09-30,STN_INLAND,36.7,-119.8,12.8,2.1,69.0,16.5,1015.1,41.0
2021-09-30,STN_COASTAL,32.7,-117.2,19.5,0,65.9,11.4,1009.6,46.0
2021-10-01,STN_NORTH,48.0,-122.3,2.4,5.0,61.9,17.6,1013.8,80.0
2021-10-01,STN_CENTRAL,37.8,-122.4,5.9,1.1,77.7,19.3,1009.0,29.0
2021-10-01,STN_SOUTH,34.0,-118.2,16.5,0,60.2,7.7,1002.8,31.0
2021-10-01,STN_INLAND,36.7,-119.8,16.5,0,67.6,10.3,1015.3,56.0
2021-10-01,STN_COASTAL,32.7,-117.2,15.9,0,51.4,13.8,1012.4,26.0
2021-10-02,STN_NORTH,48.0,-122.3,2.4,1.2,59.2,20.5,1009.5,61.0
2021-10-02,STN_CENTRAL,37.8,-122.4,12.5,0,49.9,13.3,1017.0,50.0
2021-10-02,STN_SOUTH,34.0,-118.2,13.4,3.6,87.5,10.0,1014.7,50.0
2021-10-02,STN_INLAND,36.7,-119.8,14.0,0,64.6,9.9,1014.9,54.0
2021-10-02,STN_COASTAL,32.7,-117.2,16.6,2.2,70.2,14.4,1011.3,65.0
2021-10-03,STN_NORTH,48.0,-122.3,0.6,9.2,78.0,16.5,1020.3,63.0
2021-10-03,STN_CENTRAL,37.8,-122.4,14.0,0,39.9,6.6,1016.7,49.0
2021-10-03,STN_SOUTH,34.0,-118.2,19.4,0,48.7,17.9,1018.6,33.0
2021-10-03,STN_INLAND,36.7,-119.8,18.0,0,58.3,1.3,1021.7,49.0
2021-10-03,STN_COASTAL,32.7,-117.2,16.3,0,54.5,6.2,1016.0,26.0
2021-10-04,STN_NORTH,48.0,-122.3,7.4,2.1,80.2,15.7,1018.7,73.0
2021-10-04,STN_CENTRAL,37.8,-122.4,10.0,0,70.4,6.6,1015.8,34.0
2021-10-04,STN_SOUTH,34.0,-118.2,21.1,0,50.0,15.4,1015.9,24.0
2021-10-04,STN_INLAND,36.7,-119.8,11.0,0,58.8,9.2,1016.5,48.0
2021-10-04,STN_COASTAL,32.7,-117.2,20.4,4.2,67.7,8.1,1016.2,55.0
2021-10-05,STN_NORTH,48.0,-122.3,4.1,6.8,52.5,17.7,1010.9,56.0
2021-10-05,STN_CENTRAL,37.8,-122.4,13.1,0,69.0,17.3,1008.8,12.0
2021-10-05,STN_SOUTH,34.0,-118.2,16.2,0,63.1,4.6,1015.4,32.0
2021-10-05,STN_INLAND,36.7,-119.8,12.1,0.5,66.5,5.7,1017.0,93.0
2021-10-05,STN_COASTAL,32.7,-117.2,14.7,0,69.8,15.7,1015.9,34.0
2021-10-06,STN_NORTH,48.0,-122.3,5.8,0.1,69.8,12.5,1008.0,100
2021-10-06,STN_CENTRAL,37.8,-122.4,7.5,2.5,72.3,17.6,1009.0,15.0
2021-10-06,STN_SOUTH,34.0,-118.2,15.9,0,54.8,21.2,1015.6,17.0
2021-10-06,STN_INLAND,36.7,-119.8,9.3,0,76.9,8.6,1011.0,24.0
2021-10-06,STN_COASTAL,32.7,-117.2,15.2,1.4,79.6,7.1,1015.4,82.0
2021-10-07,STN_NORTH,48.0,-122.3,1.4,0,65.6,14.6,1014.0,42.0
2021-10-07,STN_CENTRAL,37.8,-122.4,15.1,0,64.9,12.7,1020.3,32.0
2021-10-07,STN_SOUTH,34.0,-118.2,13.7,5.1,83.8,25.8,1013.5,78.0
2021-10-07,STN_INLAND,36.7,-119.8,6.0,0,87.3,8.8,1015.9,18.0
2021-10-07,STN_COASTAL,32.7,-117.2,9.8,0,57.7,25.7,1013.0,46.0
2021-10-08,STN_NORTH,48.0,-122.3,5.0,8.2,71.7,15.5,1004.2,71.0
2021-10-08,STN_CENTRAL,37.8,-122.4,10.3,1.2,87.7,16.4,1007.6,65.0
2021-10-08,STN_SOUTH,34.0,-118.2,14.3,0,51.5,11.8,1009.8,48.0
2021-10-08,STN_INLAND,36.7,-119.8,14.3,1.7,63.6,9.2,1008.6,63.0
2021-10-08,STN_COASTAL,32.7,-117.2,13.1,0,60.0,12.6,1019.6,32.0
2021-10-09,STN_NORTH,48.0,-122.3,7.4,0,80.1,17.7,1012.7,41.0
2021-10-09,STN_CENTRAL,37.8,-122.4,9.8,2.0,66.9,18.7,1016.6,54.0
2021-10-09,STN_SOUTH,34.0,-118.2,17.0,0,58.0,17.4,1014.0,43.0
2021-10-09,STN_INLAND,36.7,-119.8,15.9,0,67.3,13.7,1020.5,30.0
2021-10-09,STN_COASTAL,32.7,-117.2,16.0,0,70.7,21.0,1008.9,53.0
2021-10-10,STN_NORTH,48.0,-122.3,2.1,0,58.5,0,1015.2,78.0
2021-10-10,STN_CENTRAL,37.8,-122.4,9.5,3.3,77.1,11.6,1024.1,40.0
2021-10-10,STN_SOUTH,34.0,-118.2,19.0,0,66.8,14.1,1009.3,13.0
2021-10-10,STN_INLAND,36.7,-119.8,13.6,0,79.6,8.5,1018.3,65.0
2021-10-10,STN_COASTAL,32.7,-117.2,14.1,1.7,60.6,0,1010.6,67.0
2021-10-11,STN_NORTH,48.0,-122.3,5.8,0,36.8,12.0,1012.0,36.0
2021-10-11,STN_CENTRAL,37.8,-122.4,15.4,0,75.8,3.5,1022.6,83.0
2021-10-11,STN_SOUTH,34.0,-118.2,14.0,0,59.1,16.7,1014.2,61.0
2021-10-11,STN_INLAND,36.7,-119.8,13.5,0,56.4,0,1014.4,27.0
2021-10-11,STN_COASTAL,32.7,-117.2,17.7,3.4,88.7,10.7,1013.0,69.0
2021-10-12,STN_NORTH,48.0,-122.3,7.5,0,74.0,13.0,1014.6,53.0
2021-10-12,STN_CENTRAL,37.8,-122.4,13.0,2.7,66.2,7.7,1019.7,70.0
2021-10-12,STN_SOUTH,34.0,-118.2,13.8,4.6,63.7,15.4,1015.6,94.0
2021-10-12,STN_INLAND,36.7,-119.8,13.4,0.3,51.4,11.3,1020.7,54.0
2021-10-12,STN_COASTAL,32.7,-117.2,6.7,0,72.8,13.7,1008.4,47.0
2021-10-13,STN_NORTH,48.0,-122.3,4.1,2.6,73.9,19.9,1004.5,96.0
2021-10-13,STN_CENTRAL,37.8,-122.4,9.9,1.2,80.9,15.9,1004.6,53.0
2021-10-13,STN_SOUTH,34.0,-118.2,12.4,3.7,77.5,13.7,1005.7,100
2021-10-13,STN_INLAND,36.7,-119.8,17.2,3.0,66.4,7.3,1010.5,40.0
2021-10-13,STN_COASTAL,32.7,-117.2,13.4,0,73.9,3.3,1008.6,44.0
2021-10-14,STN_NORTH,48.0,-122.3,5.1,4.7,69.0,2.7,1003.1,42.0
2021-10-14,STN_CENTRAL,37.8,-122.4,13.3,1.5,84.9,6.6,1008.1,60.0
2021-10-14,STN_SOUTH,34.0,-118.2,12.5,0.9,80.5,17.5,1012.2,97.0
2021-10-14,STN_INLAND,36.7,-119.8,11.9,1.3,58.5,16.0,1008.8,52.0
2021-10-14,STN_COASTAL,32.7,-117.2,12.7,1.2,60.5,19.2,1010.2,50.0
2021-10-15,STN_NORTH,48.0,-122.3,2.5,4.9,91.1,12.4,1005.8,7.0
2021-10-15,STN_CENTRAL,37.8,-122.4,9.6,0,75.1,5.3,1013.2,19.0
2021-10-15,STN_SOUTH,34.0,-118.2,18.3,0,65.3,11.8,1022.0,31.0
2021-10-15,STN_INLAND,36.7,-119.8,12.7,0,72.0,0,1016.2,2.0
2021-10-15,STN_COASTAL,32.7,-117.2,12.0,0,41.7,6.5,1015.3,71.0
2021-10-16,STN_NORTH,48.0,-122.3,6.7,0,50.1,5.2,1017.4,47.0
2021-10-16,STN_CENTRAL,37.8,-122.4,17.4,0,66.8,19.0,1009.2,49.0
2021-10-16,STN_SOUTH,34.0,-118.2,15.0,0,56.3,11.8,1018.6,49.0
2021-10-16,STN_INLAND,36.7,-119.8,13.3,0,45.4,7.2,1006.0,26.0
2021-10-16,STN_COASTAL,32.7,-117.2,15.9,0,68.4,15.1,1009.7,43.0
2021-10-17,STN_NORTH,48.0,-122.3,6.4,2.6,62.3,9.2,1008.0,100
2021-10-17,STN_CENTRAL,37.8,-122.4,2.0,1.0,63.5,6.4,1016.6,83.0
2021-10-17,STN_SOUTH,34.0,-118.2,12.6,0,72.6,11.6,990.8,9.0
2021-10-17,STN_INLAND,36.7,-119.8,12.5,2.9,79.5,2.4,1012.5,42.0
2021-10-17,STN_COASTAL,32.7,-117.2,13.4,0,56.5,22.4,1015.7,56.0
2021-10-18,STN_NORTH,48.0,-122.3,5.9,7.8,66.5,8.5,1013.6,82.0
2021-10-18,STN_CENTRAL,37.8,-122.4,9.9,2.6,75.8,22.0,1009.6,43.0
2021-10-18,STN_SOUTH,34.0,-118.2,14.9,0,77.1,17.3,1003.1,58.0
2021-10-18,STN_INLAND,36.7,-119.8,7.8,0.6,64.9,10.9,1011.1,56.0
2021-10-18,STN_COASTAL,32.7,-117.2,13.4,0,56.1,8.2,1009.9,29.0
2021-10-19,STN_NORTH,48.0,-122.3,4.8,0,55.8,7.3,1017.6,64.0
2021-10-19,STN_CENTRAL,37.8,-122.4,7.2,2.0,70.2,18.3,1005.5,64.0
2021-10-19,STN_SOUTH,34.0,-118.2,16.5,3.0,65.4,1.5,1009.5,37.0
2021-10-19,STN_INLAND,36.7,-119.8,12.1,1.5,63.4,8.6,1010.1,
2021-10-19,STN_COASTAL,32.7,-117.2,16.3,2.9,51.1,11.2,1011.4,31.0
2021-10-20,STN_NORTH,48.0,-122.3,9.3,0,73.6,9.7,1009.3,24.0
2021-10-20,STN_CENTRAL,37.8,-122.4,12.3,0,57.1,10.0,1018.7,51.0
2021-10-20,STN_SOUTH,34.0,-118.2,14.6,0,62.4,15.0,1006.1,65.0
2021-10-20,STN_INLAND,36.7,-119.8,15.4,0,68.6,19.1,1016.1,26.0
2021-10-20,STN_COASTAL,32.7,-117.2,8.9,0.4,54.3,10.3,1016.5,72.0
2021-10-21,STN_NORTH,48.0,-122.3,-2.3,8.0,75.3,9.6,1013.6,65.0
2021-10-21,STN_CENTRAL,37.8,-122.4,5.8,1.8,87.9,13.5,1017.4,83.0
2021-10-21,STN_SOUTH,34.0,-118.2,16.3,0,49.3,6.9,1010.3,39.0
2021-10-21,STN_INLAND,36.7,-119.8,11.4,0.5,100,11.8,1009.0,53.0
2021-10-21,STN_COASTAL,32.7,-117.2,13.2,0,54.7,5.0,1017.1,38.0
2021-10-22,STN_NORTH,48.0,-122.3,5.0,4.2,93.5,15.9,1009.0,86.0
2021-10-22,STN_CENTRAL,37.8,-122.4,4.5,4.8,83.4,16.2,1014.2,89.0
2021-10-22,STN_SOUTH,34.0,-118.2,12.4,0,42.7,12.6,1012.3,30.0
2021-10-22,STN_INLAND,36.7,-119.8,11.1,0.1,91.4,12.4,1012.6,53.0
2021-10-22,STN_COASTAL,32.7,-117.2,10.5,0.0,76.6,6.2,1021.6,76.0
2021-10-23,STN_NORTH,48.0,-122.3,7.8,0,68.1,18.6,1007.2,49.0
2021-10-23,STN_CENTRAL,37.8,-122.4,5.6,2.6,81.2,14.4,1017.3,45.0
2021-10-23,STN_SOUTH,34.0,-118.2,19.4,0,75.8,9.7,1009.2,45.0
2021-10-23,STN_INLAND,36.7,-119.8,11.8,0,59.6,4.7,1016.6,47.0
2021-10-23,STN_COASTAL,32.7,-117.2,10.9,3.5,76.9,11.4,1013.7,67.0
2021-10-24,STN_NORTH,48.0,-122.3,4.2,2.0,82.1,4.8,1016.7,70.0
2021-10-24,STN_CENTRAL,37.8,-122.4,7.8,3.9,82.1,21.1,1000.4,71.0
2021-10-24,STN_SOUTH,34.0,-118.2,10.9,0,67.3,14.0,1021.9,17.0
2021-10-24,STN_INLAND,36.7,-119.8,11.1,0,65.9,23.3,1014.3,39.0
2021-10-24,STN_COASTAL,32.7,-117.2,10.4,1.2,81.9,13.6,1010.5,61.0
2021-10-25,STN_NORTH,48.0,-122.3,5.5,0,87.2,0,1017.9,79.0
2021-10-25,STN_CENTRAL,37.8,-122.4,11.7,1.5,79.0,12.9,1021.6,63.0
2021-10-25,STN_SOUTH,34.0,-118.2,7.6,0,56.8,0,1012.3,3.0
2021-10-25,STN_INLAND,36.7,-119.8,4.9,1.2,64.0,11.3,1019.1,63.0
2021-10-25,STN_COASTAL,32.7,-117.2,12.7,2.4,74.8,9.0,1010.4,31.0
2021-10-26,STN_NORTH,48.0,-122.3,-0.7,0,87.3,18.2,1004.6,71.0
2021-10-26,STN_CENTRAL,37.8,-122.4,8.5,2.3,93.3,12.8,1004.8,78.0
2021-10-26,STN_SOUTH,34.0,-118.2,6.9,1.9,76.2,14.6,1014.1,51.0
2021-10-26,STN_INLAND,36.7,-119.8,10.0,0.7,88.2,15.1,1013.7,49.0
2021-10-26,STN_COASTAL,32.7,-117.2,9.4,0.4,76.4,21.1,1003.9,63.0
2021-10-27,STN_NORTH,48.0,-122.3,0.1,2.8,79.7,16.4,1014.5,68.0
2021-10-27,STN_CENTRAL,37.8,-122.4,6.1,0.2,82.0,10.6,1019.0,64.0
2021-10-27,STN_SOUTH,34.0,-118.2,15.9,0,59.4,8.1,1019.7,28.0
2021-10-27,STN_INLAND,36.7,-119.8,15.4,0,69.9,11.3,1015.4,28.0
2021-10-27,STN_COASTAL,32.7,-117.2,9.0,,81.7,7.5,1019.1,59.0
2021-10-28,STN_NORTH,48.0,-122.3,0.4,3.8,76.9,10.5,1010.1,65.0
2021-10-28,STN_CENTRAL,37.8,-122.4,7.5,5.7,78.8,12.2,1002.5,63.0
2021-10-28,STN_SOUTH,34.0,-118.2,14.0,0,52.1,16.9,1016.0,25.0
2021-10-28,STN_INLAND,36.7,-119.8,9.3,0,91.4,11.2,1007.1,46.0
2021-10-28,STN_COASTAL,32.7,-117.2,8.7,0,59.7,12.0,1012.4,56.0
2021-10-29,STN_NORTH,48.0,-122.3,1.5,4.5,78.3,18.6,1010.7,76.0
2021-10-29,STN_CENTRAL,37.8,-122.4,7.2,0,56.8,2.0,1021.1,57.0
2021-10-29,STN_SOUTH,34.0,-118.2,8.4,0.8,68.2,9.4,1005.2,56.0
2021-10-29,STN_INLAND,36.7,-119.8,9.5,0.9,63.0,18.6,1009.5,76.0
2021-10-29,STN_COASTAL,32.7,-117.2,10.9,0,68.2,3.2,1011.9,26.0
2021-10-30,STN_NORTH,48.0,-122.3,0.9,2.7,68.2,2.2,1018.2,70.0
2021-10-30,STN_CENTRAL,37.8,-122.4,10.2,0,41.5,4.6,1006.2,28.0
2021-10-30,STN_SOUTH,34.0,-118.2,13.8,0,82.7,14.5,1016.3,34.0
2021-10-30,STN_INLAND,36.7,-119.8,10.9,0,56.7,15.9,1014.4,21.0
2021-10-30,STN_COASTAL,32.7,-117.2,12.3,0.6,77.3,0,1020.2,75.0
2021-10-31,STN_NORTH,48.0,-122.3,1.3,5.2,59.4,,1010.7,54.0
2021-10-31,STN_CENTRAL,37.8,-122.4,7.4,1.5,85.0,14.3,1012.5,59.0
2021-10-31,STN_SOUTH,34.0,-118.2,11.8,2.2,84.3,15.5,1004.0,82.0
2021-10-31,STN_INLAND,36.7,-119.8,15.1,0,69.4,13.0,1015.2,50.0
2021-10-31,STN_COASTAL,32.7,-117.2,7.2,0,68.1,8.1,1014.6,57.0
2021-11-01,STN_NORTH,48.0,-122.3,-1.2,4.7,83.4,16.3,1011.4,24.0
2021-11-01,STN_CENTRAL,37.8,-122.4,5.7,0,52.2,4.4,1014.4,33.0
2021-11-01,STN_SOUTH,34.0,-118.2,8.8,0,64.4,14.7,1013.5,3.0
2021-11-01,STN_INLAND,36.7,-119.8,7.9,0,66.5,4.1,1011.3,33.0
2021-11-01,STN_COASTAL,32.7,-117.2,12.7,0,76.4,3.2,1016.6,7.0
2021-11-02,STN_NORTH,48.0,-122.3,0.6,0,60.9,17.9,1020.5,74.0
2021-11-02,STN_CENTRAL,37.8,-122.4,2.7,0.7,66.9,18.5,1018.2,37.0
2021-11-02,STN_SOUTH,34.0,-118.2,11.5,0,56.9,9.8,1006.3,63.0
2021-11-02,STN_INLAND,36.7,-119.8,7.8,0.3,72.6,19.3,1009.6,83.0
2021-11-02,STN_COASTAL,32.7,-117.2,5.5,2.2,78.1,14.4,1003.7,35.0
2021-11-03,STN_NORTH,48.0,-122.3,6.9,0,73.0,12.3,1015.1,57.0
2021-11-03,STN_CENTRAL,37.8,-122.4,5.3,0,43.9,12.6,1014.7,75.0
2021-11-03,STN_SOUTH,34.0,-118.2,12.3,0,59.9,22.6,1010.4,63.0
2021-11-03,STN_INLAND,36.7,-119.8,5.8,3.8,68.8,20.1,1011.3,33.0
2021-11-03,STN_COASTAL,32.7,-117.2,8.8,0,54.6,16.2,1016.4,59.0
2021-11-04,STN_NORTH,48.0,-122.3,4.4,0,64.2,9.1,1012.8,58.0
2021-11-04,STN_CENTRAL,37.8,-122.4,11.5,0,59.6,0.3,1014.3,38.0
2021-11-04,STN_SOUTH,34.0,-118.2,9.0,0,72.9,10.3,1008.7,52.0
2021-11-04,STN_INLAND,36.7,-119.8,9.9,0,59.6,5.8,1006.4,60.0
2021-11-04,STN_COASTAL,32.7,-117.2,10.7,0,58.9,17.4,1025.1,17.0
2021-11-05,STN_NORTH,48.0,-122.3,-0.2,7.2,93.9,18.6,1008.0,41.0
2021-11-05,STN_CENTRAL,37.8,-122.4,8.1,2.3,57.0,25.8,1018.2,99.0
2021-11-05,STN_SOUTH,34.0,-118.2,14.2,,79.7,11.5,1015.7,47.0
2021-11-05,STN_INLAND,36.7,-119.8,7.2,0,68.1,13.9,1016.3,12.0
2021-11-05,STN_COASTAL,32.7,-117.2,2.0,0,61.3,19.2,1012.0,14.0
2021-11-06,STN_NORTH,48.0,-122.3,0.4,0,65.6,14.6,1015.6,20.0
2021-11-06,STN_CENTRAL,37.8,-122.4,9.4,0,66.2,12.5,1016.4,19.0
2021-11-06,STN_SOUTH,34.0,-118.2,12.8,0.8,72.8,5.0,1018.7,72.0
2021-11-06,STN_INLAND,36.7,-119.8,9.6,1.8,74.4,8.6,1017.9,75.0
2021-11-06,STN_COASTAL,32.7,-117.2,12.2,0,76.6,22.9,1020.9,17.0
2021-11-07,STN_NORTH,48.0,-122.3,-0.1,5.7,78.3,0,1016.0,74.0
2021-11-07,STN_CENTRAL,37.8,-122.4,6.0,0,57.8,16.8,1013.7,54.0
2021-11-07,STN_SOUTH,34.0,-118.2,8.3,0,52.5,18.6,1009.2,63.0
2021-11-07,STN_INLAND,36.7,-119.8,14.3,0,67.5,15.4,1015.8,53.0
2021-11-07,STN_COASTAL,32.7,-117.2,8.2,3.4,75.1,14.9,1014.0,45.0
2021-11-08,STN_NORTH,48.0,-122.3,-2.9,0,88.3,11.1,1012.2,59.0
2021-11-08,STN_CENTRAL,37.8,-122.4,8.1,1.8,86.3,16.6,1014.9,67.0
2021-11-08,STN_SOUTH,34.0,-118.2,11.4,0,51.7,3.7,1015.4,66.0
2021-11-08,STN_INLAND,36.7,-119.8,7.9,1.5,87.6,7.2,1007.8,83.0
2021-11-08,STN_COASTAL,32.7,-117.2,10.1,0.5,63.0,21.3,1005.0,64.0
2021-11-09,STN_NORTH,48.0,-122.3,1.5,0,64.8,8.0,1018.8,39.0
2021-11-09,STN_CENTRAL,37.8,-122.4,7.9,0,75.9,10.7,1014.6,46.0
2021-11-09,STN_SOUTH,34.0,-118.2,11.5,0.8,72.2,23.0,1014.0,51.0
2021-11-09,STN_INLAND,36.7,-119.8,5.6,0,83.5,17.8,1008.5,67.0
2021-11-09,STN_COASTAL,32.7,-117.2,6.5,0,81.7,18.1,1010.6,62.0
2021-11-10,STN_NORTH,48.0,-122.3,2.4,4.2,94.0,2.9,1014.4,44.0
2021-11-10,STN_CENTRAL,37.8,-122.4,3.3,3.1,67.2,14.6,1012.7,100.0
2021-11-10,STN_SOUTH,34.0,-118.2,5.3,,61.7,,1010.1,52.0
2021-11-10,STN_INLAND,36.7,-119.8,2.6,0,60.4,13.8,1008.8,26.0
2021-11-10,STN_COASTAL,32.7,-117.2,7.2,1.6,85.8,15.7,1007.5,62.0
2021-11-11,STN_NORTH,48.0,-122.3,4.0,0,65.4,,1008.4,20.0
2021-11-11,STN_CENTRAL,37.8,-122.4,4.8,0,54.4,9.5,1013.9,12.0
2021-11-11,STN_SOUTH,34.0,-118.2,7.9,0,74.5,10.2,1010.5,44.0
2021-11-11,STN_INLAND,36.7,-119.8,8.3,0,83.4,15.6,1004.6,20.0
2021-11-11,STN_COASTAL,32.7,-117.2,8.9,0,64.4,13.1,1008.4,59.0
2021-11-12,STN_NORTH,48.0,-122.3,3.5,0.6,83.0,4.2,1028.3,52.0
2021-11-12,STN_CENTRAL,37.8,-122.4,8.1,,74.1,7.6,1013.1,61.0
2021-11-12,STN_SOUTH,34.0,-118.2,10.0,0,65.5,19.6,1009.3,48.0
2021-11-12,STN_INLAND,36.7,-119.8,0.8,1.1,72.0,11.9,1011.1,73.0
2021-11-12,STN_COASTAL,32.7,-117.2,7.6,0,58.7,12.6,1004.6,51.0
2021-11-13,STN_NORTH,48.0,-122.3,2.1,0,80.9,3.7,1018.6,68.0
2021-11-13,STN_CENTRAL,37.8,-122.4,3.0,0,65.2,2.3,1010.8,29.0
2021-11-13,STN_SOUTH,34.0,-118.2,10.9,0,66.4,17.5,1018.7,53.0
2021-11-13,STN_INLAND,36.7,-119.8,11.6,2.2,70.7,15.7,1008.2,35.0
2021-11-13,STN_COASTAL,32.7,-117.2,3.8,0,77.2,12.6,1011.9,29.0
2021-11-14,STN_NORTH,48.0,-122.3,2.5,0,49.9,8.0,1008.8,20.0
2021-11-14,STN_CENTRAL,37.8,-122.4,11.0,4.9,66.9,15.2,1007.9,41.0
2021-11-14,STN_SOUTH,34.0,-118.2,4.0,0,58.3,7.1,1012.7,46.0
2021-11-14,STN_INLAND,36.7,-119.8,5.6,0,47.3,6.5,1004.0,58.0
2021-11-14,STN_COASTAL,32.7,-117.2,8.6,0,70.6,7.9,1023.8,59.0
2021-11-15,STN_NORTH,48.0,-122.3,-0.7,0,69.9,15.4,1003.6,54.0
2021-11-15,STN_CENTRAL,37.8,-122.4,6.9,0,66.3,7.4,1008.8,52.0
2021-11-15,STN_SOUTH,34.0,-118.2,12.7,4.4,89.2,5.2,1015.1,23.0
2021-11-15,STN_INLAND,36.7,-119.8,7.9,0,84.4,17.6,1012.6,70.0
2021-11-15,STN_COASTAL,32.7,-117.2,3.2,0.9,78.1,8.3,1014.3,66.0
2021-11-16,STN_NORTH,48.0,-122.3,0.9,0,51.1,10.1,1010.3,56.0
2021-11-16,STN_CENTRAL,37.8,-122.4,8.5,0,43.2,19.2,1019.4,27.0
2021-11-16,STN_SOUTH,34.0,-118.2,7.2,2.2,62.3,14.9,1007.0,100
2021-11-16,STN_INLAND,36.7,-119.8,9.3,1.0,62.9,13.8,1006.0,52.0
2021-11-16,STN_COASTAL,32.7,-117.2,7.5,0,82.4,10.9,1014.7,90.0
2021-11-17,STN_NORTH,48.0,-122.3,-2.4,7.5,73.8,1.4,1011.1,64.0
2021-11-17,STN_CENTRAL,37.8,-122.4,1.3,0,76.2,6.2,1011.6,10.0
2021-11-17,STN_SOUTH,34.0,-118.2,6.2,0.3,74.1,17.2,1005.1,66.0
2021-11-17,STN_INLAND,36.7,-119.8,7.7,0,59.7,22.9,1003.5,31.0
2021-11-17,STN_COASTAL,32.7,-117.2,11.0,0,61.3,15.0,1008.8,32.0
2021-11-18,STN_NORTH,48.0,-122.3,-0.4,6.3,81.5,7.9,1007.1,63.0
2021-11-18,STN_CENTRAL,37.8,-122.4,8.0,1.6,77.6,13.1,1007.0,75.0
2021-11-18,STN_SOUTH,34.0,-118.2,7.2,0,80.5,13.0,1019.6,55.0
2021-11-18,STN_INLAND,36.7,-119.8,7.2,0,62.2,14.9,1022.3,66.0
2021-11-18,STN_COASTAL,32.7,-117.2,4.0,0.6,92.3,6.7,1009.5,54.0
2021-11-19,STN_NORTH,48.0,-122.3,2.4,4.9,92.9,6.5,1002.6,65.0
2021-11-19,STN_CENTRAL,37.8,-122.4,6.1,2.4,63.8,5.9,1011.5,70.0
2021-11-19,STN_SOUTH,34.0,-118.2,7.8,1.6,66.6,10.7,1014.5,39.0
2021-11-19,STN_INLAND,36.7,-119.8,9.6,0,77.7,9.2,1014.5,15.0
2021-11-19,STN_COASTAL,32.7,-117.2,9.6,2.6,75.6,12.4,1015.0,54.0
2021-11-20,STN_NORTH,48.0,-122.3,2.6,0,87.5,16.7,1012.7,27.0
2021-11-20,STN_CENTRAL,37.8,-122.4,5.5,0,75.7,13.7,1008.8,52.0
2021-11-20,STN_SOUTH,34.0,-118.2,4.7,0,65.3,9.7,1013.1,47.0
2021-11-20,STN_INLAND,36.7,-119.8,7.7,0,55.3,21.3,1018.4,62.0
2021-11-20,STN_COASTAL,32.7,-117.2,8.0,0,37.0,11.0,1009.6,30.0
2021-11-21,STN_NORTH,48.0,-122.3,-0.7,1.1,58.9,13.1,1013.1,71.0
2021-11-21,STN_CENTRAL,37.8,-122.4,5.3,2.3,93.6,6.9,1014.5,61.0
2021-11-21,STN_SOUTH,34.0,-118.2,12.3,2.6,69.5,0.9,1007.2,76.0
2021-11-21,STN_INLAND,36.7,-119.8,0.6,1.5,76.5,16.1,1008.4,66.0
2021-11-21,STN_COASTAL,32.7,-117.2,11.6,0,51.5,5.8,1013.7,54.0
2021-11-22,STN_NORTH,48.0,-122.3,-4.9,1.4,78.0,14.2,1009.1,66.0
2021-11-22,STN_CENTRAL,37.8,-122.4,6.5,0.1,54.7,12.4,1016.3,83.0
2021-11-22,STN_SOUTH,34.0,-118.2,7.8,0,71.6,22.9,1004.5,41.0
2021-11-22,STN_INLAND,36.7,-119.8,8.6,1.4,59.3,11.8,1011.0,80.0
2021-11-22,STN_COASTAL,32.7,-117.2,5.5,0.2,88.2,10.7,1011.9,
2021-11-23,STN_NORTH,48.0,-122.3,-2.2,7.2,63.8,10.5,1006.9,93.0
2021-11-23,STN_CENTRAL,37.8,-122.4,-1.0,2.6,49.8,12.4,1011.8,56.0
2021-11-23,STN_SOUTH,34.0,-118.2,9.9,3.5,77.0,12.1,1007.1,96.0
2021-11-23,STN_INLAND,36.7,-119.8,7.0,2.0,100,25.5,1015.3,92.0
2021-11-23,STN_COASTAL,32.7,-117.2,-0.0,3.6,75.1,9.5,1013.7,63.0
2021-11-24,STN_NORTH,48.0,-122.3,1.4,1.6,56.9,13.1,1009.5,73.0
2021-11-24,STN_CENTRAL,37.8,-122.4,4.8,2.5,61.6,15.5,1011.9,87.0
2021-11-24,STN_SOUTH,34.0,-118.2,10.5,0,65.5,17.9,1003.0,45.0
2021-11-24,STN_INLAND,36.7,-119.8,8.4,0,72.3,27.0,1012.5,43.0
2021-11-24,STN_COASTAL,32.7,-117.2,8.6,0.5,86.9,15.0,1014.3,54.0
2021-11-25,STN_NORTH,48.0,-122.3,-6.3,5.1,89.6,6.1,1003.6,28.0
2021-11-25,STN_CENTRAL,37.8,-122.4,-1.9,0,41.6,18.4,1016.9,55.0
2021-11-25,STN_SOUTH,34.0,-118.2,9.1,2.8,86.3,16.0,1006.2,62.0
2021-11-25,STN_INLAND,36.7,-119.8,11.0,0,70.5,9.6,1010.9,55.0
2021-11-25,STN_COASTAL,32.7,-117.2,8.6,0,60.2,6.5,1010.8,20.0
2021-11-26,STN_NORTH,48.0,-122.3,-1.6,0,73.5,4.3,1013.7,49.0
2021-11-26,STN_CENTRAL,37.8,-122.4,7.2,3.0,67.9,15.5,1014.8,45.0
2021-11-26,STN_SOUTH,34.0,-118.2,4.6,2.7,67.3,3.0,1017.0,72.0
2021-11-26,STN_INLAND,36.7,-119.8,12.4,0,92.5,7.6,1013.7,41.0
2021-11-26,STN_COASTAL,32.7,-117.2,4.3,0.6,90.3,2.1,1008.7,51.0
2021-11-27,STN_NORTH,48.0,-122.3,-7.6,5.7,62.7,12.0,1008.2,69.0
2021-11-27,STN_CENTRAL,37.8,-122.4,2.0,2.5,70.4,20.1,1010.2,40.0
2021-11-27,STN_SOUTH,34.0,-118.2,8.6,0.5,85.8,22.2,1016.0,63.0
2021-11-27,STN_INLAND,36.7,-119.8,7.7,0,54.0,16.2,1013.1,42.0
2021-11-27,STN_COASTAL,32.7,-117.2,9.3,0,63.8,10.0,1013.0,6.0
2021-11-28,STN_NORTH,48.0,-122.3,0.3,0,79.6,17.4,1000.2,72.0
2021-11-28,STN_CENTRAL,37.8,-122.4,4.2,2.9,78.6,19.5,1008.3,61.0
2021-11-28,STN_SOUTH,34.0,-118.2,7.1,0,45.6,5.2,1013.6,50.0
2021-11-28,STN_INLAND,36.7,-119.8,7.8,3.1,83.9,6.7,1008.0,47.0
2021-11-28,STN_COASTAL,32.7,-117.2,13.8,0,58.4,9.4,1009.9,35.0
2021-11-29,STN_NORTH,48.0,-122.3,-0.2,6.6,76.4,16.3,1013.6,63.0
2021-11-29,STN_CENTRAL,37.8,-122.4,1.2,0,59.2,9.2,1009.6,30.0
2021-11-29,STN_SOUTH,34.0,-118.2,11.0,0,67.8,12.6,1009.9,66.0
2021-11-29,STN_INLAND,36.7,-119.8,10.7,0,57.5,9.2,1017.1,33.0
2021-11-29,STN_COASTAL,32.7,-117.2,4.5,0,58.9,17.4,1016.6,45.0
2021-11-30,STN_NORTH,48.0,-122.3,1.1,6.7,90.8,3.2,1005.6,38.0
2021-11-30,STN_CENTRAL,37.8,-122.4,4.9,0,57.3,13.9,1008.0,76.0
2021-11-30,STN_SOUTH,34.0,-118.2,1.2,0,87.9,4.7,1012.8,34.0
2021-11-30,STN_INLAND,36.7,-119.8,7.4,0,77.7,7.0,1010.7,15.0
2021-11-30,STN_COASTAL,32.7,-117.2,8.6,0,68.0,3.5,1015.7,26.0
2021-12-01,STN_NORTH,48.0,-122.3,-1.8,0,65.4,6.0,1019.0,33.0
2021-12-01,STN_CENTRAL,37.8,-122.4,5.5,0,53.4,6.5,1013.1,0
2021-12-01,STN_SOUTH,34.0,-118.2,11.3,0,75.9,17.6,1011.3,57.0
2021-12-01,STN_INLAND,36.7,-119.8,10.1,2.3,72.7,5.9,1015.2,38.0
2021-12-01,STN_COASTAL,32.7,-117.2,4.6,0,63.6,20.4,1012.1,14.0
2021-12-02,STN_NORTH,48.0,-122.3,-2.2,0,66.9,23.8,1006.9,39.0
2021-12-02,STN_CENTRAL,37.8,-122.4,2.4,0,87.3,11.4,1013.6,27.0
2021-12-02,STN_SOUTH,34.0,-118.2,8.7,0,62.5,12.2,1002.3,37.0
2021-12-02,STN_INLAND,36.7,-119.8,5.9,0,55.9,13.1,1011.8,56.0
2021-12-02,STN_COASTAL,32.7,-117.2,8.0,0,66.0,16.0,1008.6,41.0
2021-12-03,STN_NORTH,48.0,-122.3,-3.5,2.5,80.8,20.2,1018.7,59.0
2021-12-03,STN_CENTRAL,37.8,-122.4,6.4,0,72.2,10.0,1019.1,46.0
2021-12-03,STN_SOUTH,34.0,-118.2,5.8,0,64.0,20.1,1011.3,62.0
2021-12-03,STN_INLAND,36.7,-119.8,8.9,0.8,82.4,8.2,1021.7,50.0
2021-12-03,STN_COASTAL,32.7,-117.2,11.7,0,89.0,16.9,1016.5,14.0
2021-12-04,STN_NORTH,48.0,-122.3,2.2,0,87.2,9.7,1013.1,46.0
2021-12-04,STN_CENTRAL,37.8,-122.4,4.5,2.2,43.1,12.9,1009.4,74.0
2021-12-04,STN_SOUTH,34.0,-118.2,3.6,3.7,81.1,8.4,1008.1,54.0
2021-12-04,STN_INLAND,36.7,-119.8,3.4,2.1,66.2,3.9,1011.4,84.0
2021-12-04,STN_COASTAL,32.7,-117.2,4.2,0,67.9,12.1,1016.5,39.0
2021-12-05,STN_NORTH,48.0,-122.3,1.1,7.5,58.8,0,1019.8,55.0
2021-12-05,STN_CENTRAL,37.8,-122.4,11.4,1.3,82.8,5.0,1009.2,59.0
2021-12-05,STN_SOUTH,34.0,-118.2,9.3,1.3,72.1,8.8,1009.0,68.0
2021-12-05,STN_INLAND,36.7,-119.8,8.6,2.7,77.8,15.2,1007.1,79.0
2021-12-05,STN_COASTAL,32.7,-117.2,8.7,0,56.9,4.0,1008.4,26.0
2021-12-06,STN_NORTH,48.0,-122.3,-3.4,4.4,50.8,22.8,1000.0,63.0
2021-12-06,STN_CENTRAL,37.8,-122.4,7.8,4.2,67.1,7.1,1013.7,53.0
2021-12-06,STN_SOUTH,34.0,-118.2,5.2,3.0,78.4,3.3,1006.7,68.0
2021-12-06,STN_INLAND,36.7,-119.8,4.8,0,58.6,8.2,1015.8,63.0
2021-12-06,STN_COASTAL,32.7,-117.2,9.0,2.8,62.0,9.6,1012.5,70.0
2021-12-07,STN_NORTH,48.0,-122.3,-0.8,3.5,65.3,10.8,1014.6,56.0
2021-12-07,STN_CENTRAL,37.8,-122.4,7.1,0,63.9,6.0,1014.6,23.0
2021-12-07,STN_SOUTH,34.0,-118.2,8.7,0.8,48.6,2.0,1015.8,61.0
2021-12-07,STN_INLAND,36.7,-119.8,4.5,2.9,76.6,9.3,1007.9,60.0
2021-12-07,STN_COASTAL,32.7,-117.2,6.6,0,59.6,6.5,1013.5,33.0
2021-12-08,STN_NORTH,48.0,-122.3,1.6,7.3,68.1,19.2,1013.8,87.0
2021-12-08,STN_CENTRAL,37.8,-122.4,6.5,1.6,78.6,8.4,1016.4,42.0
2021-12-08,STN_SOUTH,34.0,-118.2,8.8,0,69.7,6.5,1008.7,71.0
2021-12-08,STN_INLAND,36.7,-119.8,0.9,0,45.4,7.0,1012.1,53.0
2021-12-08,STN_COASTAL,32.7,-117.2,3.5,0,52.7,5.4,1022.0,43.0
2021-12-09,STN_NORTH,48.0,-122.3,-3.9,2.9,87.3,9.4,1016.2,31.0
2021-12-09,STN_CENTRAL,37.8,-122.4,3.0,0,78.7,11.4,1014.8,
2021-12-09,STN_SOUTH,34.0,-118.2,9.0,0,30.3,9.9,1008.6,100
2021-12-09,STN_INLAND,36.7,-119.8,8.3,2.2,85.4,17.2,1014.3,77.0
2021-12-09,STN_COASTAL,32.7,-117.2,6.2,3.9,77.8,5.9,1011.5,68.0
2021-12-10,STN_NORTH,48.0,-122.3,-2.2,5.0,94.2,6.7,1019.2,52.0
2021-12-10,STN_CENTRAL,37.8,-122.4,4.9,3.7,82.9,2.5,1009.9,60.0
2021-12-10,STN_SOUTH,34.0,-118.2,6.3,2.0,86.5,15.0,1006.5,61.0
2021-12-10,STN_INLAND,36.7,-119.8,8.8,0,54.0,17.5,1006.0,35.0
2021-12-10,STN_COASTAL,32.7,-117.2,5.4,1.9,74.8,16.4,1009.1,74.0
2021-12-11,STN_NORTH,48.0,-122.3,-0.4,4.8,85.7,12.5,1009.9,34.0
2021-12-11,STN_CENTRAL,37.8,-122.4,1.8,3.3,78.6,11.9,1005.1,75.0
2021-12-11,STN_SOUTH,34.0,-118.2,7.6,0.1,75.4,12.6,1013.5,92.0
2021-12-11,STN_INLAND,36.7,-119.8,6.7,0.5,69.0,8.2,1019.2,70.0
2021-12-11,STN_COASTAL,32.7,-117.2,5.2,0,48.4,23.2,1007.0,0
2021-12-12,STN_NORTH,48.0,-122.3,1.5,7.2,54.8,25.2,1012.8,100
2021-12-12,STN_CENTRAL,37.8,-122.4,3.3,0,71.8,6.7,1009.8,27.0
2021-12-12,STN_SOUTH,34.0,-118.2,4.1,0,70.4,12.4,1010.8,66.0
2021-12-12,STN_INLAND,36.7,-119.8,4.8,0,73.1,11.7,1010.8,35.0
2021-12-12,STN_COASTAL,32.7,-117.2,13.7,1.3,100,6.7,1016.8,37.0
2021-12-13,STN_NORTH,48.0,-122.3,-4.4,0,57.3,1.3,1012.4,49.0
2021-12-13,STN_CENTRAL,37.8,-122.4,2.8,0,75.4,14.0,1013.0,56.0
2021-12-13,STN_SOUTH,34.0,-118.2,6.0,3.6,88.2,13.7,1015.5,42.0
2021-12-13,STN_INLAND,36.7,-119.8,3.0,1.5,78.8,13.9,1005.4,46.0
2021-12-13,STN_COASTAL,32.7,-117.2,4.7,0,59.4,1.4,1017.9,47.0
2021-12-14,STN_NORTH,48.0,-122.3,-4.7,10.6,75.4,6.8,1013.7,26.0
2021-12-14,STN_CENTRAL,37.8,-122.4,4.5,0,47.0,30.7,1016.7,25.0
2021-12-14,STN_SOUTH,34.0,-118.2,7.0,0,60.6,0.7,1017.7,44.0
2021-12-14,STN_INLAND,36.7,-119.8,4.3,0,92.6,18.8,1004.7,60.0
2021-12-14,STN_COASTAL,32.7,-117.2,13.2,0,37.4,10.2,1012.6,22.0
2021-12-15,STN_NORTH,48.0,-122.3,-1.7,5.6,75.1,11.8,1007.3,33.0
2021-12-15,STN_CENTRAL,37.8,-122.4,3.0,0,57.8,5.3,1012.6,23.0
2021-12-15,STN_SOUTH,34.0,-118.2,7.7,1.4,59.7,18.4,1010.0,50.0
2021-12-15,STN_INLAND,36.7,-119.8,3.5,0,84.2,9.6,1006.7,34.0
2021-12-15,STN_COASTAL,32.7,-117.2,10.7,0,57.0,3.3,1012.2,64.0
2021-12-16,STN_NORTH,48.0,-122.3,-0.6,1.7,84.5,8.8,1005.4,59.0
2021-12-16,STN_CENTRAL,37.8,-122.4,2.5,1.0,74.3,8.2,1009.9,78.0
2021-12-16,STN_SOUTH,34.0,-118.2,3.9,0,70.8,5.6,1007.9,48.0
2021-12-16,STN_INLAND,36.7,-119.8,10.0,0,49.8,9.0,1005.4,51.0
2021-12-16,STN_COASTAL,32.7,-117.2,11.2,1.1,78.4,2.8,1018.5,58.0
2021-12-17,STN_NORTH,48.0,-122.3,-8.3,0,57.7,9.5,1006.3,58.0
2021-12-17,STN_CENTRAL,37.8,-122.4,6.5,3.4,94.3,12.3,1012.9,65.0
2021-12-17,STN_SOUTH,34.0,-118.2,4.2,0,50.5,10.3,1009.9,50.0
2021-12-17,STN_INLAND,36.7,-119.8,6.2,0,50.0,20.3,1016.1,40.0
2021-12-17,STN_COASTAL,32.7,-117.2,9.3,0,54.8,10.9,1012.6,50.0
2021-12-18,STN_NORTH,48.0,-122.3,-2.4,0,58.3,7.4,1013.6,22.0
2021-12-18,STN_CENTRAL,37.8,-122.4,2.6,1.3,62.3,14.0,1008.7,55.0
2021-12-18,STN_SOUTH,34.0,-118.2,4.4,0,67.3,13.8,1017.4,0
2021-12-18,STN_INLAND,36.7,-119.8,3.4,0,54.3,20.6,1015.2,50.0
2021-12-18,STN_COASTAL,32.7,-117.2,5.1,3.7,60.6,4.4,1014.8,42.0
2021-12-19,STN_NORTH,48.0,-122.3,-2.5,6.9,74.6,7.2,1020.1,65.0
2021-12-19,STN_CENTRAL,37.8,-122.4,2.2,0.6,73.9,13.9,1014.8,65.0
2021-12-19,STN_SOUTH,34.0,-118.2,5.0,0,63.2,10.5,1009.2,39.0
2021-12-19,STN_INLAND,36.7,-119.8,12.3,0.6,96.8,12.2,1018.9,45.0
2021-12-19,STN_COASTAL,32.7,-117.2,0.9,0,89.0,,1010.3,42.0
2021-12-20,STN_NORTH,48.0,-122.3,-1.7,0,82.4,18.5,1019.3,27.0
2021-12-20,STN_CENTRAL,37.8,-122.4,5.9,1.1,70.2,3.4,1019.6,67.0
2021-12-20,STN_SOUTH,34.0,-118.2,10.3,1.3,66.8,8.9,1016.8,69.0
2021-12-20,STN_INLAND,36.7,-119.8,1.2,0.1,74.5,17.1,1018.6,29.0
2021-12-20,STN_COASTAL,32.7,-117.2,7.9,3.5,74.9,17.3,1009.0,45.0
2021-12-21,STN_NORTH,48.0,-122.3,-0.6,8.3,88.3,7.0,1007.0,64.0
2021-12-21,STN_CENTRAL,37.8,-122.4,7.0,6.1,56.7,8.7,1014.4,42.0
2021-12-21,STN_SOUTH,34.0,-118.2,7.2,0,55.4,24.7,1021.9,48.0
2021-12-21,STN_INLAND,36.7,-119.8,6.0,0,56.7,10.5,1016.4,71.0
2021-12-21,STN_COASTAL,32.7,-117.2,6.4,1.0,54.4,15.9,1012.1,29.0
2021-12-22,STN_NORTH,48.0,-122.3,4.7,5.2,58.7,22.8,1015.3,48.0
2021-12-22,STN_CENTRAL,37.8,-122.4,3.2,7.8,57.0,16.9,1010.2,76.0
2021-12-22,STN_SOUTH,34.0,-118.2,14.2,0,83.8,13.3,1017.4,90.0
2021-12-22,STN_INLAND,36.7,-119.8,6.3,0,57.7,11.6,1016.7,21.0
2021-12-22,STN_COASTAL,32.7,-117.2,6.6,0,66.0,5.6,1005.0,52.0
2021-12-23,STN_NORTH,48.0,-122.3,2.0,4.9,82.3,12.3,1020.3,58.0
2021-12-23,STN_CENTRAL,37.8,-122.4,7.8,6.3,79.0,21.7,1013.4,42.0
2021-12-23,STN_SOUTH,34.0,-118.2,8.5,0,70.6,9.8,1014.9,60.0
2021-12-23,STN_INLAND,36.7,-119.8,11.5,0,50.9,16.6,1018.0,72.0
2021-12-23,STN_COASTAL,32.7,-117.2,7.7,0,67.2,7.6,1013.8,55.0
2021-12-24,STN_NORTH,48.0,-122.3,1.2,0,64.6,16.1,1011.3,10.0
2021-12-24,STN_CENTRAL,37.8,-122.4,0.3,0,51.5,22.1,1012.1,72.0
2021-12-24,STN_SOUTH,34.0,-118.2,10.0,0,62.5,4.4,1020.6,56.0
2021-12-24,STN_INLAND,36.7,-119.8,6.0,0,50.4,11.2,1013.2,31.0
2021-12-24,STN_COASTAL,32.7,-117.2,6.7,0.2,68.8,21.7,1020.9,39.0
2021-12-25,STN_NORTH,48.0,-122.3,-7.3,4.4,74.2,8.3,1014.3,46.0
2021-12-25,STN_CENTRAL,37.8,-122.4,2.7,0,47.0,14.9,1010.8,38.0
2021-12-25,STN_SOUTH,34.0,-118.2,8.7,0,85.4,6.5,1009.7,92.0
2021-12-25,STN_INLAND,36.7,-119.8,7.3,0,42.8,13.9,1008.9,44.0
2021-12-25,STN_COASTAL,32.7,-117.2,5.8,1.5,88.7,18.0,1006.9,55.0
2021-12-26,STN_NORTH,48.0,-122.3,-8.8,2.4,51.1,18.1,1010.2,66.0
2021-12-26,STN_CENTRAL,37.8,-122.4,7.6,5.2,74.3,8.0,1015.5,38.0
2021-12-26,STN_SOUTH,34.0,-118.2,11.3,0,69.3,13.3,1020.1,9.0
2021-12-26,STN_INLAND,36.7,-119.8,5.9,0.5,74.0,17.1,1022.8,70.0
2021-12-26,STN_COASTAL,32.7,-117.2,8.5,1.4,82.9,0,1009.9,71.0
2021-12-27,STN_NORTH,48.0,-122.3,-1.7,7.1,75.3,9.1,1012.2,28.0
2021-12-27,STN_CENTRAL,37.8,-122.4,0.6,0,42.0,15.3,1013.1,63.0
2021-12-27,STN_SOUTH,34.0,-118.2,9.8,0,62.8,9.8,1010.1,79.0
2021-12-27,STN_INLAND,36.7,-119.8,8.3,0,48.6,15.0,1008.2,63.0
2021-12-27,STN_COASTAL,32.7,-117.2,4.6,0,68.4,13.6,1015.6,62.0
2021-12-28,STN_NORTH,48.0,-122.3,-2.1,5.5,92.7,13.1,1019.2,77.0
2021-12-28,STN_CENTRAL,37.8,-122.4,9.8,0,53.7,2.8,1013.5,62.0
2021-12-28,STN_SOUTH,34.0,-118.2,4.1,,89.5,8.0,1011.3,32.0
2021-12-28,STN_INLAND,36.7,-119.8,7.7,,70.5,,1011.7,76.0
2021-12-28,STN_COASTAL,32.7,-117.2,3.2,1.8,72.1,15.2,1016.4,86.0
2021-12-29,STN_NORTH,48.0,-122.3,-2.2,0.5,79.2,4.8,1016.9,20.0
2021-12-29,STN_CENTRAL,37.8,-122.4,11.5,0,65.2,14.0,1016.4,72.0
2021-12-29,STN_SOUTH,34.0,-118.2,7.0,1.7,55.4,21.6,1012.0,66.0
2021-12-29,STN_INLAND,36.7,-119.8,1.1,0,61.1,11.4,1014.5,55.0
2021-12-29,STN_COASTAL,32.7,-117.2,9.1,0,73.5,5.6,1017.2,41.0
2021-12-30,STN_NORTH,48.0,-122.3,2.9,5.3,46.1,5.2,1015.9,59.0
2021-12-30,STN_CENTRAL,37.8,-122.4,4.0,0,99.2,11.9,1013.6,40.0
2021-12-30,STN_SOUTH,34.0,-118.2,2.3,0.7,82.8,12.2,1017.8,76.0
2021-12-30,STN_INLAND,36.7,-119.8,11.6,2.1,72.0,9.4,1003.2,42.0
2021-12-30,STN_COASTAL,32.7,-117.2,5.2,0,66.0,13.5,1013.1,57.0
